ACCESSION_NUMBER	REPORTCALENDARORQUARTER	ISAMENDMENT	AMENDMENTNO	AMENDMENTTYPE	CONFDENIEDEXPIRED	DATEDENIEDEXPIRED	DATEREPORTED	REASONFORNONCONFIDENTIALITY	FILINGMANAGER_NAME	FILINGMANAGER_STREET1	FILINGMANAGER_STREET2	FILINGMANAGER_CITY	FILINGMANAGER_STATEORCOUNTRY	FILINGMANAGER_ZIPCODE	REPORTTYPE	FORM13FFILENUMBER	CRDNUMBER	SECFILENUMBER	PROVIDEINFOFORINSTRUCTION5	ADDITIONALINFORMATION
0001991340-25-000003	30-SEP-2025								Strategic Advocates LLC	55 SOUTH MAIN #100		LOGAN	UT	84321	13F HOLDINGS REPORT	028-23432	000316858	801-126262	N	
0001172661-25-005225	30-SEP-2025	N							Lantern Wealth Advisors, LLC	35 PINELAWN ROAD	SUITE 101E	MELVILLE	NY	11747	13F HOLDINGS REPORT	028-23877	000147420	801-79035	N	
0000019617-25-001093	30-SEP-2025	Y	1	NEW HOLDINGS					JPMORGAN CHASE & CO	383 MADISON AVENUE		NEW YORK	NY	10017	13F HOLDINGS REPORT	028-00694			N	
0001420506-25-003503	30-JUN-2025	Y	1	RESTATEMENT	N				Evelyn Partners Investment Management Services Ltd	45 Gresham Street		London	X0	EC2V 7BG	13F HOLDINGS REPORT	028-25686			N	
0002095947-25-000001	30-SEP-2025								KERR FINANCIAL PLANNING Corp	7255 N FIRST STREET	SUITE 101	FRESNO	CA	93720	13F HOLDINGS REPORT	028-25892	000277142	801-133713	N	
0000884548-25-000006	30-SEP-2025								CONNORS INVESTOR SERVICES INC	CONNORS INVESTOR SERVICES	1210 BROADCASTING ROAD	WYOMISSING	PA	19610	13F HOLDINGS REPORT	028-03751			N	
0002024333-25-000006	30-SEP-2025								ALEXANDER LABRUNERIE & CO., INC.	601 NIFONG BLVD.	SUITE 3B	COLUMBIA	MO	65203-6804	13F HOLDINGS REPORT	028-24193	000117153	801-108708	N	
0001085146-25-006013	30-SEP-2025	Y	1	RESTATEMENT	N				WJ Wealth Management, LLC	18275 NORTH 59TH AVENUE B-112		GLENDALE	AZ	85308	13F HOLDINGS REPORT	028-19724			N	
0000890163-25-000012	30-SEP-2025	N							Kimelman & Baird, LLC	800 Third Avenue	Suite 2300	New York	NY	10022	13F HOLDINGS REPORT	028-11298			N	
0001420506-25-003485	30-SEP-2025	N							CHELSEA COUNSEL CO	5855 Topanga canyon blvd.	SUITE 210	Woodland Hills	CA	91367	13F HOLDINGS REPORT	028-10847			N	
0001766918-25-000003	30-SEP-2025	N							Opes Wealth Management LLC	535 MIDDLEFIELD ROAD	SUITE 160	MENLO PARK	CA	94025	13F HOLDINGS REPORT	028-19481	000299704	801-114436	N	
0001483824-25-000007	30-SEP-2025								TD Capital Management LLC	5100 POPLAR AVENUE	SUITE 2904	MEMPHIS	TN	38137	13F HOLDINGS REPORT	028-13750			N	
0001252007-25-000008	30-SEP-2025								GRAYBILL WEALTH MANAGEMENT, LTD.	135 S. COTTAGE HILL AVE		ELMHURST	IL	60126	13F HOLDINGS REPORT	028-10614			N	
0001544204-25-000011	30-SEP-2025	Y	1	RESTATEMENT					Liontrust Investment Partners LLP	2 SAVOY COURT		LONDON	X0	WC2R 0EZ	13F HOLDINGS REPORT	028-20650			Y	Q2 data submitted for Q3 in error
0001544204-25-000010	30-SEP-2025								Liontrust Investment Partners LLP	2 SAVOY COURT		LONDON	X0	WC2R 0EZ	13F HOLDINGS REPORT	028-20650			N	
0001298088-25-000031	30-SEP-2025								CIBC Private Wealth Group LLC	3290 NORTHSIDE PARKWAY	7TH FLOOR	ATLANTA	GA	30327	13F HOLDINGS REPORT	028-10949			N	
0001657733-25-000006	30-SEP-2025								Watts Gwilliam & Co., LLC	2730 S. VAL VISTA DR.	STE 124	GILBERT	AZ	85295	13F HOLDINGS REPORT	028-24179			N	
0001298088-25-000030	30-SEP-2025	Y	1	RESTATEMENT					CIBC Bancorp USA Inc.	120 SOUTH LASALLE	LEGAL DEPARTMENT - 4TH FLOOR	CHICAGO	IL	60603	13F HOLDINGS REPORT	028-21342			N	
0001140361-25-042957	30-JUN-2025	Y	1	NEW HOLDINGS					Royal Bank of Canada	ROYAL BANK PLAZA	200 BAY STREET	TORONTO	A6	M5J 2J5	13F HOLDINGS REPORT	028-11396			N	
0001140361-25-042953	31-MAR-2025	Y	1	RESTATEMENT					ROYAL BANK OF CANADA	ROYAL BANK PLAZA	200 BAY STREET	TORONTO	A6	M5J 2J5	13F HOLDINGS REPORT	028-11396			N	
0001890149-25-000009	30-SEP-2025								Bell Investment Advisors, Inc	2 THEATRE SQUARE, SUITE 315		ORINDA	CA	94563	13F HOLDINGS REPORT	028-21406	000108383	028-21406	N	
0001754960-25-000800	30-SEP-2025	Y	1	RESTATEMENT					TCFG WEALTH MANAGEMENT, LLC	28202 CABOT ROAD, SUITE 300		LAGUNA NIGUEL	CA	92677	13F HOLDINGS REPORT	028-24390			N	
0001172661-25-005216	30-SEP-2025	N							Blue Fin Capital, Inc.	91 Main Street	Suite 118	Warren	RI	02885	13F HOLDINGS REPORT	028-15760	000108451	801-56127	N	
0001172661-25-005215	31-MAR-2025	N							Blue Fin Capital, Inc.	91 Main Street	Suite 118	Warren	RI	02885	13F HOLDINGS REPORT	028-15760	000108451	801-56127	N	
0001569667-25-000013	30-SEP-2025								OARSMAN CAPITAL, INC.	790 N. WATER ST., STE 1850		MILWAUKEE	WI	53202	13F HOLDINGS REPORT	028-15412	000109993		N	
0002034793-25-000011	30-SEP-2025								Ariadne Wealth Management, LP	1255 COAST VILLAGE RD	201A	SANTA BARBARA	CA	93108	13F HOLDINGS REPORT	028-24343	000170999	801-106829	N	
0001847772-25-000005	30-SEP-2025								EMC Capital Management	6363 WOODWAY DR	SUITE 763	HOUSTON	TX	77057	13F HOLDINGS REPORT	028-21069			N	
0001397424-25-000011	30-SEP-2025								WBI INVESTMENTS, LLC	331 NEWMAN SPRINGS ROAD	SUITE 143	RED BANK	NJ	07701	13F HOLDINGS REPORT	028-12525			N	
0001845536-25-000005	30-SEP-2025								Kensington Investment Counsel, LLC	5580 E 2ND STREET	SUITE 209	LONG BEACH	CA	90803	13F HOLDINGS REPORT	028-20923	000108012		N	
0000891943-25-000011	30-SEP-2025								CENTAURUS FINANCIAL, INC.	2300 E. KATELLA AVENUE	SUITE #200	ANAHEIM	CA	92806	13F HOLDINGS REPORT	028-18315	000030833	801-56882	N	
0000900974-25-000010	30-SEP-2025	Y	1	RESTATEMENT					Wilmington Savings Fund Society, FSB	500 DELAWARE AVENUE		WILMINGTON	DE	19801	13F HOLDINGS REPORT	028-03674			N	
0001656282-25-000008	30-SEP-2025								First Affirmative Financial Network	5475 MARK DABLING BLVD.	SUITE 108	COLORADO SPRINGS	CO	80918	13F HOLDINGS REPORT	028-21383	000109036	028-21383	N	
0001475896-25-000006	30-SEP-2025								Asset Dedication, LLC	220 MONTGOMERY ST.	SUITE 1098	SAN FRANCISCO	CA	94104	13F HOLDINGS REPORT	028-17338			N	
0001951757-25-001452	30-SEP-2025								MAYPORT, LLC	300 WASHINGTON STREET	SUITE 814	NEWTON	MA	02458	13F HOLDINGS REPORT	028-22414			N	
0001862682-25-000002	30-SEP-2025	N							Caerus Investment Advisors, LLC	311 LAUREL VALLEY ROAD		WEST LAKE HILLS	TX	78746	13F HOLDINGS REPORT	028-21712			N	
0002071844-25-000489	30-JUN-2025	Y	1	RESTATEMENT					LOM Asset Management Ltd	27 REID STREET		HAMILTON	D0	HM11	13F HOLDINGS REPORT	028-25692			N	
0002011649-25-000008	30-SEP-2025								UP STRATEGIC WEALTH INVESTMENT ADVISORS LLC	444 LIBERTY AVE	SUITE 1400	PITTSBURGH	PA	15222	13F HOLDINGS REPORT	028-23748	000166742	801-130392	N	
0001398344-25-021081	30-SEP-2025	N							Faithward Advisors, LLC	275 HESS BLVD		LANCASTER	PA	17601	13F HOLDINGS REPORT	028-19635	000116978	801-61471	N	
0001062993-25-016949	30-SEP-2025	N							Sunbelt Securities, Inc.	2700 POST OAK BLVD, SUITE 1700		HOUSTON	TX	77056	13F HOLDINGS REPORT	028-16583	000042180	801-71479	N	
0001062993-25-016947	30-SEP-2025	N							CAPTRUST FINANCIAL ADVISORS	4208 SIX FORKS ROAD, SUITE 1700		RALEIGH	NC	27609	13F HOLDINGS REPORT	028-14079	000175112	801-62193	N	
0001082339-25-000008	30-SEP-2025								COLDSTREAM CAPITAL MANAGEMENT INC	ONE 100TH AVENUE NE	SUITE 102	BELLEVUE	WA	98004	13F HOLDINGS REPORT	028-04387			N	
0001062993-25-016944	30-SEP-2025	N							Aldebaran Financial Inc.	200 COLONIAL HEIGHTS RD.		KINGSPORT	TN	37663	13F HOLDINGS REPORT	028-15879			N	
0001104659-25-114006	30-SEP-2025	Y	1	RESTATEMENT	N				DANSKE BANK A/S	HOLMENS KANAL 2-12		COPENHAGEN K	G7	1092	13F HOLDINGS REPORT	028-25849			N	
0001281761-25-000084	30-SEP-2025	Y	1	NEW HOLDINGS					REGIONS FINANCIAL CORP	1900 FIFTH AVENUE NORTH		BIRMINGHAM	AL	35203	13F HOLDINGS REPORT	028-10938			N	
0001281761-25-000083	30-SEP-2025								REGIONS FINANCIAL CORP	1900 FIFTH AVENUE NORTH		BIRMINGHAM	AL	35203	13F HOLDINGS REPORT	028-10938			N	
0001963355-25-000013	30-SEP-2025								Caitong International Asset Management Co., Ltd	UNIT 2401-05, GRAND MILLENNIUM PLAZA	181 QUEEN'S ROAD CENTRAL	HONG KONG	K3	00000	13F HOLDINGS REPORT	028-25133			N	
0001598304-25-000003	30-SEP-2025								GM Advisory Group, LLC	400 BROADHOLLOW ROAD	SUITE 301	MELVILLE	NY	11747	13F HOLDINGS REPORT	028-15726	000147592	801-69418	N	
0001012622-25-000003	30-SEP-2025	N							ORACLE INVESTMENT MANAGEMENT INC	500 WEST PUTNAM AVENUE		GREENWICH	CT	06830	13F HOLDINGS REPORT	028-05592	000138127	801-73596	N	
0001992879-25-000005	30-SEP-2025								Second Line Capital, LLC	2800 VETERANS MEMORIAL BLVD.	SUITE 220	METAIRIE	LA	70002	13F HOLDINGS REPORT	028-23666	000324386		N	
0001628280-25-052950	30-SEP-2025	Y	1	NEW HOLDINGS	N				Silvant Capital Management LLC	3333 PIEDMONT ROAD, NE	SUITE 1500	ATLANTA	GA	30305	13F HOLDINGS REPORT	028-18744	000146025	801-68741	N	
0001573876-25-000020	30-SEP-2025	N							Advisory Services Network, LLC	6600 Peachtree Dunwoody Rd.	Embassy Row 600, Suite 575	Atlanta	GA	30328	13F HOLDINGS REPORT	028-15454			N	
0001764970-25-000008	30-SEP-2025								Kozak & Associates, Inc.	1745 SHEA CENTER DRIVE, SUITE 345		HIGHLANDS RANCH	CO	80129	13F HOLDINGS REPORT	028-21058			N	
0001844709-25-000009	30-SEP-2025	Y	1	RESTATEMENT					San Luis Wealth Advisors LLC	735 TANK FARM ROAD	SUITE 264	SAN LUIS OBISPO	CA	93401	13F HOLDINGS REPORT	028-20584			N	
0001172661-25-005201	30-SEP-2025	N							Raab & Moskowitz Asset Management LLC	10 Townsquare, Suite 100		Chatham	NJ	07928	13F HOLDINGS REPORT	028-16254	000111987	801-58135	N	
0001665337-25-000008	30-SEP-2025								Integrated Investment Consultants, LLC	40950 WOODWARD AVE	SUITE 350	BLOOMFIELD HILLS	MI	48304	13F HOLDINGS REPORT	028-17289	000175299		N	
0001376772-25-000007	30-SEP-2025								Dorsey Wright & Associates	790 EAST COLORADO BLVD., STE. 550		PASADENA	CA	91101	13F HOLDINGS REPORT	028-12076			N	
0001754960-25-000799	30-SEP-2025								TCFG WEALTH MANAGEMENT, LLC	28202 CABOT ROAD, SUITE 300		LAGUNA NIGUEL	CA	92677	13F HOLDINGS REPORT	028-24390			N	
0001993888-25-000019	30-SEP-2025								Pictet Asset Management Holding SA	ROUTE DES ACACIAS 60		CAROUGE	V8	1227	13F HOLDINGS REPORT	028-23450			N	
0002085853-25-000286	30-SEP-2025	N							Vertex Planning Partners, LLC	3000 Woodcreek Drive	Suite 100	Downers Grove	IL	60515	13F COMBINATION REPORT	028-22820	000316839	801-122980	N	
0001882673-25-000008	30-SEP-2025								US Asset Management LLC	211 N. WHITFIELD STREET	SUITE 201	PITTSBURGH	PA	15206	13F HOLDINGS REPORT	028-21392			N	
0001193125-25-285274	30-SEP-2025	N							Livforsakringsbolaget Skandia, Omsesidigt	Lindhagensgatan 86		Stockholm	V7	SE-106 55	13F HOLDINGS REPORT	028-14938			N	
0001214659-25-016845	30-SEP-2025	N							Apexium Financial, LP	1920 Mckinney Avenue	Suite 700	Dallas	TX	75201	13F HOLDINGS REPORT	028-19109			N	
0001729443-25-000002	30-SEP-2025	N							Garrett Wealth Advisory Group, LLC	201 FORT WORTH HWY.		WEATHERFORD	TX	76086	13F HOLDINGS REPORT	028-19448			N	
0001853322-25-000011	30-SEP-2025	Y	1	RESTATEMENT					DARK FOREST CAPITAL MANAGEMENT LP	60 CHARLTON STREET	5TH FLOOR	NEW YORK	NY	10014	13F HOLDINGS REPORT	028-21354	000031251	801-120433	N	
0001905128-25-000010	30-SEP-2025								American Trust	2525 HARRODSBURG RD	SUITE 300	LEXINGTON	KY	40504	13F COMBINATION REPORT	028-22385			N	
0002097037-25-000003	30-SEP-2025	N							Equity Wealth Partners, LLC	4700 S Cedar Crest Ct		Independence	MO	64055	13F HOLDINGS REPORT	028-25881	000317224	801-122943	N	
0001104659-25-113165	30-SEP-2025	N							Hilltop Partners LLC	527 PARK PLACE	SUITE 100	MISHAWAKA	IN	46545	13F HOLDINGS REPORT	028-23043	000290981	801-115255	N	
0001999371-25-018008	30-SEP-2025	N							FWL INVESTMENT MANAGEMENT, LLC	3102 Oak Lawn Avenue	Suite 750	Dallas	TX	75219	13F HOLDINGS REPORT	028-20432	000174119	801-110851	N	
0001094584-25-000005	30-SEP-2025								PIN OAK INVESTMENT ADVISORS INC	510 BERING	SUITE 100	HOUSTON	TX	77057	13F HOLDINGS REPORT	028-05631			N	
0002011850-25-000007	30-SEP-2025								Optimist Retirement Group LLC	11400 SE 8TH ST. #465		BELLEVUE	WA	98004	13F HOLDINGS REPORT	028-23965	000119086	801-114109	N	
0001214659-25-016789	30-SEP-2025	N							Avondale Wealth Management	4407 BEE CAVE ROAD, SUITE 421		WEST LAKE HILLS	TX	78746	13F HOLDINGS REPORT	028-18730			N	
0001104659-25-113133	30-SEP-2025	N							Camelot Portfolios, LLC	1700 Woodlands Drive	Suite 100	Maumee	OH	43537	13F COMBINATION REPORT	028-15429			N	
0002085853-25-000285	30-SEP-2025	N							Eaton Financial Holdings Company, LLC	11555 Heron Bay Boulevard	Suite 200	Coral Springs	FL	33076	13F HOLDINGS REPORT	028-23172	000316323	801-122301	N	
0001193125-25-284421	30-SEP-2025	N							HANCOCK WHITNEY CORP	ONE HANCOCK WHITNEY PLAZA	P O BOX 4019	GULFPORT	MS	39501	13F COMBINATION REPORT	028-05671			N	
0001172661-25-005199	30-SEP-2025	Y	1	NEW HOLDINGS	N				KDT Advisors, LLC	103 CARNEGIE CENTER	SUITE 300	PRINCETON	NJ	08540	13F HOLDINGS REPORT	028-25238	000289816	801-111805	N	
0002013339-25-000006	30-SEP-2025								Abel Hall, LLC	9270 SIEGEN LANE STE 202		BATON ROUGE	LA	70810	13F HOLDINGS REPORT	028-23994			N	
0001214659-25-016774	30-SEP-2025	N							Financial Engines Advisors L.L.C.	3945 FREEDOM CIRCLE	SUITE 450	SANTA CLARA	CA	95054	13F HOLDINGS REPORT	028-12703			N	
0001172661-25-005197	30-SEP-2025	N							Harvest Investment Services, LLC	1 Transam Plaza Drive	Suite 230	Oakbrook Terrace	IL	60181	13F HOLDINGS REPORT	028-19357	000159390	801-79232	N	
0001765380-25-000503	30-SEP-2025	Y	1	RESTATEMENT					Keystone Financial Group	527 WELLINGTON WAY, STE 225		LEXINGTON	KY	40503	13F HOLDINGS REPORT	028-18307			N	
0001434323-25-000005	30-SEP-2025								Palisade Asset Management, LLC	100 SOUTH FIFTH STREET, SUITE 420		MINNEAPOLIS	MN	55402	13F HOLDINGS REPORT	028-13058			N	
0001999371-25-017982	30-SEP-2025	N							FSA Wealth Management LLC	144 Gould Street	Suite 120	Needham	MA	02494	13F HOLDINGS REPORT	028-20176	000288525	801-110991	N	
0000884414-25-000005	30-SEP-2025	N							JACOBS LEVY EQUITY MANAGEMENT, INC	100 CAMPUS DRIVE	P.O. BOX 650	FLORHAM PARK	NJ	07932	13F COMBINATION REPORT	028-03059			N	
0001962449-25-000007	30-SEP-2025								Kestra Investment Management, LLC	5707 SOUTHWEST PARKWAY	BUILDING 2, SUITE 400	AUSTIN	TX	78735	13F HOLDINGS REPORT	028-24349			N	
0001682021-25-000013	30-SEP-2025	N							Vivaldi Capital Management LP	225 W. WACKER DRIVE - SUITE 2100		CHICAGO	IL	60606	13F HOLDINGS REPORT	028-18047			N	
0001046192-25-000019	30-SEP-2025								CANADA LIFE ASSURANCE Co	100 OSBORNE STREET NORTH		WINNIPEG	A2	R3C 1V3	13F COMBINATION REPORT	028-10601			N	
0002051323-25-000025	30-SEP-2025								CAXTON ASSOCIATES LLP	20 CARLTON HOUSE TERRACE	2ND FLOOR	LONDON	X0	SW1Y 5AN	13F HOLDINGS REPORT	028-25611	000132823	801-63731	N	
0001905669-25-000005	30-SEP-2025								Synergy Financial Group, LTD	2710 CROW CANYON RD	#1065	SAN RAMON	CA	94583	13F HOLDINGS REPORT	028-21808	000309961		N	
0000897069-25-001709	30-SEP-2025	N							Perritt Capital Management Inc	300 South Wacker Drive		Chicago	IL	60606	13F HOLDINGS REPORT	028-10646			N	
0001172661-25-005150	30-SEP-2025	N							Alyeska Investment Group, L.P.	77 WEST WACKER DRIVE	7TH FLOOR	CHICAGO	IL	60601	13F HOLDINGS REPORT	028-13284	000155058	801-71962	N	
0001213900-25-111189	30-SEP-2025	N							NewEdge Advisors, LLC	858 CAMP STREET		NEW ORLEANS	LA	70130	13F HOLDINGS REPORT	028-16626			N	
0001086763-25-000016	30-SEP-2025	N							FIRST FOUNDATION ADVISORS	18101 Von Karman Avenue	Ste 700	Irvine	CA	92612	13F HOLDINGS REPORT	028-05785			N	
0001849529-25-000004	30-SEP-2025								Revere Asset Management, Inc	17103 PRESTON ROAD #225N		DALLAS	TX	75249	13F HOLDINGS REPORT	028-25880			N	
0001649451-25-000009	30-SEP-2025								KESTRA PRIVATE WEALTH SERVICES, LLC	5707 SOUTHWEST PARKWAY	BLDG 2 STE 400	AUSTIN	TX	78735	13F HOLDINGS REPORT	028-20365			N	
0002013390-25-000004	30-SEP-2025								CacheTech Inc.	701 S MAIN	STE 400	LOGAN	UT	84321	13F COMBINATION REPORT	028-24255			N	
0001730765-25-000008	30-SEP-2025								Triumph Capital Management	1610 WYNKOOP STREET	SUITE 550	DENVER	CO	80202	13F HOLDINGS REPORT	028-21297	000282814	801-107312	N	
0002008513-25-000004	30-SEP-2025								Turning Point Benefit Group, Inc.	7210 CORPORATE COURT, SUITE A		FREDERICK	MD	21703	13F HOLDINGS REPORT	028-24722	000301282	801-116895	N	
0002096913-25-000001	30-SEP-2025								SHUTTLEWORTH & Co	3807 ATTUCKS DRIVE		POWELL	OH	43065	13F HOLDINGS REPORT	028-25879	000121382		N	
0001698926-25-000007	30-SEP-2025								Adalta Capital Management LLC	445 PARK AVENUE	SUITE 16D	NEW YORK	NY	10022	13F HOLDINGS REPORT	028-18082	000283771	801-107823	N	
0001729254-25-000006	30-SEP-2025								Front Row Advisors LLC	1100 MAR WEST ST.	SUITE C	TIBURON	CA	94920	13F HOLDINGS REPORT	028-18239			N	
0001398344-25-021002	30-SEP-2025	N							Silicon Valley Capital Partners	1731 TECHNOLOGY DRIVE, SUITE 810		SAN JOSE	CA	95110	13F HOLDINGS REPORT	028-17464	000125114	801-62004	N	
0001390202-25-000003	30-SEP-2025	N							Laurion Capital Management LP	360 MADISON AVENUE	SUITE 2000	NEW YORK	NY	10017	13F HOLDINGS REPORT	028-12437	000161278	801-73253	N	
0001564702-25-000027	30-SEP-2025								PDT Partners, LLC	60 Columbus Circle	18th Floor	New York	NY	10023	13F HOLDINGS REPORT	028-15351	000163776	028-15351	N	
0001213900-25-111112	30-SEP-2025	N							CYBER HORNET ETFs LLC	200 2ND AVE. SOUTH #737		Saint Petersburg	FL	33701	13F HOLDINGS REPORT	028-24458			N	
0001801674-25-000002	30-SEP-2025	N							WJ Wealth Management, LLC	18275 NORTH 59TH AVENUE B-112		GLENDALE	AZ	85308	13F HOLDINGS REPORT	028-19724			N	
0001172661-25-005127	30-SEP-2025	N							ZACKS INVESTMENT MANAGEMENT	10 S. Riverside Plaza	Suite 1600	Chicago	IL	60606	13F HOLDINGS REPORT	028-04587	000110897	801-40592	N	
0001214659-25-016744	30-SEP-2025	N							Prairie Wealth Advisors, Inc.	10250 REGENCY CIR STE 115		OMAHA	NE	68114	13F HOLDINGS REPORT	028-24167			N	
0001172661-25-005126	30-SEP-2025	N							CREDIT AGRICOLE S A	12 Place des Etats-Unis		Montrouge Cedex	I0	92127	13F HOLDINGS REPORT	028-11373			Y	Due to fund restructuring, name changes will be submitted for Degroof Petercam Asset Services S.A. and CA Indosuez Wealth (Europe).  After approval of the changes, an amendment will be submitted for the Q3 2025 13F filing.
0001999371-25-017942	30-SEP-2025	N							Redwood Park Advisors LLC	3 TWIN DOLPHIN DRIVE	Suite 210	Redwood City	CA	94065	13F HOLDINGS REPORT	028-25037			N	
0001754960-25-000798	30-SEP-2025								Avior Wealth Management, LLC	14301 FIRST NATIONAL BANK PARKWAY	#110	OMAHA	NE	68154	13F HOLDINGS REPORT	028-15984			N	
0001765380-25-000502	30-SEP-2025								Keystone Financial Group	527 WELLINGTON WAY, STE 225		LEXINGTON	KY	40503	13F HOLDINGS REPORT	028-18307	000170201	801-79274	N	
0001172661-25-005124	30-SEP-2025	N							Ellevest, Inc.	228 Park Ave S.	Pmb 94934	New York	NY	10003-1502	13F HOLDINGS REPORT	028-18979	000175476	801-106683	N	
0001586767-25-000010	30-SEP-2025								Arax Advisory Partners	730 17TH STREET, SUITE 107		DENVER	CO	80202	13F HOLDINGS REPORT	028-17856			N	
0001536444-25-000008	30-SEP-2025								Camarda Financial Advisors, LLC	4371 US HIGHWAY 17	SUITE 201	FLEMING ISLAND	FL	32003	13F HOLDINGS REPORT	028-15155	000113784	801-61028	N	
0001333986-25-000070	30-SEP-2025								Equitable Holdings, Inc.	1345 AVENUE OF THE AMERICAS		NEW YORK	NY	10105	13F HOLDINGS REPORT	028-19172			Y	All media outlets, please contact Erik Bass (212-314-2476) with any questions.
0001952722-25-000002	30-SEP-2025								SWAN Capital LLC	107 W GREGORY ST		PENSACOLA	FL	32502	13F HOLDINGS REPORT	028-23261	000305793	801-127762	N	
0001172661-25-005120	30-SEP-2025	N							Freestone Grove Partners LP	One Market Plaza, Steuart Tower	9th Floor	San Francisco	CA	94105	13F HOLDINGS REPORT	028-25337	000328089	801-129178	N	
0001999371-25-017935	30-SEP-2025	N							KELLEHER FINANCIAL ADVISORS	100 Wall Street	Suite 804	NEW YORK	NY	10005	13F HOLDINGS REPORT	028-14077			N	
0002085853-25-000283	30-SEP-2025	N							Capstone Wealth Management Group LLC	404 Sw Columbia St	Ste 230	Bend	OR	97702	13F HOLDINGS REPORT	028-25525			N	
0001606507-25-000008	30-SEP-2025								Arlington Capital Management, Inc.	21 S EVERGREEN AVE	100	ARLINGTON HEIGHTS	IL	60005	13F HOLDINGS REPORT	028-16665			N	
0001172661-25-005117	30-SEP-2025	N							TRUE Private Wealth Advisors	388 State St Suite 1000		Salem	OR	97301	13F HOLDINGS REPORT	028-17403	000164947	801-76997	N	
0001172661-25-005113	30-SEP-2025	N							Amundi	91-93 Boulevard Pasteur		Paris	I0	75015	13F HOLDINGS REPORT	028-11416			N	
0001398344-25-020999	30-SEP-2025	N							CARDIFF PARK ADVISORS, LLC	338 VIA VERA CRUZ SUITE 240		SAN MARCOS	CA	92078	13F HOLDINGS REPORT	028-22213	000126752	801-66660	N	
0001658652-25-000004	30-SEP-2025	N							Terra Nova Asset Management LLC	777 THIRD AVENUE		NEW YORK	NY	10017	13F HOLDINGS REPORT	028-17051	000111676	801-55603	N	
0001358828-25-000005	30-SEP-2025	N							Financial Sense Advisors, Inc.	10920 VIA FRONTERA	SUITE 500	SAN DIEGO	CA	92127	13F HOLDINGS REPORT	028-11894			N	
0001665241-25-000003	30-SEP-2025	N							Schonfeld Strategic Advisors LLC	590 MADISON AVENUE	23RD FLOOR	NEW YORK	NY	10022	13F HOLDINGS REPORT	028-17469	000281984	801-106963	N	
0001911348-25-000008	30-SEP-2025								JOSH ARNOLD INVESTMENT CONSULTANT, LLC	6800 FRANCE AVENUE SOUTH, #325		EDINA	MN	55435	13F HOLDINGS REPORT	028-22238	000163088	801-120651	N	
0001167557-25-000065	30-SEP-2025	N							AQR CAPITAL MANAGEMENT LLC	ONE GREENWICH PLAZA	SUITE 130	Greenwich	CT	06830	13F COMBINATION REPORT	028-10120	000111883	801-55543	N	
0001446114-25-000048	30-SEP-2025	N							Ancora Advisors LLC	6060 Parkland Boulevard, Suite 200		Cleveland	OH	44124	13F HOLDINGS REPORT	028-13214			N	
0000720005-25-000087	30-SEP-2025								RAYMOND JAMES FINANCIAL INC	880 CARILLON PKWY		ST. PETERSBURG	FL	33716	13F HOLDINGS REPORT	028-24793			Y	Starting with the quarter ending (December 31,2024), the Reporting Person is filing form 13F-HR to report the positions in Section 13(f) Securities over which its subsidiaries exercise investment discretion, and the subsidiaries that exercise investment discretion over $100 million in Section 13(f) Securities will file Form 13F-NT and identify the Reporting Person as the Other Manager filed Form 13F-HR to report the positions in Section 13(f) Securities over which such subsidiary directly or indirectly exercised investment discretion, and certain other subsidiaries filed Form 13F-NT.
0001540235-25-000008	30-SEP-2025								Creative Planning	5454 W.110TH STREET		OVERLAND PARK	KS	66211	13F HOLDINGS REPORT	028-14616	000105348	801-18564	N	
0001207017-25-000074	30-SEP-2025								LAZARD ASSET MANAGEMENT LLC	30 ROCKEFELLER PLZ	56TH FL.	NEW YORK	NY	10112	13F COMBINATION REPORT	028-10469			N	
0001062993-25-016846	30-SEP-2025	N							Concorde Asset Management, LLC	3909 RESEARCH PARK DRIVE, SUITE 200		ANN ARBOR	MI	48108	13F HOLDINGS REPORT	028-16513	000140367	801-74519	N	
0000913760-25-000188	30-SEP-2025	N							StoneX Group Inc.	230 PARK AVE	10TH FLOOR	NEW YORK	NY	10169	13F HOLDINGS REPORT	028-17573			N	
0001765380-25-000501	30-SEP-2025								RPS ADVISORY SOLUTIONS LLC	3432 STONY SPRING CIRCLE		LOUISVILLE	KY	40220	13F HOLDINGS REPORT	028-24234	000311575	801-119926	N	
0001757617-25-000003	30-SEP-2025								Full Sail Capital, LLC	124 N.W. 10TH ST		OKLAHOMA CITY	OK	73103	13F HOLDINGS REPORT	028-19336	000291368	801-112427	N	
0001104659-25-112613	30-SEP-2025	N							Hilltop Holdings Inc.	6565 HILLCREST AVE.		DALLAS	TX	75205	13F HOLDINGS REPORT	028-15359			N	
0001278573-25-000012	30-SEP-2025	N							Destination Wealth Management	1255 Treat Blvd. Suite 900		Walnut Creek	CA	94597	13F HOLDINGS REPORT	028-10716	000110365	801-53077	N	
0001172661-25-005079	30-SEP-2025	N							Garden State Investment Advisory Services LLC	328 Newman Springs Rd		Red Bank	NJ	07701	13F HOLDINGS REPORT	028-22939	000133088	801-79500	N	
0001062993-25-016842	30-SEP-2025	N							Voleon Capital Management LP	1919 SHATTUCK AVENUE, FLOORS 6-7		BERKELEY	CA	94704	13F HOLDINGS REPORT	028-13764			N	
0001172661-25-005078	30-SEP-2025	N							Ausdal Financial Partners, Inc.	5187 Utica Ridge Rd		Davenport	IA	52807	13F COMBINATION REPORT	028-17378	000007995	801-69266	N	
0001607866-25-000002	30-SEP-2025	N							FAGAN ASSOCIATES, INC.	767 HOOSICK ROAD		TROY	NY	12180	13F HOLDINGS REPORT	028-16157			N	
0001769897-25-000002	30-SEP-2025	N							GREAT VALLEY ADVISOR GROUP, INC.	1200 PENNSYLVANIA AVE	SUITE 202	WILMINGTON	DE	19806	13F HOLDINGS REPORT	028-19465			N	
0000886982-25-001521	30-SEP-2025								GOLDMAN SACHS GROUP INC	200 WEST STREET		NEW YORK	NY	10282	13F HOLDINGS REPORT	028-04981			N	
0001172661-25-005072	30-SEP-2025	N							Owl Creek Asset Management, L.P.	640 Fifth Avenue	20th Floor	New York	NY	10019	13F HOLDINGS REPORT	028-11037	000139371	801-66113	N	
0000902664-25-005056	30-SEP-2025	N							Cubist Systematic Strategies, LLC	72 Cummings Point Road		Stamford	CT	06902	13F HOLDINGS REPORT	028-16258	000292081		Y	The Reporting Manager, Cubist Systematic Strategies, LLC, is under common control with Point72 Asset Management, L.P. (Form 13F File Number 028-16256), 72 Investment Holdings, LLC (Form 13F File Number 028-20409), Point72 Hong Kong Ltd (Form 13F File Number 028-16027), Point72 Europe (London) LLP (Form 13F File Number 028-17887), Point72 Italy, S.r.l. (Form 13F File Number 028-23927), Point72 Middle East FZE (Form 13F File Number 028-23094), Point72 (DIFC) Ltd. (Form 13F File Number 028-24178), CPV Partners, LLC (Form 13F File Number 028-19347), and Point72 Asia (Singapore) Pte. Ltd. (Form 13F File Number 028-17282). * Positions that are exempt from reporting under Special Instruction 10 to the Form 13F are excluded from this report. However, positions that would not be exempt when aggregated with positions of the same security held by (i) the Other Included Managers or (ii) certain affiliates of the Reporting Manager and reported on their own Forms 13F, are listed herein.
0000902664-25-005055	30-SEP-2025	N							Jain Global LLC	9 WEST 57TH STREET	39TH FLOOR	NEW YORK	NY	10019	13F HOLDINGS REPORT	028-25324	000330309	801-130397	N	
0001420506-25-003428	30-SEP-2025	N							Evelyn Partners Investment Management Services Ltd	45 Gresham Street		London	X0	EC2V 7BG	13F HOLDINGS REPORT	028-25686			N	
0000902664-25-005050	30-SEP-2025	N							Point72 (DIFC) Ltd	L34-02, Level 34	ICD Brookfield Place	Dubai	C0	00000	13F HOLDINGS REPORT	028-24178	000330656		Y	The Reporting Manager, Point72 (DIFC) Limited, is under common control with Point72 Asset Management, L.P. (Form 13F File Number 028-16256), Cubist Systematic Strategies, LLC (Form 13F File Number 028-16258), Point72 Hong Kong Ltd (Form 13F File Number 028-16027), Point72 Europe (London) LLP (Form 13F File Number 028-17887), Point72 Italy, S.r.l. (Form 13F File Number 028-23927), Point72 Asia (Singapore) Pte. Ltd. (Form 13F File Number 028-17282), Point72 Middle East FZE  (Form 13F File Number 028-23094), CPV Partners, LLC (Form 13F File Number 028-19347), and 72 Investment Holdings, LLC (Form 13F File Number 028-20409). * Positions that are exempt from reporting under Special Instruction 10 to the Form 13F are excluded from this report. However, positions that would not be exempt when aggregated with positions of the same security held by (i) the Other Included Managers or (ii) certain affiliates of the Reporting Manager and reported on their own Forms 13F, are listed herein.
0001951757-25-001443	30-SEP-2025								Round Rock Advisors, LLC	187 DANBURY ROAD	SUITE 201	WILTON	CT	06897	13F HOLDINGS REPORT	028-21052			N	
0000899140-25-001318	30-SEP-2025	N							Zurich Insurance Group Ltd/FI	MYTHENQUAI 2		Zurich	V8	8002	13F HOLDINGS REPORT	028-17038			N	
0002010710-25-000008	30-SEP-2025								JPL Wealth Management, LLC	5300 DTC PKWY	SUITE 100	GREENWOOD VILLAGE	CO	80111	13F HOLDINGS REPORT	028-23678			N	
0000905148-25-004026	30-SEP-2025	N							Brevan Howard Capital Management LP	6TH FLOOR	37 ESPLANADE	ST. HELIER	Y9	JE2 3QA	13F HOLDINGS REPORT	028-14379	000161292	802-74971	Y	"*NOTE: The investment manager filing this report is deemed to have investment discretion with respect to securities over which Brevan Howard (Hong Kong) Limited (""BHHK""), Brevan Howard Investment Products Limited (""BHIPL""), Brevan Howard Cayman SEZC Limited (""BHCSL""), Brevan Howard Investment Management Limited (""BHIM""), Brevan Howard US Investment Management LP (""BHUS""), Brevan Howard (Tel Aviv) Limited (""BHTA"") and Brevan Howard Private Limited (""BHPL""), subsidiaries of the investment manager, exercise investment discretion as a result of the investment manager having control over BHHK, BHIPL, BHCSL, BHIM, BHUS, BHTA and BHPL."
0000902664-25-005042	30-SEP-2025	N							Point72 Asset Management, L.P.	72 Cummings Point Road		Stamford	CT	06902	13F COMBINATION REPORT	028-16256	000283077	801-107348	Y	The Reporting Manager, Point72 Asset Management, L.P., is under common control with Cubist Systematic Strategies, LLC (Form 13F File Number 028-16258), 72 Investment Holdings, LLC (Form 13F File Number 028-20409), Point72 Hong Kong Ltd (Form 13F File Number 028-16027), Point72 Europe (London) LLP (Form 13F File Number 028-17887), Point72 Italy, S.r.l. (Form 13F File Number 028-23927), Point72 Middle East FZE (Form 13F File Number 028-23094), Point72 (DIFC) Limited (Form 13F File Number 028-24178), CPV Partners, LLC (Form 13F File Number 028-19347), and Point72 Asia (Singapore) Pte. Ltd. (Form 13F File Number 028-17282). * Positions that are exempt from reporting under Special Instruction 10 to the Form 13F are excluded from this report. However, positions that would not be exempt when aggregated with positions of the same security held by (i) the Other Included Managers or (ii) certain affiliates of the Reporting Manager and reported on their own Forms 13F, are listed herein.
0001502149-25-000029	30-SEP-2025								Transamerica Financial Advisors, LLC	6400 C STREET SW		CEDAR RAPIDS	IA	52499	13F COMBINATION REPORT	028-14018	000016164	8-33429	N	
0002050130-25-000006	30-SEP-2025								VestGen Advisors, LLC	1605 W COLONIAL PARKWAY		INVERNESS	IL	60067	13F HOLDINGS REPORT	028-25581	000318657	801-123390	N	
0002019084-25-000005	30-SEP-2025								KIRTLAND HILLS CAPITAL MANAGEMENT, LLC	1 BRATENAHL PLACE	SUITE 1201	BRATENAHL	OH	44108	13F HOLDINGS REPORT	028-24149			N	
0001081019-25-000025	30-SEP-2025								CALIFORNIA STATE TEACHERS RETIREMENT SYSTEM	100 WATERFRONT PLACE		WEST SACRAMENTO	CA	95605	13F HOLDINGS REPORT	028-04855			N	
0000919574-25-007011	30-SEP-2025	N							SYMMETRY PEAK MANAGEMENT LLC	555 East Lancaster Avenue	Suite 660	Radnor	PA	19087	13F HOLDINGS REPORT	028-12150	000129678		N	
0001172661-25-005053	30-SEP-2025	N							Qtron Investments LLC	200 High Street	5th Floor	Boston	MA	02110	13F HOLDINGS REPORT	028-19339	000285608	801-111732	N	
0002010327-25-000006	30-SEP-2025								Valley Financial Group, Inc.	311 LINDENWOLD AVE		AMBLER	PA	19002	13F HOLDINGS REPORT	028-23812	000312254	801-120325	N	
0002082744-25-000001	30-SEP-2025								Exit Wealth Advisors, LLC.	1266 WEST PACES FERRY ROAD	SUITE 223	ATLANTA	GA	30327	13F HOLDINGS REPORT	028-25876	000332573	801-134540	N	
0001637460-25-000003	30-SEP-2025	N							Man Group plc	RIVERBANK HOUSE, 2 SWAN LANE		LONDON	X0	EC4R 3AD	13F COMBINATION REPORT	028-18778			Y	Man Group plc, which is the institutional investment manager filing this Form 13F, is the parent company which indirectly, through various intermediate entities, controls the Other Included Managers that exercise investment discretion over Section 13(f) securities.  Based on this corporate structure, Man Group plc is deemed to have shared investment discretion over the Section 13(f) positions of each of the Other Included Managers.
0001420506-25-003416	30-SEP-2025	N							OCCUDO QUANTITATIVE STRATEGIES LP	500 E BROWARD BLVD	SUITE 1720	FORT LAUDERDALE	FL	33394	13F HOLDINGS REPORT	028-20884			N	
0001214659-25-016672	30-SEP-2025	N							Tudor Financial Inc.	8111 TIMBERLODGE TRAIL		DAYTON	OH	45458	13F HOLDINGS REPORT	028-24510			N	
0001214659-25-016670	30-SEP-2025	N							Private Capital Management, LLC	8889 PELICAN BAY BOULEVARD, SUITE 500		NAPLES	FL	34108	13F HOLDINGS REPORT	028-15645			N	
0001104659-25-112514	30-SEP-2025	N							CITADEL ADVISORS LLC	830 BRICKELL PLAZA		MIAMI	FL	33131	13F HOLDINGS REPORT	028-13183	000148826	801-70860	N	
0001745981-25-000006	30-SEP-2025								WORLDQUANT MILLENNIUM ADVISORS LLC	399 PARK AVENUE		NEW YORK	NY	10022	13F HOLDINGS REPORT	028-18889			Y	The Institutional Investment Manager filing this report is a relying adviser (as defined under the SEC's Form ADV) of Millennium Management LLC. Certain holdings included in this report involve discretion exercised by one or more relying advisers of Millennium Management LLC, affiliated with the Institutional Investment Manager, that are not separately identified on this report.
0001172661-25-005038	30-SEP-2025	N							KEYWISE CAPITAL MANAGEMENT (HK) Ltd	ROOM 3008-10, 30/F, COSCO TOWER	183 QUEEN'S ROAD CENTRAL	HONG KONG	K3	000	13F HOLDINGS REPORT	028-14858	000160593	801-76775	N	
0001172661-25-005037	30-SEP-2025	N							Centiva Capital, LP	66 Hudson Boulevard E	56th Floor	New York	NY	10001	13F HOLDINGS REPORT	028-18268	000286299	801-108886	N	
0001104659-25-112505	30-SEP-2025	N							D. E. Shaw & Co., Inc.	Two Manhattan West	375 Ninth Avenue, 52nd Floor	New York	NY	10001	13F HOLDINGS REPORT	028-05396			Y	Daniel R. Marcus signs this Report as Attorney-in-Fact for David E. Shaw, President of D. E. Shaw & Co., Inc. D. E. Shaw & Co., Inc. may be deemed an institutional investment manager in its capacity as the general partner of D. E. Shaw & Co., L.P., which in turn is the managing member of certain other affiliated institutional investment managers. D. E. Shaw & Co., Inc. does not exercise investment or voting discretion, and therefore disclaims such discretion, with respect to Section 13(f) securities. D. E. Shaw & Co., L.P. may be deemed to exercise investment or voting discretion for affiliated institutional investment managers. D. E. Shaw & Co., L.P. does not exercise investment or voting discretion, and therefore disclaims such discretion, with respect to Section 13(f) securities over which such affiliated institutional investment managers exercise investment or voting discretion.
0001720777-25-000007	30-SEP-2025								Strategic Wealth Partners, Ltd.	5005 ROCKSIDE RD	SUITE 1200	INDEPENDENCE	OH	44131-6829	13F HOLDINGS REPORT	028-18715			N	
0001172661-25-005031	30-SEP-2025	N							Holocene Advisors, LP	15 East 26th Street, 8th Floor		New York	NY	10010	13F HOLDINGS REPORT	028-18519	000287999	801-110222	N	
0001398344-25-020991	30-SEP-2025	N							Gotham Asset Management, LLC	825 THIRD AVENUE, SUITE 1750		NEW YORK	NY	10022	13F HOLDINGS REPORT	028-14365	000149335	801-69960	N	
0001398344-25-020990	30-SEP-2025	N							WEXFORD CAPITAL LP	777 SOUTH FLAGLER DRIVE	SUITE 602 EAST	WEST PALM BEACH	FL	33401-6122	13F HOLDINGS REPORT	028-10398	000108726	801-55118	N	
0001193125-25-282909	30-SEP-2025	N							FRED ALGER MANAGEMENT, LLC	100 PEARL STREET, 27TH FLOOR		NEW YORK	NY	10004	13F HOLDINGS REPORT	028-00869	000106750	801-6709	N	
0001273087-25-000034	30-SEP-2025								MILLENNIUM MANAGEMENT LLC	399 PARK AVENUE		NEW YORK	NY	10022	13F COMBINATION REPORT	028-10684			Y	"Each of the holdings described below is held directly or indirectly by Millennium Partners, L.P. or one or more affiliated investment funds that invest a portion of their assets in Millennium Partners, L.P. The Other Included Managers Nos. 1 and 2 and the Other Manager Reporting for this Manager described herein are relying advisers (as defined under the SEC's Form ADV) of the Institutional Investment Manager filing this report (the ""Institutional Investment Manager""). Certain holdings included in this report involve discretion exercised by other relying advisers of the Institutional Investment Manager that are not separately identified on this report. In addition, certain holdings included in this report are also reported in the holdings reports of other institutional investment managers that may be deemed to have shared investment discretion over such holdings, but on whose behalf the Institutional Investment Manager does not file holdings reports. For purposes of responding to Column 4 of the Information Table, values of all warrants that are 13(f) securities are valued based on the closing price of such warrants as of the quarter end."
0000905148-25-004002	30-SEP-2025	N							KADENSA CAPITAL Ltd	SUITE 1501 YORK HOUSE, THE LANDMARK,	15 QUEEN'S ROAD CENTRAL	CENTRAL	K3	00000	13F HOLDINGS REPORT	028-18541	000285524	802-110605	N	
0001172661-25-005026	30-SEP-2025	N							Quadcap Wealth Management, LLC	2600 Network Blvd	Suite 300	Frisco	TX	75034	13F HOLDINGS REPORT	028-23889	000151490	801-79483	N	
0001806027-25-000003	30-SEP-2025	N							Aspen Grove Capital, LLC	90 BENCHMARK RD SUITE 201	PO BOX 9389	AVON	CO	81620	13F HOLDINGS REPORT	028-22986	000158166	801-78138	N	
0000929638-25-004287	30-SEP-2025	N							CANTOR FITZGERALD, L. P.	110 EAST 59TH STREET		NEW YORK	NY	10022	13F COMBINATION REPORT	028-22122			N	
0000929638-25-004285	30-SEP-2025	N							Ionic Capital Management LLC	475 FIFTH AVENUE	9TH FLOOR	NEW YORK	NY	10017	13F HOLDINGS REPORT	028-12913	000156400	801-72188	N	
0001104659-25-112450	30-SEP-2025	N							Williams Jones Wealth Management, LLC.	717 Fifth Ave, 11th Floor		New York	NY	10022	13F HOLDINGS REPORT	028-19622	000301925	801-116946	N	
0000902664-25-004980	30-SEP-2025	N							TUDOR INVESTMENT CORP ET AL	200 ELM STREET		STAMFORD	CT	06901	13F HOLDINGS REPORT	028-04356	000159792	801-73474	N	
0001214659-25-016646	30-SEP-2025	N							VOLORIDGE INVESTMENT MANAGEMENT, LLC	115 FRONT STREET	SUITE 300	JUPITER	FL	33477	13F HOLDINGS REPORT	028-15761	000152869	801-71044	N	
0001214659-25-016632	30-SEP-2025	N							Philadelphia Financial Management of San Francisco, LLC	450 SANSOME STREET	SUITE 1500	SAN FRANCISCO	CA	94111	13F HOLDINGS REPORT	028-11642	000131413	801-63788	N	
0001214659-25-016636	30-SEP-2025	N							Scientech Research LLC	30 MONTGOMERY ST	SUITE 310	JERSEY CITY	NJ	07302	13F HOLDINGS REPORT	028-23825			N	
0001214659-25-016637	30-SEP-2025	N							SHERBROOKE PARK ADVISERS LLC	50 Main Street	Suite 1000	White Plains	NY	10606	13F HOLDINGS REPORT	028-23053	000323576	801-127108	N	
0001214659-25-016628	30-SEP-2025	N							MBB PUBLIC MARKETS I LLC	1 N WACKER DR	SUITE 3050	CHICAGO	IL	60606	13F HOLDINGS REPORT	028-22092			N	
0001172661-25-005017	30-SEP-2025	N							Parallax Volatility Advisers, L.P.	101 Montgomery Street	Suite 700	San Francisco	CA	94104	13F HOLDINGS REPORT	028-14500	000158143	801-73683	N	
0001332811-25-000011	30-SEP-2025								KNIGHTSBRIDGE ASSET MANAGEMENT, LLC	450 NEWPORT CENTER DRIVE	SUITE 630	NEWPORT BEACH	CA	92660	13F HOLDINGS REPORT	028-11482	000110347	801-55731	N	
0001172661-25-005015	30-SEP-2025	N							Walleye Trading LLC	315 Park Ave S Floor 18		New York	NY	10010	13F HOLDINGS REPORT	028-12094	000136196	8-66988	N	
0001904323-25-000005	30-SEP-2025								Royal Capital Wealth Management, LLC	4000 WEST 106TH STREET, SUITE 125-190		CARMEL	IN	46032	13F HOLDINGS REPORT	028-22187	000292217	801-113892	N	
0000919574-25-006996	30-SEP-2025	N							INFRASTRUCTURE CAPITAL ADVISORS, LLC	1325 Avenue Of The Americas	28th Floor	New York	NY	10019	13F HOLDINGS REPORT	028-17986	000166459	801-79940	N	
0001172661-25-005014	30-SEP-2025	N							Walleye Capital LLC	315 Park Ave S Floor 18		New York	NY	10010	13F COMBINATION REPORT	028-18937	000161413	801-113731	N	
0001398344-25-020982	30-SEP-2025	N							Firsthand Capital Management, Inc.	150 ALMADEN BLVD.	SUITE 1250	SAN JOSE	CA	95113	13F HOLDINGS REPORT	028-13609	000150647	801-70365	N	
0001904677-25-000008	30-SEP-2025								White Knight Strategic Wealth Advisors, LLC	100 CANAL POINTE BLVD, SUITE 121		PRINCETON	NJ	08540	13F HOLDINGS REPORT	028-21451	000302098	801-116803	N	
0001172661-25-005010	30-SEP-2025	N							Prosperity Financial Group, Inc.	2333 San Ramon Valley Blvd.	Ste 200	San Ramon	CA	94583	13F HOLDINGS REPORT	028-23384	000145540	801-100511	N	
0001904388-25-000008	30-SEP-2025								Wick Capital Partners, LLC	150 N. RADNOR CHESTER ROAD, SUITE 226		WAYNE	PA	19087	13F HOLDINGS REPORT	028-21470	000299194	801-114337	N	
0001548392-25-000009	30-SEP-2025	N							Utah Retirement Systems	540 EAST 200 SOUTH		SALT LAKE CITY	UT	84102	13F HOLDINGS REPORT	028-15080			N	
0001116247-25-000005	30-SEP-2025								FAIRFIELD, BUSH & CO.	320 BOSTON POST ROAD	SUITE 150	DARIEN	CT	06820	13F HOLDINGS REPORT	028-05809	000105970	801-9532	N	
0001962685-25-000006	30-SEP-2025								Talisman Wealth Advisors LLC	1162 SPRINGFIELD AVENUE, 2ND FLOOR		MOUNTAINSIDE	NJ	07092	13F HOLDINGS REPORT	028-23111	000313283	801-120785	N	
0001803084-25-000010	30-SEP-2025								Adams Wealth Management	701 SOUTH MAIN ST, SUITE 400		LOGAN	UT	84321	13F HOLDINGS REPORT	028-19910			N	
0000926171-25-000015	30-SEP-2025								NATIONAL BANK OF CANADA /FI/	NATIONAL BANK PLACE	800 SAINT-JACQUES STREET	MONTREAL	A8	H3C 1A3	13F HOLDINGS REPORT	028-21480			Y	Please note the following:  Form 13F Information Table Entry Total: 5314. However, you will detect Form 13F Information Table Entry Total: 5313. Thank you.
0001104659-25-112424	30-SEP-2025	N							IHT Wealth Management, LLC	123 N. Wacker Drive	Suite 2300	Chicago	IL	60606	13F HOLDINGS REPORT	028-17839			N	
0001803916-25-000015	30-SEP-2025								Aquatic Capital Management LLC	225 W. RANDOLPH ST.	FLOOR 23	CHICAGO	IL	60606	13F HOLDINGS REPORT	028-22161	000307291	801-120230	N	
0001904432-25-000006	30-SEP-2025								Evergreen Wealth Solutions, LLC	1000 COMMERCE PARK DRIVE, #407		WILLIAMSPORT	PA	17701	13F HOLDINGS REPORT	028-21456	000299407	801-114485	N	
0002029317-25-000008	30-SEP-2025								Glen Eagle Advisors, LLC	4422C ROUTE 27, PO BOX 399		KINGSTON	NJ	08528	13F HOLDINGS REPORT	028-24210	000282920	801-79298	N	
0001754960-25-000796	30-SEP-2025								VICTORY FINANCIAL GROUP, LLC	6500 RIVER PLACE BLVD.	BLDG. 1, STE. 203	AUSTIN	TX	78730	13F HOLDINGS REPORT	028-23753	000324943		N	
0001763350-25-000002	30-SEP-2025	N							Main Street Financial Solutions, LLC	503 E. WASHINGTON AVENUE	SUITE 1C	NEWTOWN	PA	18940	13F HOLDINGS REPORT	028-21078	000305834	801-117871	N	
0002011550-25-000006	30-SEP-2025								Wiser Advisor Group LLC	4616 E SUNSET DR		PHOENIX	AZ	85028	13F HOLDINGS REPORT	028-23729			N	
0001437749-25-035146	30-SEP-2025								Prosperity Consulting Group, LLC	10065 RED RUN BOULEVARD	SUITE 200	Owings Mills	MD	21117	13F HOLDINGS REPORT	028-21728			N	
0001172661-25-005004	30-SEP-2025	N							Capula Management Ltd	PO Box 309	Ugland House	Grand Cayman	E9	KY1-1104	13F HOLDINGS REPORT	028-17203	000163729	802-113693	N	
0001172661-25-005003	30-SEP-2025	N							Snowden Capital Advisors LLC	540 Madison Ave.	9th Floor	New York	NY	10022	13F HOLDINGS REPORT	028-21938	000157299	801-72332	N	
0001420506-25-003395	30-SEP-2025	N							Elequin Capital, LP	1359 BROADWAY	SUITE 1140	NEW YORK	NY	10018	13F HOLDINGS REPORT	028-22205	000308371	802-128325 	N	
0001999371-25-017880	30-SEP-2025	N							SHELTON CAPITAL MANAGEMENT	1125 17th Street	Ste. 2550	Denver	CO	80202	13F COMBINATION REPORT	028-05709	000104720	801-25205	N	
0001580642-25-007307	30-SEP-2025	N							1248 Management, LLC	4622 Pennsylvania Ave	Suite 600	Kansas City	MO	64112	13F HOLDINGS REPORT	028-25320			N	
0001420506-25-003390	30-SEP-2025	N							Bridgefront Capital, LLC	115 WILD BASIN ROAD	SUITE 109	AUSTIN	TX	78746	13F HOLDINGS REPORT	028-20758			N	
0002029433-25-000009	30-SEP-2025								Science & Technology Partners, L.P.	660 STEAMBOAT ROAD	3RD FLOOR	GREENWICH	CT	06830	13F HOLDINGS REPORT	028-25195	000331267	801-130308	N	
0001398344-25-020978	30-SEP-2025	N							Aberdeen Wealth Management LLC	515 GLEN AVE		LAKE BLUFF	IL	60044	13F HOLDINGS REPORT	028-20003	000108525	801-57736	N	
0000946629-25-000010	30-SEP-2025	Y	1	RESTATEMENT					LEIGH BALDWIN & CO., LLC	112 ALBANY STREET		CAZENOVIA	NY	13035-0660	13F HOLDINGS REPORT	028-25245	000038751	801-69290	N	
0000947871-25-001007	30-SEP-2025	N							Zurcher Kantonalbank (Zurich Cantonalbank)	Bahnhofstrasse 9		ZURICH	V8	8001	13F HOLDINGS REPORT	028-14753			N	
0001062993-25-016833	30-SEP-2025	N							Counterweight Ventures, LLC	404 N. 3RD STREET	SUITE 107	WILMINGTON	NC	28401	13F HOLDINGS REPORT	028-23992	000327880	801-128694	N	
0002056729-25-000005	30-SEP-2025								CURA WEALTH ADVISORS, LLC	180 NORTH STETSON AVE STE 3500		CHICAGO	IL	60601	13F HOLDINGS REPORT	028-25268	000332511	801-130922	N	
0001698607-25-000004	30-SEP-2025								Main Management ETF Advisors, LLC	601 CALIFORNIA STREET	SUITE 300	SAN FRANCISCO	CA	94108	13F HOLDINGS REPORT	028-18707	000288558	801-110799	N	
0001317784-25-000003	30-SEP-2025	N							SFE Investment Counsel	801 SOUTH FIGUEROA STREET	SUITE 610	LOS ANGELES	CA	90017	13F HOLDINGS REPORT	028-11318	000145530	801-68580	N	
0001162044-25-001158	30-SEP-2025	N							BERKSHIRE CAPITAL HOLDINGS INC	475 Milan Drive	Suite 103	San Jose	CA	95134	13F HOLDINGS REPORT	028-06289	000107175		N	
0000791540-25-000012	30-SEP-2025								NBC SECURITIES, INC.	1927 1ST AVENUE NORTH		BIRMINGHAM	AL	35203-0686	13F HOLDINGS REPORT	028-23420	000017870		N	
0001172661-25-004995	30-SEP-2025	Y	1	NEW HOLDINGS	N				Heard Capital LLC	1 N. Wacker Dr	Suite 3650	Chicago	IL	60606	13F HOLDINGS REPORT	028-19839	000297176	801-117709	N	
0001697856-25-000004	30-SEP-2025	N							Financial Advisors Network, Inc.	1432 EDINGER AVENUE	SUITE 200	TUSTIN	CA	92780	13F HOLDINGS REPORT	028-17762			N	
0000728083-25-000015	30-SEP-2025								FIRST MANHATTAN CO. LLC.	399 PARK AVE		NEW YORK	NY	10022	13F HOLDINGS REPORT	028-01260			N	
0001426196-25-000006	30-SEP-2025								CAPSTONE INVESTMENT ADVISORS, LLC	7 WORLD TRADE CENTER	250 GREENWICH STREET, 32ND FLOOR	NEW YORK	NY	10007	13F HOLDINGS REPORT	028-13005	000155563	801-73004	N	
0001683168-25-008433	30-SEP-2025	N							Financial Gravity Asset Management, Inc.	2501 RANCH RD 620 S, SUITE 110		LAKEWAY	TX	78734	13F HOLDINGS REPORT	028-18797			N	
0001345929-25-000002	30-SEP-2025	N							BROWN ADVISORY INC	901 SOUTH BOND STREET	SUITE #400	BALTIMORE	MD	21231	13F HOLDINGS REPORT	028-13997	000017501	8-38904	N	
0001398344-25-020975	30-SEP-2025	N							Cascades Capital Asset Management, LLC	1840 PEMBROKE ROAD, SUITE 1		GREENSBORO	NC	27408	13F HOLDINGS REPORT	028-24488	000167102	801-113166	N	
0001085146-25-005999	30-SEP-2025	N							Cetera Investment Advisers	1450 AMERICAN LANE 6TH FLOOR	SUITE 650	SCHAUMBURG	IL	60173-2096	13F HOLDINGS REPORT	028-17296	000105644	801-20406	Y	Cetera Advisor Networks closed as a registered investment adviser and transitioned all fee based/advisory business to a related Firm, Cetera Investment Advisers, LLC.   Cetera Advisors closed as a registered investment adviser and transitioned all fee based/advisory business to a related Firm, Cetera Investment Advisers, LLC.
0001481045-25-000010	30-SEP-2025								Daiwa Securities Group Inc.	GRANTOKYO NORTH TOWER, 9-1	MARUNOUCHI 1-CHOME, CHIYODA-KU,	TOKYO	M0	100-6751	13F HOLDINGS REPORT	028-14426			N	
0001007524-25-000003	30-SEP-2025	N							OSTERWEIS CAPITAL MANAGEMENT INC	One Maritime Plaza	Ste 800	SAN FRANCISCO	CA	94111	13F HOLDINGS REPORT	028-04483	000105421	801-18395	N	
0001121330-25-000003	30-SEP-2025	N							LOGAN CAPITAL MANAGEMENT INC	3817 WEST CHESTER PIKE		Newtown Square	PA	19073	13F COMBINATION REPORT	028-05837	000108893	801-45536	N	
0001172661-25-004993	30-SEP-2025	N							Barnes Wealth Management Group, Inc	5060 California Avenue	Suite 600	Bakersfield	CA	93309	13F HOLDINGS REPORT	028-25557			N	
0001776588-25-000009	30-SEP-2025								MONOGRAPH WEALTH ADVISORS, LLC	1230 ROSECRANS AVE	SUITE 425	MANHATTAN BEACH	CA	90266	13F HOLDINGS REPORT	028-21724	000173949		N	
0001606588-25-000009	30-SEP-2025								One Capital Management, LLC	3075 TOWNSGATE ROAD	SUITE 350	WESTLAKE VILLAGE	CA	91361	13F COMBINATION REPORT	028-16178	000114861	801-60483	N	
0001560717-25-000008	30-SEP-2025								Horizon Investments, LLC	6210 Ardrey Kell Road	Suite 300	Charlotte	NC	28277	13F COMBINATION REPORT	028-15165	000109552	801-57316	N	
0001819919-25-000002	30-SEP-2025								PACES FERRY WEALTH ADVISORS, LLC	2849 PACES FERRY ROAD SE		ATLANTA	GA	30318	13F HOLDINGS REPORT	028-20415	000300057	801-114559	N	
0001172661-25-004991	30-SEP-2025	N							Woodline Partners LP	4 Embarcadero Center	Suite 3450	San Francisco	CA	94111	13F HOLDINGS REPORT	028-20047	000301480	801-116904	N	
0000898432-25-000912	30-SEP-2025	N							Dai-ichi Life Insurance Company, Ltd	13-1 YURAKUCHO 1-CHOME	CHIYODA-KU	TOKYO	M0	100-8411	13F HOLDINGS REPORT	028-17864			N	
0001542153-25-000006	30-SEP-2025	N							Focus Partners Wealth	190 CARONDELET PLAZA	SUITE 600	ST LOUIS	MO	63105	13F HOLDINGS REPORT	028-14902	000159289	801-72862	N	
0001010911-25-000016	30-SEP-2025	N							S&T Bank/PA	800 Philadelphia Street		Indiana	PA	15701	13F HOLDINGS REPORT	028-06460			N	
0001172661-25-004989	30-SEP-2025	N							Pinnacle Family Advisors, LLC	620 W. Republic Road	Suite 104	Springfield	MO	65807	13F HOLDINGS REPORT	028-18143	000145628	801-78013	N	
0000853758-25-000007	30-SEP-2025								MERCER GLOBAL ADVISORS INC /ADV	1200 17TH STREET	SUITE 500	DENVER	CO	80202	13F HOLDINGS REPORT	028-19468			N	
0001193125-25-282612	30-SEP-2025	N							Fayez Sarofim & Co	Two Houston Center	Suite 2907	Houston	TX	77010	13F COMBINATION REPORT	028-10991			N	
0000073124-25-000252	30-SEP-2025								NORTHERN TRUST CORP	50 S LASALLE ST		CHICAGO	IL	60603	13F COMBINATION REPORT	028-00290		001-36609	N	
0002052595-25-000081	30-SEP-2025	N							TORONTO DOMINION BANK	66 WELLINGTON STREET WEST	12TH FLOOR, TD TOWER	TORONTO, ONTARIO	A6	M5K 1A2	13F COMBINATION REPORT	028-11527			N	
0001878326-25-000009	30-SEP-2025								Delos Wealth Advisors, LLC	1845 WOODALL RODGERS FWY, STE 1000		DALLAS	TX	75201	13F HOLDINGS REPORT	028-21330	000300734	801-119589	N	
0001140361-25-042265	30-SEP-2025	N							ROYAL BANK OF CANADA	ROYAL BANK PLAZA	200 BAY STREET	TORONTO	A6	M5J 2J5	13F HOLDINGS REPORT	028-11396			N	
0001951757-25-001440	30-SEP-2025								Summit Trail Advisors, LLC	2 GRAND CENTRAL TOWER	140 E 45TH STREET, 28TH FLOOR	NEW YORK	NY	10017	13F HOLDINGS REPORT	028-18552			N	
0001172661-25-004981	30-SEP-2025	N							Capital Impact Advisors, LLC	175 Federal St	Suite 875	Boston	MA	02110	13F HOLDINGS REPORT	028-16102	000168313	801-78345	N	
0001569139-25-000002	30-SEP-2025	N							High Falls Advisors, Inc	180 SOUTH CLINTON AVE	SUITE 300	ROCHESTER	NY	14604	13F HOLDINGS REPORT	028-17373			N	
0001393389-25-000008	30-SEP-2025								Manchester Capital Management LLC	3657 MAIN STREET	PO BOX 416	MANCHESTER	VT	05254	13F HOLDINGS REPORT	028-15521	000110003		N	
0001036248-25-000009	30-SEP-2025								QUEST INVESTMENT MANAGEMENT LLC	5335 MEADOWS ROAD, SUITE 400		LAKE OSWEGO	OR	97035	13F HOLDINGS REPORT	028-06280			N	
0001779789-25-000003	30-SEP-2025	N							IEQ CAPITAL, LLC	950 TOWER LANE	SUITE 1800	Foster City	CA	94404	13F HOLDINGS REPORT	028-19743	000301819	801-115278	N	
0000905148-25-003989	30-SEP-2025	N							Norinchukin Bank, The	OTEMACHI ONE TOWER	2-1, OTEMACHI 1-CHOME, CHIYODA-KU	TOKYO	M0	100-8155	13F HOLDINGS REPORT	028-13977			N	
0000749044-25-000008	30-SEP-2025	Y	1	RESTATEMENT					RESOURCES MANAGEMENT CORP /CT/ /ADV	643 PROSPECT AVENUE		WEST HARTFORD	CT	06105	13F HOLDINGS REPORT	028-18952			N	
0001960050-25-000021	30-SEP-2025	N							Capitolis Liquid Global Markets LLC	11 WEST 42ND STREET FLOOR 15		NEW YORK	NY	10036	13F HOLDINGS REPORT	028-23813			N	
0000905148-25-003983	30-SEP-2025	N							MIRAE ASSET GLOBAL ETFS HOLDINGS Ltd.	ROOM 1101, 11/F LEE GARDEN THREE	1 SUNNING ROAD	CAUSEWAY BAY	K3	00000	13F HOLDINGS REPORT	028-18036			N	
0001275218-25-000005	30-SEP-2025								ALGERT GLOBAL LLC	101 CALIFORNIA STREET	SUITE 3240	SAN FRANCISCO	CA	94111	13F HOLDINGS REPORT	028-10860			N	
0001463217-25-000012	30-SEP-2025								UNITED CAPITAL FINANCIAL ADVISORS, LLC	125 E JOHN CARPENTER FRWY	SUITE 1300	IRVING	TX	75062	13F HOLDINGS REPORT	028-13508	000134600	801-64376	N	
0000905148-25-003980	30-SEP-2025	N							DZ BANK AG Deutsche Zentral Genossenschafts Bank, Frankfurt am Main	PLATZ DER REPUBLIK		FRANKFURT AM MAIN	2M	60265	13F HOLDINGS REPORT	028-17954			N	
0001438284-25-000003	30-SEP-2025	N							OXFORD ASSET MANAGEMENT LLP	OXAM HOUSE	6 GEORGE STREET	OXFORD	X0	OX1 2BW	13F HOLDINGS REPORT	028-13149	000136937	802-118974	N	
0001802365-25-000003	30-SEP-2025								Strategic Wealth Investment Group, LLC	500 N. HURSTBOURNE PKWY	SUITE 120	LOUISVILLE	KY	40222	13F HOLDINGS REPORT	028-19838			N	
0001634149-25-000008	30-SEP-2025								Anchor Investment Management, LLC	3205 DEVINE STREET		COLUMBIA	SC	29205	13F HOLDINGS REPORT	028-23485	000135296	801-64338	N	
0001631208-25-000003	30-SEP-2025	N							Credit Capital Investments LLC	354 EISENHOWER PARKWAY	PLAZA ONE, SUITE 2150	LIVINGSTON	NJ	07039	13F HOLDINGS REPORT	028-16699	000160537	801-74050	N	
0001580642-25-007297	30-SEP-2025	N							Mariner, LLC	5700 W. 112th Street	Suite 500	Overland Park	KS	66211	13F HOLDINGS REPORT	028-13550			N	
0001996244-25-000011	30-SEP-2025								SIH Partners, LLLP	1201 N. Orange Street	Suite 715	Wilmington	DE	19801	13F HOLDINGS REPORT	028-23822			N	
0001744349-25-000020	30-SEP-2025								ELEVATION POINT WEALTH PARTNERS, LLC	1580 LINCOLN STREET, SUITE 680		DENVER	CO	80203	13F HOLDINGS REPORT	028-18840			N	
0001766157-25-000005	30-SEP-2025								Sargent Investment Group, LLC	4920 ELM STREET	SUITE 305	BETHESDA	MD	20814	13F HOLDINGS REPORT	028-19098			N	
0001607239-25-000007	30-SEP-2025	N							Moors & Cabot, Inc.	One Federal St.	19th Floor	BOSTON	MA	02110	13F HOLDINGS REPORT	028-16128	000000594	801-48726	N	
0001973324-25-000011	30-SEP-2025								Polymer Capital Management (US) LLC	825 THIRD AVENUE	26TH FLOOR	NEW YORK	NY	10022	13F HOLDINGS REPORT	028-25018			N	
0001999371-25-017858	30-SEP-2025	N							CLOUGH CAPITAL PARTNERS L P	53 State Street	27th Floor	Boston	MA	02109	13F HOLDINGS REPORT	028-10679	000131257	801-63142	N	
0000895421-25-000593	30-SEP-2025								MORGAN STANLEY	1585 BROADWAY		NEW YORK	NY	10036	13F COMBINATION REPORT	028-03432			N	
0000009631-25-000013	30-SEP-2025	N							BANK OF NOVA SCOTIA	40 TEMPERANCE STREET		TORONTO	A6	M5H 0B4	13F COMBINATION REPORT	028-11475			N	
0002040084-25-000003	30-SEP-2025	N							NFP Retirement, Inc.	120 VANTIS	SUITE 400	ALISO VIEJO	CA	92656	13F HOLDINGS REPORT	028-25054	000121254	801-66107	N	
0001769089-25-000005	30-SEP-2025								Arkos Global Advisors	4400 POST OAK PARKWAY	STE. 1950	HOUSTON	TX	77027	13F HOLDINGS REPORT	028-19433			N	
0002034073-25-000004	30-SEP-2025								PROMETHIUM ADVISORS,LLC	7272 WISCONSIN AVE	10-105	BETHESDA	MD	20814	13F HOLDINGS REPORT	028-24485			N	
0001828301-25-000036	30-SEP-2025								XTX Topco Ltd	R7	14-18 HANDYSIDE ST	LONDON	X0	N1C 4DN	13F HOLDINGS REPORT	028-21218			N	
0001062993-25-016823	30-SEP-2025	N							OMERS ADMINISTRATION Corp	900-100 ADELAIDE ST W		TORONTO	A6	M5H 0E2	13F HOLDINGS REPORT	028-12070			N	
0001172661-25-004970	30-SEP-2025	N							INTEGRITY ALLIANCE, LLC.	4135 Nw Urbandale Dr		Urbandale	IA	50322	13F HOLDINGS REPORT	028-25550	000139627	801-69742	N	
0001776821-25-000006	30-SEP-2025								Spectrum Wealth Advisory Group, LLC	5925 GRANITE LAKE DRIVE	SUITE 130	GRANITE BAY	CA	95746	13F HOLDINGS REPORT	028-19540	000298632	801-114024	N	
0000938076-25-000018	30-SEP-2025								STATE BOARD OF ADMINISTRATION OF FLORIDA RETIREMENT SYSTEM	1801 HERMITAGE BLVD, SUITE 100	P O BOX 13300	TALLAHASSEE	FL	32317-3300	13F HOLDINGS REPORT	028-03889			N	
0001172661-25-004969	30-SEP-2025	N							CLG LLC	4821 E. 2nd Street		Long Beach	CA	90803	13F HOLDINGS REPORT	028-25490	000282605	801-108414	N	
0000070858-25-000440	30-SEP-2025								BANK OF AMERICA CORP /DE/	BANK OF AMERICA CORPORATE CENTER	100 N TRYON ST	CHARLOTTE	NC	28255	13F HOLDINGS REPORT	028-00158		001-06523	N	
0001750405-25-000009	30-SEP-2025								Truvestments Capital LLC	5391 LAKEWOOD RANCH BLVD	SUITE #303	SARASOTA	FL	34240	13F HOLDINGS REPORT	028-18896			N	
0001420506-25-003347	30-SEP-2025	N							PENNINGTON PARTNERS & CO., LLC	7500 OLD GEORGETOWN RD	SUITE 705	BETHESDA	MD	20814	13F HOLDINGS REPORT	028-25328			N	
0001104659-25-112247	30-SEP-2025	N							Larson Financial Group LLC	100 N Broadway	Suite 1700	St Louis	MO	63102	13F HOLDINGS REPORT	028-18440	000140599	801-71543	N	
0000945621-25-001135	30-SEP-2025	N							PRELUDE CAPITAL MANAGEMENT, LLC	600 LEXINGTON AVENUE, 20TH FLOOR		NEW YORK	NY	10022	13F HOLDINGS REPORT	028-12257	000158105	801-73598	Y	"Note: Certain holdings included in this 13F report may be reported in the 13F holdings reports of other institutional investment managers that may be deemed to share investment discretion with Prelude Capital Management, LLC (""Prelude""), but on whose behalf Prelude is not filing this report."
0001795705-25-000009	30-SEP-2025	Y	2	RESTATEMENT					Brooklyn Investment Group	730 3RD AVE	4TH FLOOR	NEW YORK	NY	10017	13F HOLDINGS REPORT	028-23685			N	
0001131181-25-000002	30-SEP-2025	N							Iron Gate Global Advisors LLC	960 N 400 E		NSL	UT	84054	13F HOLDINGS REPORT	028-18139			N	
0001599217-25-000007	30-SEP-2025								Capstone Financial Advisors, Inc.	2001 BUTTERFIELD ROAD, SUITE 1750		DOWNERS GROVE	IL	60515	13F HOLDINGS REPORT	028-15785	000109341	801-56979	N	
0001452765-25-000015	30-SEP-2025								GTS SECURITIES LLC	625 AVENUE OF AMERICAS	3RD FLOOR	NEW YORK	NY	10011	13F HOLDINGS REPORT	028-23370	000149224	8-68126	N	
0001754960-25-000792	30-SEP-2025								Leo Wealth, LLC	860 AIRPORT FREEWAY	SUITE 402	HURST	TX	76054	13F HOLDINGS REPORT	028-24021			N	
0002039659-25-000005	30-SEP-2025								Seneschal Advisors, LLC	2323 N. 30TH STREET	SUITE 200	TACOMA	WA	98403	13F HOLDINGS REPORT	028-25041			N	
0001620220-25-000010	30-SEP-2025	N							Engineers Gate Manager LP	767 5TH AVENUE	7TH FLOOR	NEW YORK	NY	10153	13F HOLDINGS REPORT	028-16688			N	
0001800608-25-000006	30-SEP-2025								Laidlaw Wealth Management LLC	521 5TH AVENUE, 12TH FLOOR		NEW YORK CITY	NY	10175	13F HOLDINGS REPORT	028-20083	000119037	8-53731	N	
0001172661-25-004959	30-SEP-2025	N							ADAGE CAPITAL PARTNERS GP, L.L.C.	200 Clarendon Street, 52nd Floor		Boston	MA	02116	13F HOLDINGS REPORT	028-10046	000160679	801-73131	N	
0001085146-25-005993	30-SEP-2025	N							JANUS HENDERSON GROUP PLC	201 BISHOPSGATE		LONDON	X0	EC2M 3AE	13F HOLDINGS REPORT	028-10904			N	
0001172661-25-004956	30-SEP-2025	N							Corient Private Wealth LLC	830 Brickell Plaza	Suite 4800	Miami	FL	33131	13F HOLDINGS REPORT	028-23108	000319448	801-124978	N	
0001578621-25-000014	30-SEP-2025								LMR Partners LLP	9TH FLOOR, DEVONSHIRE HOUSE	MAYFAIR PLACE	LONDON	X0	W1J 8AJ	13F HOLDINGS REPORT	028-16119			N	
0002048251-25-002362	30-SEP-2025								Graham Capital Management, L.P.	40 HIGHLAND AVENUE		ROWAYTON	CT	06853	13F HOLDINGS REPORT	028-11610	000160925	801-73422	N	
0001739439-25-000031	30-SEP-2025								Rockefeller Capital Management L.P.	45 ROCKEFELLER PLAZA, 5TH FLOOR		NEW YORK	NY	10111	13F HOLDINGS REPORT	028-18743			N	
0001690531-25-000007	30-SEP-2025								Clearwater Capital Advisors, LLC	2800 W. HIGGINS ROAD	SUITE 1025	HOFFMAN ESTATES	IL	60169	13F HOLDINGS REPORT	028-17575	000139886	801-70905	N	
0001062993-25-016818	30-SEP-2025	N							1832 Asset Management L.P.	40 TEMPERANCE STREET	16TH FLOOR	TORONTO	A6	M5H 0B4	13F COMBINATION REPORT	028-11685			N	
0001398344-25-020944	30-SEP-2025	N							Waverly Advisors, LLC	600 UNIVERSITY PARK PLACE	SUITE 501	BIRMINGHAM	AL	35209	13F HOLDINGS REPORT	028-15191	000115332	801-60741	N	
0001443689-25-000020	30-SEP-2025								Senator Investment Group LP	124 E. 14th Street	20th Floor	New York	NY	10003	13F HOLDINGS REPORT	028-13389			N	
0001963212-25-000007	30-SEP-2025								Icon Wealth Advisors, LLC	1980 POST OAK BLVD.	SUITE 1300	HOUSTON	TX	77056	13F HOLDINGS REPORT	028-22756	000319609	801-125893	N	
0000927337-25-000026	30-SEP-2025								WOLVERINE TRADING, LLC	175 W JACKSON	SUITE 200	CHICAGO	IL	60604	13F HOLDINGS REPORT	028-17509			N	
0001600064-25-000011	30-SEP-2025								Tidal Investments LLC	234 WEST FLORIDA STREET	SUITE 203	MILWAUKEE	WI	53204	13F HOLDINGS REPORT	028-19397	000164201	801-76857	N	
0001172661-25-004939	30-SEP-2025	N							GILDER GAGNON HOWE & CO LLC	475 10th Avenue		New York	NY	10018	13F HOLDINGS REPORT	028-03455	000002002	801-65667	N	
0002085853-25-000279	30-SEP-2025	N							WNY Asset Management, LLC	6500 Sheridan Drive	Suite 200	Williamsville	NY	14221	13F HOLDINGS REPORT	028-20935	000153872	801-71632	N	
0001420506-25-003341	30-SEP-2025	N							Sassicaia Capital Advisers LLC	2 JERICHO PLAZA	SUITE 100	JERICHO	NY	11753	13F HOLDINGS REPORT	028-20740			N	
0001971875-25-000005	30-SEP-2025								Empire Financial Management Company, LLC	29 BROADWAY 12TH FLOOR		NEW YORK	NY	10006	13F HOLDINGS REPORT	028-23184	000146097		N	
0000905148-25-003973	30-SEP-2025	N							NOMURA HOLDINGS INC	1-13-1 NIHONBASHI	CHUO-KU	TOKYO	M0	103-8645	13F HOLDINGS REPORT	028-10594			N	
0002044232-25-000004	30-SEP-2025								MINDSET WEALTH MANAGEMENT, LLC	8275 ALLISON POINTE TRAIL	SUITE 230	INDIANAPOLIS	IN	46250	13F HOLDINGS REPORT	028-24472			N	
0000919079-25-000012	30-SEP-2025	N							California Public Employees Retirement System	400 Q ST	Suite 4800	Sacramento	CA	95811	13F HOLDINGS REPORT	028-04896			N	
0001765380-25-000498	30-SEP-2025								Williamson Legacy Group, LLC	484 EAST CARMEL DRIVE	#388	CARMEL	IN	46032	13F HOLDINGS REPORT	028-23770	000318629	801-123281	N	
0002023375-25-000006	30-SEP-2025								Gen-Wealth Partners Inc	244 EAST MAIN AVENUE		ZEELAND	MI	49464	13F HOLDINGS REPORT	028-24161	000281330	801-118828	N	
0002044285-25-000006	30-SEP-2025								Dauntless Investment Group, LLC	3283 FOXFIRE DR.		MILFORD	MI	48380	13F HOLDINGS REPORT	028-25194			Y	"The information included on the Information Table with respect to the holdings of Femasys Inc. (""FEMA"") and Kazia Therapeutics Limited (""KZIA"") reflect the exercise of Pre-funded Warrants held by Dauntless Investment Group, LLC (""DIG"") after giving effect to provisions that prevent the exercise of such securities if the beneficial ownership of such entity would exceed 9.99% of the underlying security following such exercise. As of September 30, 2025, DIG held an aggregate of 4,395,996 Common Shares of FEMA and 176,822 American Depository Shares of KZIA."
0001335644-25-000004	30-SEP-2025	N							SCOTIA CAPITAL INC.	40 KING ST.WEST, SCOTIA PLAZA 33RD FLOOR		TORONTO	A6	M5W 2X6	13F HOLDINGS REPORT	028-11461			N	
0001140361-25-042195	30-SEP-2025	N							Fiduciary Trust Co	53 State Street	P.O. Box 55806	Boston	MA	02109	13F HOLDINGS REPORT	028-00471			N	
0001795705-25-000008	30-SEP-2025								Brooklyn Investment Group	730 3RD AVE	4TH FLOOR	NEW YORK	NY	10017	13F HOLDINGS REPORT	028-23685			N	
0001172661-25-004934	30-SEP-2025	N							Keebeck Wealth Management	150 N. Riverside Plaza	Suite 1850	Chicago	IL	60606	13F HOLDINGS REPORT	028-20150	000297496	801-113573	N	
0002056693-25-000005	30-SEP-2025								MPWM ADVISORY SOLUTIONS, LLC	8000 AVALON BLVD., STE 100		ALPHARETTA	GA	30009	13F HOLDINGS REPORT	028-25348	000169885	801-78961	N	
0001193125-25-282311	30-SEP-2025	N							UBS AM, A DISTINCT BUSINESS UNIT OF UBS ASSET MANAGEMENT AMERICAS LLC	ONE NORTH WACKER DRIVE		CHICAGO	IL	60606	13F COMBINATION REPORT	028-02682		028-02682	N	
0001364725-25-000009	30-SEP-2025								CIM, LLC	30 S. PEARL STREET, 9TH FLOOR		ALBANY	NY	12207	13F HOLDINGS REPORT	028-11985	000132136		N	
0001677044-25-000022	30-SEP-2025								OSAIC HOLDINGS, INC.	18700 HAYDEN RD.	SUITE 255	SCOTTSDALE	AZ	85225	13F HOLDINGS REPORT	028-20288			N	
0001912128-25-000006	30-SEP-2025								McDonough Capital Management, Inc	6000 TURKEY LAKE ROAD SUITE 212		ORLANDO	FL	32819	13F HOLDINGS REPORT	028-22297	000143767		N	
0001193125-25-282298	30-SEP-2025	N							SILVERCREST ASSET MANAGEMENT GROUP LLC	1330 AVE OF THE AMERICAS	38TH FL	New York	NY	10019	13F HOLDINGS REPORT	028-10472	000118333	801-61004	N	
0001587973-25-000010	30-SEP-2025								State of Tennessee, Department of Treasury	502 DEADERICK STREET	13TH FL, ATTN: LEGAL COMPLIANCE & AUDIT	NASHVILLE	TN	37243	13F HOLDINGS REPORT	028-15649			N	
0001760540-25-000004	30-SEP-2025								Strategic Investment Advisors / MI	27555 EXECUTIVE DRIVE	SUITE 165	FARMINGTON HILLS	MI	48331	13F HOLDINGS REPORT	028-19073			N	
0000080255-25-000782	30-SEP-2025								PRICE T ROWE ASSOCIATES INC /MD/	P.O. BOX 89000		BALTIMORE	MD	21289	13F COMBINATION REPORT	028-00115			N	
0001172661-25-004930	30-SEP-2025	N							Summit Financial, LLC	4 CAMPUS DRIVE		PARSIPPANY	NJ	07054	13F HOLDINGS REPORT	028-19062			N	
0001520710-25-000008	30-SEP-2025								Uniplan Investment Counsel, Inc.	839 N JEFFERSON ST	SUITE 502	MILWAUKEE	WI	53202	13F HOLDINGS REPORT	028-16961	000154718	801-71802	N	
0000709447-25-000026	30-SEP-2025								CITY NATIONAL BANK OF FLORIDA /MSD	100 SE 2ND ST	19TH FLOOR	MIAMI	FL	33131	13F HOLDINGS REPORT	028-25359			N	
0001803988-25-000007	30-SEP-2025								Trust Co of Kansas	PO BOX 3699		WICHITA	KS	67201-3699	13F HOLDINGS REPORT	028-20170			N	
0001420506-25-003336	30-SEP-2025	N							DeepCurrents Investment Group LLC	575 FIFTH AVENUE, 21ST FLOOR		NEW YORK	NY	10017	13F HOLDINGS REPORT	028-19350	000288159	801-110457	N	
0002022297-25-000012	30-SEP-2025								Federation des caisses Desjardins du Quebec	100 RUE DES COMMANDEURS		LEVIS	A8	G6V5C1	13F HOLDINGS REPORT	028-24160			N	
0001193125-25-282267	30-SEP-2025	N							Balyasny Asset Management L.P.	444 West Lake Street 50th Floor		Chicago	IL	60606	13F COMBINATION REPORT	028-10402	000138111	801-66002	N	
0001759654-25-000012	30-SEP-2025								Quantinno Capital Management LP	66 HUDSON BLVD E	23RD FLOOR	NEW YORK	NY	10001	13F HOLDINGS REPORT	028-19308	000298733	801-114071	N	
0001172661-25-004927	30-SEP-2025	N							Prosperity Wealth Management, Inc.	2333 San Ramon Valley Blvd.	Suite 200	San Ramon	CA	94583	13F HOLDINGS REPORT	028-23385	000174328	801-101485	N	
0001968434-25-000005	30-SEP-2025								Wealth Preservation Advisors, LLC	832 GEORGIA AVE, SUITE 350		CHATTANOOGA	TN	37402	13F HOLDINGS REPORT	028-25588			N	
0001481986-25-000045	30-SEP-2025								DRW Securities, LLC	540 WEST MADISON STREET	SUITE 2500	CHICAGO	IL	60661	13F HOLDINGS REPORT	028-13722	000045908	8-51241	N	
0001951757-25-001436	30-SEP-2025								Navis Wealth Advisors, LLC	800 WESTCHESTER AVENUE	SUITE 700	RYE BROOK	NY	10573	13F HOLDINGS REPORT	028-21090			N	
0001104659-25-112136	30-SEP-2025	N							Calydon Capital	949 S SHADY GROVE ROAD	SUITE 402	MEMPHIS	TN	38120	13F HOLDINGS REPORT	028-19396			N	
0000872786-25-000039	30-SEP-2025								BNP PARIBAS	787 SEVENTH AVENUE		NEW YORK	NY	10019	13F HOLDINGS REPORT	028-04059			N	
0002032856-25-000005	30-SEP-2025								Blue Capital, Inc.	3814 FARNAM ST.	STE. 202	OMAHA	NE	68131	13F HOLDINGS REPORT	028-25183			N	
0001193125-25-282256	30-SEP-2025	N							BANCO BILBAO VIZCAYA ARGENTARIA, S.A.	CALLE AZUL 4		Madrid	U3	28050	13F HOLDINGS REPORT	028-19997		1-10110	N	
0001597298-25-000005	30-SEP-2025								Verity Asset Management, Inc.	280 S MANGUM ST STE 550		DURHAM	NC	27701-3683	13F HOLDINGS REPORT	028-15857			N	
0001890698-25-000006	30-SEP-2025								MARIPAU WEALTH MANAGEMENT LLC	4509 MAPLECREST ROAD		FORT WAYNE	IN	46835	13F HOLDINGS REPORT	028-21797	000311934	801-120262	N	
0001846138-25-000006	30-SEP-2025								SITTNER & NELSON, LLC	497 OAKWAY RD.	SUITE 300	EUGENE	OR	97401	13F HOLDINGS REPORT	028-20801	000309757	801-119243	N	
0000749044-25-000007	30-SEP-2025								RESOURCES MANAGEMENT CORP /CT/ /ADV	643 PROSPECT AVENUE		WEST HARTFORD	CT	06105	13F HOLDINGS REPORT	028-18952			N	
0001951757-25-001435	30-SEP-2025								1858 WEALTH MANAGEMENT, LLC	3250 WEST MARKET STREET	SUITE 105	AKRON	OH	44333	13F HOLDINGS REPORT	028-23789			N	
0001172661-25-004923	30-SEP-2025	N							Creegan & Nassoura Financial Group, LLC	1 New Hampshire Avenue, Suite 125		Portsmouth	NH	03801	13F HOLDINGS REPORT	028-16535	000116663	801-63316	N	
0001172661-25-004921	30-SEP-2025	N							Polar Capital Holdings Plc	16 Palace Street		London	X0	SW1E 5JD	13F HOLDINGS REPORT	028-20910	000136133	801-64644	N	
0001332632-25-000014	30-SEP-2025								CHILTON INVESTMENT CO INC.	1290 EAST MAIN STREET	1ST FLOOR	STAMFORD	CT	06902	13F HOLDINGS REPORT	028-11480			N	
0001996449-25-000007	30-SEP-2025								Susquehanna Portfolio Strategies, LLC	401 E. CITY AVE	Suite 220	Bala Cynwyd	PA	19004	13F HOLDINGS REPORT	028-23824			N	
0001830922-25-000007	30-SEP-2025								CHIRON CAPITAL MANAGEMENT, LLC	261 PINEWOOD DRIVE		TALLAHASSEE	FL	32303	13F HOLDINGS REPORT	028-20413			N	
0001172661-25-004914	30-SEP-2025	N							Rinkey Investments	11622 El Camino Real	Suite 100	San Diego	CA	92130	13F HOLDINGS REPORT	028-22269	000149576	801-122912	N	
0001951757-25-001433	30-SEP-2025								Corps Capital Advisors, LLC	1900 W KIRKWOOD BLVD	SUITE 1400B	SOUTHLAKE	TX	76092	13F HOLDINGS REPORT	028-24706			N	
0001432539-25-000010	30-SEP-2025								Strategic Financial Services, Inc.	114 BUSINESS PARK DRIVE		UTICA	NY	13502	13F HOLDINGS REPORT	028-13318	000109677	801-33774	N	
0001094429-25-000018	30-SEP-2025								SIG BROKERAGE, LP	401 CITY LANE AVE		BALA CYNWYD	PA	19004	13F HOLDINGS REPORT	028-25229			N	
0001172661-25-004912	30-JUN-2025	Y	1	RESTATEMENT	N				NorthRock Partners, LLC	225 SOUTH 6TH STREET	SUITE 1400	MINNEAPOLIS	MN	55402	13F HOLDINGS REPORT	028-16755	000167908	801-78194	N	
0001172661-25-004911	30-SEP-2025	N							SOROS CAPITAL MANAGEMENT LLC	250 West 55th Street		New York	NY	10019	13F HOLDINGS REPORT	028-19909			N	
0001535943-25-000013	30-SEP-2025								Alphadyne Asset Management LP	17 STATE STREET, 30TH FLOOR		NEW YORK	NY	10004	13F HOLDINGS REPORT	028-16342			N	
0001140361-25-042165	30-SEP-2025	N							MORGENS WATERFALL VINTIADIS & CO INC	1270 AVENUE OF THE AMERICAS	SUITE 214	NEW YORK	NY	10020	13F HOLDINGS REPORT	028-04599	000108692	801-55062	N	
0001826635-25-000006	30-SEP-2025								AXA Investment Managers S.A.	6 PLACE DE LA PYRAMIDE	TOUR MAJUNGA	PUTEAUX	I0	92800	13F HOLDINGS REPORT	028-25864			Y	Security positions included within this Holding Report are held by entities referenced herein. Other banking and advisory affiliates report separately. All affiliates are owned by the ultimate parent company, BNP Paribas SA. Please contact Victoria Warme (0033144459027) and BOR@axa-im.com with any questions.
0001109448-25-000079	30-SEP-2025								ALLIANCEBERNSTEIN L.P.	501 COMMERCE STREET		NASHVILLE	TN	37203	13F HOLDINGS REPORT	028-10562			Y	All media outlets, please contact Carly Symington at AllianceBernstein (629-213-5568) with any questions. All other questions can be directed to Section13U5Filings@alliancebernstein.com.
0001446194-25-000027	30-SEP-2025								SUSQUEHANNA INTERNATIONAL GROUP, LLP	401 CITY AVENUE, SUITE 220		BALA CYNWYD	PA	19004	13F HOLDINGS REPORT	028-13216			N	
0001120927-25-000008	30-SEP-2025								MONETA GROUP INVESTMENT ADVISORS LLC	100 SOUTH BRENTWOOD	SUITE 500	ST LOUIS	MO	63105	13F HOLDINGS REPORT	028-05899			N	
0001597694-25-000050	30-SEP-2025								MUFG Securities EMEA plc	ROPEMAKER PLACE	25 ROPEMAKER STREET	LONDON	X0	EC2Y 9AJ	13F HOLDINGS REPORT	028-15731			N	
0001940461-25-000010	30-SEP-2025								Advanced Portfolio Management, LLC	1330 AVENUE OF THE AMERICAS	SUITE 36A	NEW YORK	NY	10019	13F HOLDINGS REPORT	028-23278			N	
0001172661-25-004910	30-SEP-2025	N							DIMENSION CAPITAL MANAGEMENT LLC	2800 Ponce De Leon Blvd	15th Floor	Coral Gables	FL	33134	13F HOLDINGS REPORT	028-18068	000109380	801-54709	N	
0001454027-25-000007	30-SEP-2025								Verition Fund Management LLC	ONE AMERICAN LANE		GREENWICH	CT	06831	13F HOLDINGS REPORT	028-13309	000156610	801-74000	N	
0001737109-25-000007	30-SEP-2025								Integrated Wealth Concepts LLC	200 FIFTH AVENUE	SUITE 4010	WALTHAM	MA	02451	13F HOLDINGS REPORT	028-18776			N	
0001007280-25-000016	30-SEP-2025								PUBLIC EMPLOYEES RETIREMENT SYSTEM OF OHIO	277 E TOWN ST		COLUMBUS	OH	43215	13F HOLDINGS REPORT	028-05230			N	
0001863523-25-000010	30-SEP-2025								CSM Advisors, LLC	2000 ERICSSON DRIVE	SUITE 100	WARRENDALE	PA	15086-6507	13F HOLDINGS REPORT	028-21264			N	
0001951757-25-001429	30-SEP-2025								BYRNE FINANCIAL FREEDOM, LLC	11 EAST STREET		FRANKLIN	MA	02038	13F HOLDINGS REPORT	028-25516			N	
0001462020-25-000006	30-SEP-2025	N							Chevy Chase Trust Holdings, LLC	7501 WISCONSIN AVENUE	SUITE 1500W	BETHESDA	MD	20814	13F HOLDINGS REPORT	028-13507			N	
0001193125-25-282109	30-SEP-2025	N							AMERIPRISE FINANCIAL INC	1099 AMERIPRISE FINANCIAL CENTER		MINNEAPOLIS	MN	55474	13F COMBINATION REPORT	028-00139			N	
0000701059-25-000019	30-SEP-2025								MML INVESTORS SERVICES, LLC	1295 STATE STREET		SPRINGFIELD	MA	01111-0001	13F HOLDINGS REPORT	028-16947			Y	MML Investors Services, LLC is a wholly-owned subsidiary of Massachusetts Mutual Life Insurance Company (MassMutual). Wherever MML Investors Services, LLC has indicated that it exercises investment discretion with respect to the positions reported on this Form 13F, such positions shall be deemed reported on behalf of MassMutual to the extent that MassMutual is deemed to share investment discretion over the positions as a result of MassMutual's direct ownership interest in MML Investors Services, LLC.
0001420506-25-003307	30-SEP-2025	N							Aigen Investment Management, LP	411 FIFTH AVE		NEW YORK	NY	10016	13F HOLDINGS REPORT	028-19744	000297391	801-114220	N	
0001816427-25-000005	30-SEP-2025								Crawford Fund Management, LLC	265 FRANKLIN STREET	SUITE 1702	BOSTON	MA	02110-3144	13F HOLDINGS REPORT	028-23840	000158659	801-125023	N	
0002011176-25-000007	30-SEP-2025								Pingora Partners LLC	PO BOX 1250		WILSON	WY	83014	13F HOLDINGS REPORT	028-23710	000148262	801-130523	N	
0001172661-25-004907	30-SEP-2025	N							EVOKE WEALTH, LLC	10635 Santa Monica Boulevard	Suite 240	Los Angeles	CA	90025	13F HOLDINGS REPORT	028-19615	000300856	801-115290	N	
0001104659-25-112088	30-SEP-2025	N							FCA CORP /TX	791 Town & Country Blvd, Suite 250		Houston	TX	77024	13F HOLDINGS REPORT	028-10019	000110658	801-20514	N	
0001533421-25-000019	30-SEP-2025								Tower Research Capital LLC (TRC)	120 BROADWAY	38TH FLOOR	NEW YORK	NY	10271	13F HOLDINGS REPORT	028-15416			N	
0001633445-25-000014	30-SEP-2025								Trexquant Investment LP	300 FIRST STAMFORD PLACE	FIFTH FLOOR WEST	STAMFORD	CT	06902	13F HOLDINGS REPORT	028-16610	000170476	801-79632	N	
0001172661-25-004899	30-SEP-2025	N							ATALANTA SOSNOFF CAPITAL, LLC	505 Fifth Avenue	17th Floor	New York	NY	10017	13F COMBINATION REPORT	028-01162	000104880	801-16739	N	
0001178913-25-003842	30-SEP-2025	N							ODDO BHF ASSET MANAGEMENT SAS	12, BOULEVARD DE LA MADELEINE		PARIS	I0	75009	13F HOLDINGS REPORT	028-24515			N	
0001172661-25-004895	30-SEP-2025	N							NISSAY ASSET MANAGEMENT CORP /JAPAN	6-6, Marunouchi 1-chome	Chiyoda-ku	Tokyo	M0	100-8219	13F HOLDINGS REPORT	028-18526	000113623	801-72465	N	
0001965207-25-000010	30-SEP-2025								Quarry LP	331 PARK AVENUE SOUTH	3RD FLOOR	NEW YORK	NY	10010	13F HOLDINGS REPORT	028-22988			Y	"Certain holdings included in this 13F report may be reported in the 13F holdings reports of other institutional investment managers that may be deemed to share investment discretion with The Quarry LP (""Quarry""), but on whose behalf Quarry is not filing this report."
0001172661-25-004894	30-SEP-2025	N							Lido Advisors, LLC	1875 Century Park East	Suite 950	Los Angeles	CA	90067	13F HOLDINGS REPORT	028-18071	000269866	801-100433	N	
0001420506-25-003282	30-SEP-2025	N							Cannell & Spears LLC	535 MADISON AVENUE, 14TH FLOOR		NEW YORK	NY	10022	13F HOLDINGS REPORT	028-12956	000142633	801-67401	N	
0001104659-25-112072	30-SEP-2025	N							Carter Financial Group, INC.	222 S. COOK ST.		BARRINGTON	IL	60010	13F HOLDINGS REPORT	028-22446			N	
0001172661-25-004885	30-SEP-2025	N							Evercore Wealth Management, LLC	55 East 52nd Street	23rd Floor	New York	NY	10055	13F HOLDINGS REPORT	028-13662	000148399	801-69645	N	
0001549230-25-000031	30-SEP-2025	N							BOOTHBAY FUND MANAGEMENT, LLC	140 EAST 45TH STREET	16TH FLOOR	NEW YORK	NY	10017	13F HOLDINGS REPORT	028-16782	000163706	801-80018	Y	"The institutional investment manager filing this report (the ""Reporting Manager"") has delegated to certain subadvisors (collectively, ""Subadvisers"") sole investment and/or voting discretion with respect to certain of the securities reported herein, and such securities may also be reported in the Forms 13F filed by one or more of such Subadvisers. The filing of this report shall not be deemed an admission, for purposes of Section 13(f), 13(d), 13(g) or 16(a) of the Securities Exchange Act of 1934, as amended (the ""Exchange Act"") or otherwise, that the Reporting Manager has investment discretion or voting authority over any securities reported herein and, notwithstanding the inclusion of any security in this report, the Reporting Manager expressly disclaims beneficial ownership of any security reported herein with respect to which it has delegated sole investment and voting discretion to a Subadviser and does not presently have the right to terminate such delegation within sixty days. Further, the filing of this report shall not be deemed an admission, for purposes of Section 13(f), 13 (d), 13(g) or 16(a) of the Exchange Act or otherwise, that the Reporting Manager or any Subadviser is a member of a group for the purpose of acquiring, holding, voting, or disposing of any such security."
0001172661-25-004883	30-SEP-2025	N							MIRABELLA FINANCIAL SERVICES LLP	11 Strand		London	X0	WC2N 5HR	13F COMBINATION REPORT	028-20053	000160328	802-75591	N	
0001420506-25-003276	30-SEP-2025	N							Empower Advisory Group, LLC	8515 East Orchard Road 4T2		Greenwood Village	CO	80111	13F HOLDINGS REPORT	028-23282	000112058	801-58105	N	
0001997464-25-000068	30-SEP-2025								Marex Group plc	155 Bishopsgate		London	X0	EC2M 3TQ	13F HOLDINGS REPORT	028-25755		001-42020	N	
0001050743-25-000015	30-SEP-2025	N							PEAPACK GLADSTONE FINANCIAL CORP	500 Hills Drive		Bedminster	NJ	07921	13F HOLDINGS REPORT	028-06431			N	
0001104659-25-112068	30-SEP-2025	N							Cornerstone Select Advisors, LLC	13171 OLIVE BOULEVARD	SUITE 302	ST. LOUIS	MO	63141	13F HOLDINGS REPORT	028-25213			N	
0001172661-25-004879	30-SEP-2025	Y	1	RESTATEMENT	N				Clear Harbor Asset Management, LLC	263 Tresser Blvd	15th Floor	Stamford	CT	06901	13F HOLDINGS REPORT	028-14126	000152242	801-70821	N	
0001104659-25-112060	30-SEP-2025	N							Rothschild Wealth LLC	700 Commerce Drive	Suite 170	Oak Brook	IL	60523	13F HOLDINGS REPORT	028-22711	000162442	801-74818	N	
0001172661-25-004874	30-SEP-2025	N							Vident Advisory, LLC	1125 Sanctuary Parkway, Suite 515		Alpharetta	GA	30009	13F COMBINATION REPORT	028-19675	000286622	801-114538	N	
0001420506-25-003260	30-SEP-2025	N							Aragon Global Management, LP	3480 MAIN HIGHWAY	SUITE 301	MIAMI	FL	33133	13F HOLDINGS REPORT	028-23953			N	
0001145443-25-000275	30-SEP-2025	N							MANUFACTURERS LIFE INSURANCE COMPANY, THE	200 BLOOR ST EAST		TORONTO	A6	M4W 1E5	13F HOLDINGS REPORT	028-04428			N	
0000899140-25-001288	30-SEP-2025	N							TWO SIGMA SECURITIES, LLC	100 AVENUE OF THE AMERICAS	2ND FLOOR	NEW YORK	NY	10013	13F HOLDINGS REPORT	028-16740	000148960	8-68090	N	
0001404574-25-000002	30-SEP-2025	N							683 Capital Management, LLC	1700 BROADWAY	SUITE 4200	NEW YORK	NY	10019	13F HOLDINGS REPORT	028-14771	000156181	801-73162	N	
0000899140-25-001286	30-SEP-2025	N							TWO SIGMA INVESTMENTS, LP	100 AVENUE OF THE AMERICAS	16TH FLOOR	NEW YORK	NY	10013	13F HOLDINGS REPORT	028-10385	000137137	801-70476	Y	"This Form 13F holdings report is being filed on behalf of Two Sigma Investments, LP (""Investments""). Investments serves as the sole manager or investment manager, as applicable, of (i) Two Sigma Equity Portfolio, LLC (""Equity""), Two Sigma Spectrum Portfolio, LLC (""Spectrum""), Two Sigma Futures Portfolio, LLC (""Futures""), Two Sigma Horizon Portfolio, LLC (""Horizon""), Two Sigma Blazar Portfolio, LLC (""Blazar""), Two Sigma Navigator Portfolio, LLC (""Navigator"") and Two Sigma Equity Spectrum Portfolio, LLC (""Equity Spectrum""), seven investment entities that are managed by Investments, each of which may be deemed to be an ""other manager"" for purposes of this Form 13F report and (ii) Two Sigma Galileo Portfolio, LLC (""Galileo"") and Two Sigma Pioneer Portfolio, LLC (""Pioneer"") two investment entities that are managed by Investments and that each may not presently be deemed to be an ""other manager"" for purposes of this Form 13F report. Investments, rather than Equity, Spectrum, Futures, Horizon, Blazar, Navigator, Equity Spectrum, Galileo or Pioneer exercises sole investment discretion and voting authority over the securities held in the various accounts of Equity, Spectrum, Futures, Horizon, Blazar, Navigator, Equity Spectrum, Galileo and Pioneer."
0001107261-25-000004	30-SEP-2025	N							BRIDGEWAY CAPITAL MANAGEMENT, LLC	20 Greenway Plaza	SUITE 930	HOUSTON	TX	77046	13F COMBINATION REPORT	028-05563	000111441	801-44394	N	
0001942364-25-000009	30-SEP-2025								Azimuth Capital Investment Management LLC	200 E. LONG LAKE ROAD	SUITE 160	BLOOMFIELD HILLS	MI	48304	13F HOLDINGS REPORT	028-22605	000319062	801-123448	N	
0001013594-25-001405	30-SEP-2025	N							INTREPID FAMILY OFFICE LLC	2170 MAIN ST, UNIT 404		SARASOTA	FL	34237	13F HOLDINGS REPORT	028-21966			N	
0002054465-25-000005	30-SEP-2025								Hughes Financial Services, LLC	2201 COOPERATIVE WAY	SUITE 150	HERNDON	VA	20171	13F HOLDINGS REPORT	028-24845	000173195	801-80866	N	
0001881567-25-000003	30-SEP-2025								Clear Street Group Inc.	55 BROADWAY	SUITE 2102	NEW YORK	NY	10006	13F HOLDINGS REPORT	028-25857			N	
0000908834-25-000344	30-SEP-2025	N							Lombard Odier Asset Management (Switzerland) SA	6, AVENUE DES MORGINES	1213 PETIT-LANCY	PETIT-LANCY	V8	1213	13F HOLDINGS REPORT	028-16247			N	
0000899140-25-001279	30-SEP-2025	N							TWO SIGMA ADVISERS, LP	100 AVENUE OF THE AMERICAS	16TH FLOOR	NEW YORK	NY	10013	13F HOLDINGS REPORT	028-14367	000152254	801-71110	Y	"This Form 13F holdings report is being filed on behalf of Two Sigma Advisers, LP (""Advisers""). Advisers serves as the sole manager or investment manager, as applicable, of (i) Two Sigma Absolute Return Portfolio, LLC (""Absolute Return""), Two Sigma Active Extension U.S. All Cap Equity Portfolio, LLC (""Active Extension All Cap""), Two Sigma Active Extension U.S. Small Cap Equity Fund, LP (""Active Extension Small Cap""), Two Sigma World Core Fund, LP (""World Core"") and Two Sigma Equity Risk Premia Portfolio, LLC (""Equity Risk Premia""), five investment entities that are managed by Advisers, each of which may be deemed to be an ""other manager"" for purposes of this Form 13F report, (ii) Two Sigma International Core Portfolio, LLC (""International Core"") and Two Sigma Macro Risk Premia Portfolio, LLC (""Macro Risk Premia""), two investment entities that are managed by Advisers and that may not presently be deemed to be an ""other manager"" for purposes of this Form 13F report and (iii) one or more separately managed accounts and sub-advised accounts (collectively, the ""Managed Accounts""), each of which may not presently be deemed to be an ""other manager"" for purposes of this 13F report. Advisers, rather than Absolute Return, Active Extension All Cap, Active Extension Small Cap, World Core, Equity Risk Premia, International Core, Macro Risk Premia or the Managed Accounts, exercises sole investment discretion and voting authority over the securities held in the various accounts of Absolute Return, Active Extension All Cap, Active Extension Small Cap, World Core, Equity Risk Premia, International Core, Macro Risk Premia and in the Managed Accounts."
0002065849-25-000003	30-SEP-2025	N							Yukon Wealth Management, Inc.	15050 Antioch Road	Suite 101	Overland Park	KS	66221	13F HOLDINGS REPORT	028-25514	000109413	801-80908	N	
0001398344-25-020923	30-SEP-2025	N							KLINGENSTEIN FIELDS & CO LP	125 PARK AVENUE	SUITE 1700	NEW YORK	NY	10017	13F HOLDINGS REPORT	028-02588			N	
0001475597-25-000029	30-SEP-2025								HRT FINANCIAL LP	3 WORLD TRADE CENTER, 175 GREENWICH STRE	76TH FLOOR	NEW YORK	NY	10007	13F HOLDINGS REPORT	028-16455			N	
0000093751-25-000651	30-SEP-2025								STATE STREET CORP	1 CONGRESS STREET	SUITE 1	BOSTON	MA	02114	13F HOLDINGS REPORT	028-00399			N	
0001193125-25-281818	30-SEP-2025	N							PINEBRIDGE INVESTMENTS, L.P.	65 EAST 55TH STREET		NEW YORK	NY	10022	13F HOLDINGS REPORT	028-14581			N	
0001729829-25-000053	30-SEP-2025								Qube Research & Technologies Ltd	9 BRESSENDEN PLACE		LONDON	X0	SW1E 5BY	13F HOLDINGS REPORT	028-18757	000304552	802-116999	N	
0001104659-25-112011	30-SEP-2025	N							NATIXIS	7, PROMENADE GERMAINE SABLON		PARIS	I0	75013	13F COMBINATION REPORT	028-12482			N	
0001910205-25-000007	30-SEP-2025								Guardian Wealth Management, Inc.	311 SW WATER ST	SUITE 210	PEORIA	IL	61602	13F HOLDINGS REPORT	028-22191	000154159	028-22191	N	
0001141802-25-000013	30-SEP-2025	N							NORTHWESTERN MUTUAL WEALTH MANAGEMENT CO	720 EAST WISCONSIN AVENUE		MILWAUKEE	WI	53202	13F COMBINATION REPORT	028-11160			N	
0001398344-25-020886	30-SEP-2025	N							Clark Capital Management Group, Inc.	ONE LIBERTY PLACE, 53RD FLOOR	1650 MARKET STREET	PHILADELPHIA	PA	19103	13F HOLDINGS REPORT	028-11680	000104796	801-28445	N	
0001398344-25-020899	30-SEP-2025	N							MATRIX PRIVATE CAPITAL GROUP LLC	400 PARK AVE	SUITE 610	NEW YORK	NY	10022	13F HOLDINGS REPORT	028-22052	000285531	801-108654	N	
0001398344-25-020894	30-SEP-2025	N							GUARDIAN WEALTH ADVISORS, LLC / NC	4270 THE CIRCLE AT NORTH HILLS STREET	SUITE 200	RALEIGH	NC	27609	13F HOLDINGS REPORT	028-21945	000305412	801-118121	N	
0001624758-25-000011	30-SEP-2025								Capital Analysts, LLC	601 OFFICE CENTER DRIVE	SUITE 300	FORT WASHINGTON	PA	19034	13F HOLDINGS REPORT	028-16292	000162200		N	
0001193125-25-281760	30-SEP-2025	N							M&T Bank Corp	C/O LEGAL	ONE M&T PLAZA	BUFFALO	NY	14203	13F HOLDINGS REPORT	028-00267			N	
0001104659-25-112000	30-SEP-2025	N							OSSIAM	6 PLACE DE LA MADELEINE		PARIS	I0	75008	13F HOLDINGS REPORT	028-19252			N	
0001642575-25-000011	30-SEP-2025								Squarepoint Ops LLC	250 W. 55TH STREET	32ND FLOOR	NEW YORK	NY	10019	13F HOLDINGS REPORT	028-16923	000172116	801-80565	N	
0001803156-25-000006	30-SEP-2025								Menard Financial Group LLC	2603 AUGUSTA DR. STE 1200		HOUSTON	TX	77057	13F HOLDINGS REPORT	028-19960	000299404	801-114342	N	
0001104659-25-111991	30-SEP-2025	N							OSTRUM ASSET MANAGEMENT	43 AVENUE PIERRE MENDES-FRANCE		PARIS	I0	75013	13F COMBINATION REPORT	028-19266			N	
0001172661-25-004840	30-SEP-2025	N							Archon Partners LLC	16 Huntington Drive		Princeton Junction	NJ	08550	13F HOLDINGS REPORT	028-13368	000155756	801-73562	N	
0001951757-25-001428	30-SEP-2025								MGO Private Wealth, LLC	111 PACIFICA	SUITE 300	IRVINE	CA	92618	13F HOLDINGS REPORT	028-22695			N	
0001193125-25-281706	30-SEP-2025	N							COHEN & STEERS, INC.	1166 AVENUE OF THE AMERICAS	30th Floor	NEW YORK	NY	10036	13F COMBINATION REPORT	028-11197			N	
0001807270-25-000007	30-SEP-2025								Luminist Capital LLC	4981 CASCADE RD SE	SUITE C	GRAND RAPIDS	MI	49548	13F HOLDINGS REPORT	028-25319	000173396	801-126094	N	
0001214659-25-016489	30-SEP-2025	N							Bramshill Investments, LLC	801 LAUREL OAK DR.	SUITE 300	NAPLES	FL	34108	13F HOLDINGS REPORT	028-18128			N	
0001214659-25-016487	30-SEP-2025	N							&PARTNERS	40 BURTON HILLS BLVD.	SUITE 350	NASHVILLE	TN	37215	13F HOLDINGS REPORT	028-19034			N	
0001214659-25-016488	30-SEP-2025	N							BECK CAPITAL MANAGEMENT, LLC	2009 S. CAPITAL OF TEXAS HWY.	STE 200	AUSTIN	TX	78746	13F HOLDINGS REPORT	028-16099	000152705		N	
0000902219-25-000462	30-SEP-2025								WELLINGTON MANAGEMENT GROUP LLP	c/o Wellington Management Company LLP	280 Congress Street	Boston	MA	02210	13F HOLDINGS REPORT	028-04557			N	
0002079571-25-000025	30-SEP-2025								Investors Towarzystwo Funduszy Inwestycyjnych Spolka Akcyjna	UL. MOKOTOWSKA 1		WARSAW	R9	00-640	13F HOLDINGS REPORT	028-25720			N	
0001172661-25-004820	30-SEP-2025	N							South Street Advisors LLC	623 Fifth Avenue		New York	NY	10022	13F HOLDINGS REPORT	028-12519	000112326	801-55383	N	
0001104659-25-111948	30-SEP-2025	Y	1	RESTATEMENT	N				WESTPAC BANKING CORP	Level 3, 275 Kent Street		Sydney	C3	2000	13F HOLDINGS REPORT	028-14770			N	
0002071170-25-000027	30-SEP-2025								TOWARZYSTWO FUNDUSZY INWESTYCYJNYCH PZU SA	RONDO IGNACEGO DASZYNSKIEGO 4		WARSAW	R9	00-843	13F HOLDINGS REPORT	028-25717			N	
0001172661-25-004806	30-SEP-2025	N							MANGROVE PARTNERS IM, LLC	2 Sound View Drive		Greenwich	CT	06830	13F HOLDINGS REPORT	028-15348	000162296	801-78070	N	
0001193125-25-281511	30-SEP-2025	N							Siemens Fonds Invest GmbH	OTTO-HAHN-RING 6		MUNICH	2M	81739	13F HOLDINGS REPORT	028-21292		028-21292	N	
0001172661-25-004804	30-SEP-2025	N							Laird Norton Wetherby Wealth Management, LLC	580 California Street	8th Floor	San Francisco	CA	94104	13F HOLDINGS REPORT	028-10655	000107341	801-36445	N	
0001172661-25-004803	30-SEP-2025	N							Laird Norton Wetherby Trust Company, LLC	801 Second Ave 16th Floor		Seattle	WA	98104-1564	13F HOLDINGS REPORT	028-03941			N	
0001172661-25-004800	30-SEP-2025	N							Hyperion Asset Management Ltd	Po Box R604		Royal Exchange	C3	1225	13F HOLDINGS REPORT	028-16934	000289310	801-111031	N	
0001172661-25-004798	30-SEP-2025	N							Heard Capital LLC	1 N. Wacker Dr	Suite 3650	Chicago	IL	60606	13F HOLDINGS REPORT	028-19839	000297176	801-117709	N	
0001193125-25-281376	30-SEP-2025	N							Howard Hughes Medical Institute	4000 Jones Bridge Road		Chevy Chase	MD	20815-6789	13F HOLDINGS REPORT	028-01897			N	
0001062993-25-016783	30-SEP-2025	N							STATE OF WISCONSIN INVESTMENT BOARD	4703 MADISON YARDS WAY, SUITE 700		MADISON	WI	53705	13F HOLDINGS REPORT	028-02519			N	
0001999371-25-017736	30-SEP-2025	N							Investment Management Corp of Ontario	16 York Street, Suite 2400		Toronto	Z4	M5J 0E6	13F HOLDINGS REPORT	028-20969		28-20969	N	
0001172661-25-004790	30-SEP-2025	N							BLKBRD Asset Management, LP	53 Forest Avenue	Suite 215	Old Greenwich	CT	06870	13F HOLDINGS REPORT	028-25188	000329262	802-130536	N	
0001999346-25-000002	30-SEP-2025	N							Knollwood Investment Advisory, LLC	217 INTERNATIONAL CIRCLE		HUNT VALLEY	MD	21030	13F HOLDINGS REPORT	028-23455			N	
0001830819-25-000013	30-SEP-2025								Kestra Advisory Services, LLC	5707 SOUTHWEST PARKWAY	BUILDING 2, SUITE 400	AUSTIN	TX	78735	13F HOLDINGS REPORT	028-20379			N	
0001578242-25-000007	30-SEP-2025								Circle Wealth Management, LLC	47 MAPLE STREET, SUITE 201		SUMMIT	NJ	07901	13F HOLDINGS REPORT	028-18054	000142878	801-67841	N	
0000919574-25-006797	30-SEP-2025	N							L2 Asset Management, LLC	66 Glezen Lane		Wayland	MA	01778	13F HOLDINGS REPORT	028-19942	000172688	801-107084	N	
0001172661-25-004787	30-SEP-2025	N							NorthRock Partners, LLC	225 SOUTH 6TH STREET	SUITE 1400	MINNEAPOLIS	MN	55402	13F HOLDINGS REPORT	028-16755	000167908	801-78194	N	
0001172661-25-004782	30-SEP-2025	N							Tamar Securities, LLC	22466 Ventura Boulevard		Woodland Hills	CA	91364	13F HOLDINGS REPORT	028-20351	000153991	801-71532	N	
0001580677-25-000002	30-SEP-2025	N							Sustainable Insight Capital Management, LLC	33 WEST 60TH STREET	FLOOR 2	NEW YORK	NY	10023	13F HOLDINGS REPORT	028-17909			N	
0001595888-25-000155	30-SEP-2025								JANE STREET GROUP, LLC	250 VESEY STREET	6TH FLOOR	NEW YORK	NY	10281	13F HOLDINGS REPORT	028-16162			Y	The 13F Holdings Report includes options that deliver two different securities and each has been reflected separately. The 13F Holdings Report includes options that deliver securities which are not on the SEC's Official List of Section 13(F) Securities.
0001705711-25-000009	30-SEP-2025								Morse Asset Management, Inc	23 OLD KINGS HIGHWAY SOUTH	SUITE 200	DARIEN	CT	06820	13F HOLDINGS REPORT	028-18018			N	
0002068251-25-000004	30-SEP-2025								Gullane Capital, LLC	640 S. PERKINS ROAD		MEMPHIS	TN	38117	13F HOLDINGS REPORT	028-25772	000313464	801-121629	N	
0001655543-25-000002	30-SEP-2025								Cavalier Investments, LLC	12600 DEERFIELD PARKWAY	SUITE #100	ALPHARETTA	GA	30004	13F HOLDINGS REPORT	028-17041			N	
0001193125-25-280760	30-SEP-2025	N							COMERICA BANK	1717 MAIN STREET	MC 6404	DALLAS	TX	75201	13F HOLDINGS REPORT	028-10331			N	
0001949033-25-000004	30-JUN-2025								Spahn Wealth & Retirement LLC	4310 NORTH 75TH STREET		SCOTTSDALE	AZ	85251	13F HOLDINGS REPORT	028-24995			N	
0002059344-25-000005	30-SEP-2025								Wood Tarver Financial Group, LLC	3232 E BARBER VALLEY DRIVE		BOISE	ID	83716	13F HOLDINGS REPORT	028-25438			N	
0001172661-25-004786	30-SEP-2025	N							Volterra Technologies LP	66 Hudson Boulevard E	24th Floor	New York	NY	10001	13F HOLDINGS REPORT	028-20441	000306817	801-117896	N	
0001949033-25-000005	31-MAR-2025								Spahn Wealth & Retirement LLC	4310 NORTH 75TH STREET		SCOTTSDALE	AZ	85251	13F HOLDINGS REPORT	028-24995			N	
0001549042-25-000002	30-SEP-2025	N							Diligent Investors, LLC	1447 FORD STREET, #200		REDLANDS	CA	92374	13F HOLDINGS REPORT	028-16635			N	
0001628280-25-052170	30-SEP-2025	N							Virtus Investment Advisers, LLC	ONE FINANCIAL PLAZA	26TH FLOOR	HARTFORD	CT	06103	13F COMBINATION REPORT	028-00085	000106982	801-5995	N	
0001872787-25-000008	30-SEP-2025								Goldstream Capital Management Ltd	SUITE 08, 70/F, TWO IFC	8 FINANCE STREET	CENTRAL	K3	000000	13F HOLDINGS REPORT	028-21773			N	
0001420506-25-003216	30-SEP-2025	N							MARSHALL INVESTMENT MANAGEMENT, LLC	10822 WEST TOLLER DRIVE	SUITE 195	LITTLETON	CO	80127	13F HOLDINGS REPORT	028-24728	000174817	801-117304	N	
0001800217-25-000010	30-SEP-2025								Resolute Advisors LLC	39 MESA STREET	SUITE 210	SAN FRANCISCO	CA	94129	13F HOLDINGS REPORT	028-21015	000300326	801-114830	N	
0001845849-25-000005	30-SEP-2025								CONSULTIVA WEALTH MANAGEMENT, CORP.	250 AVE MUNOZ RIVERA, SUITE 1420		SAN JUAN	PR	00918	13F HOLDINGS REPORT	028-20984	000111846		N	
0002052590-25-000005	30-SEP-2025								OFC FINANCIAL PLANNING, LLC	35 CANOE BROOK RD		SHORT HILLS	NJ	07078	13F HOLDINGS REPORT	028-24604	000133846	801-130612	N	
0000898419-25-000020	30-SEP-2025								PRUDENTIAL PLC	5TH FLOOR, 10 OLD BAILEY		LONDON	X0	EC4M 7NG	13F HOLDINGS REPORT	028-03582			N	
0001062993-25-016775	30-SEP-2025	N							Coppell Advisory Solutions LLC	9111 CYPRESS WATERS BLVD	SUITE 140	COPPELL	TX	75019	13F HOLDINGS REPORT	028-21108			N	
0002055907-25-000005	30-SEP-2025	N							Vista Cima Wealth Management LLC	14985 W BELL RD; STE 150		SURPRISE	AZ	85374	13F HOLDINGS REPORT	028-25316			N	
0001949033-25-000003	30-SEP-2025								Spahn Wealth & Retirement LLC	4310 NORTH 75TH STREET		SCOTTSDALE	AZ	85251	13F HOLDINGS REPORT	028-24995			N	
0001941040-25-000654	30-SEP-2025	N							Beacon Pointe Advisors, LLC	24 CORPORATE PLAZA DRIVE	SUITE 150	NEWPORT BEACH	CA	92660	13F COMBINATION REPORT	028-19009	000119290	801-60943	N	
0001376474-25-000928	30-SEP-2025								Terril Brothers, Inc.	P.O. Box 31277		St. Louis	MO	63131	13F HOLDINGS REPORT	028-16320			N	
0001389958-25-000032	30-SEP-2025								PEAK6 LLC	2010 E. 6TH ST		AUSTIN	TX	78702	13F HOLDINGS REPORT	028-12346			N	
0001646247-25-000006	30-SEP-2025								Wealthspire Advisors, LLC	521 5TH AVENUE	15TH FLOOR	NEW YORK	NY	10175	13F HOLDINGS REPORT	028-19390	000106181	801-49390	N	
0001694126-25-000008	30-SEP-2025								Harvest Fund Management Co., Ltd	12/F,TOWER C,BEIJING INTERNATIONAL CLUB	21 JIANGUOMENWAI STREET,	BEIJING	F4		13F HOLDINGS REPORT	028-17717			N	
0001951757-25-001427	30-SEP-2025								SeaCrest Wealth Management, LLC	3000 WESTCHESTER AVENUE	SUITE 206	PURCHASE	NY	10577	13F HOLDINGS REPORT	028-18252			N	
0001633037-25-000005	30-SEP-2025								Rehmann Capital Advisory Group	4086 LEGACY PARKWAY		LANSING	MI	48911	13F HOLDINGS REPORT	028-16835	000123047	801-64587	N	
0002011612-25-000002	30-SEP-2025	N							Pathstone Holdings, LLC	10 STERLING BLVD	SUITE 402	ENGLEWOOD	NJ	07631	13F HOLDINGS REPORT	028-23932			N	
0000947517-25-000003	30-SEP-2025	N							PACIFIC SUN FINANCIAL CORP	10940 WILSHIRE BLVD	SUITE 1450	LOS ANGELES	CA	90024	13F HOLDINGS REPORT	028-18678			N	
0002055810-25-000005	30-SEP-2025								Eisler Capital Management Ltd.	1 SHERWOOD STREET		LONDON	X0	W1F 7BL	13F HOLDINGS REPORT	028-25152			N	
0000752365-25-000009	30-SEP-2025								WALTER & KEENAN WEALTH MANAGEMENT LLC /IN/ /ADV	202 S. MICHIGAN STREET	SUITE 910	SOUTH BEND	IN	46601	13F HOLDINGS REPORT	028-16127	000104838	801-22367	N	
0001905393-25-000003	30-SEP-2025	N							PCG Wealth Advisors, LLC	5700 W 112TH ST	STE 120	OVERLAND PARK	KS	66211	13F HOLDINGS REPORT	028-21744	000290977	801-112183	N	
0001720969-25-000003	30-SEP-2025	N							Legacy Advisors, LLC	5 APOLLO ROAD	SUITE 100	PLYMOUTH MEETING	PA	19462	13F HOLDINGS REPORT	028-18155	000139830	801-66582	N	
0001535588-25-000009	30-SEP-2025								Twin Tree Management, LP	6688 N. CENTRAL EXPRESSWAY	SUITE 1610	DALLAS	TX	75206	13F HOLDINGS REPORT	028-15586	000149548	801-73138	N	
0001593387-25-000007	30-SEP-2025								GeoWealth Management, LLC	444 N. MICHIGAN AVE, STE 3150		CHICAGO	IL	60611	13F COMBINATION REPORT	028-16841	000014822	801-71114	N	
0002012816-25-000011	30-SEP-2025								Aware Super Pty Ltd as trustee of Aware Super	388 GEORGE STREET	LEVEL 28	SYDNEY	C3	2000	13F HOLDINGS REPORT	028-25091			N	
0001812090-25-000005	30-SEP-2025	N							Vise Technologies, Inc.	521 BROADWAY	3RD FLOOR	NEW YORK	NY	10012	13F HOLDINGS REPORT	028-22559			N	
0001912339-25-000002	30-SEP-2025	N							Resurgent Financial Advisors LLC	6300 POWERS FERRY ROAD	600-207	ATLANTA	GA	30339	13F HOLDINGS REPORT	028-22507	000299575	801-117725	N	
0001214659-25-016427	30-SEP-2025	N							Wealth Watch Advisors, INC	8310 S. VALLEY HIGHWAY	SUITE 107	ENGLEWOOD	CO	80112	13F HOLDINGS REPORT	028-25598			N	
0001420506-25-003207	30-SEP-2025	N							Lavaca Capital LLC	2700 POST OAK BLVD.	SUITE 1250	HOUSTON	TX	77056	13F HOLDINGS REPORT	028-18972			N	
0001908938-25-000007	30-SEP-2025								Beaird Harris Wealth Management, LLC	5005 LBJ FWY	SUITE 1700	DALLAS	TX	75244	13F HOLDINGS REPORT	028-22540	000107238		N	
0001228242-25-000017	30-SEP-2025								BRITISH COLUMBIA INVESTMENT MANAGEMENT Corp	750 PANDORA AVE		VICTORIA	A1	V8W 0E4	13F HOLDINGS REPORT	028-13989			N	
0001536080-25-000003	30-SEP-2025	N							Banco BTG Pactual S.A.	PRAIA DE BOTAFOGO,501, 5TH FLOOR	TORRE CORCOVADO, BOTAFOGO	RIO DE JANEIRO	D5	24210-400	13F HOLDINGS REPORT	028-17443			N	
0001256071-25-000009	30-SEP-2025	N							PLATINUM INVESTMENT MANAGEMENT LTD	C/O PLATINUM ASSET MANAGEMENT	LEVEL 8, 7 MACQUARIE PLACE	SYDNEY AUSTRALIA 2000	C3	00000	13F HOLDINGS REPORT	028-14358			N	
0002017870-25-000007	30-SEP-2025								WealthCollab, LLC	1400 112TH AVE SE, SUITE 100		BELLEVUE	WA	98004	13F HOLDINGS REPORT	028-24047	000269840	801-122488	N	
0001092838-25-000005	30-SEP-2025								INTREPID CAPITAL MANAGEMENT INC	1400 MARSH LANDING PARKWAY	SUITE 106	JACKSONVILLE BEACH	FL	32250	13F HOLDINGS REPORT	028-10510			N	
0001915842-25-000021	30-SEP-2025								Nearwater Capital Markets, Ltd	ONE VANDERBILT AVE.	33RD FL.	NEW YORK	NY	10017	13F HOLDINGS REPORT	028-25109			N	
0001584686-25-000002	30-SEP-2025								Kentucky Retirement Systems Insurance Trust Fund	1260 LOUISVILLE ROAD		FRANKFORT	KY	40601	13F HOLDINGS REPORT	028-15655			N	
0001398344-25-020877	30-SEP-2025	N							Family Management Corp	155 E. 44TH STREET	21ST FLOOR	NEW YORK	NY	10017	13F HOLDINGS REPORT	028-14892	000104951	801-35943	N	
0001172661-25-004779	30-SEP-2025	N							Safeguard Investment Advisory Group, LLC	4160 Temescal Canyon Road	Suite 307	Corona	CA	92883	13F HOLDINGS REPORT	028-21043	000146132	801-110651	N	
0001318757-25-000046	30-SEP-2025								MARSHALL WACE, LLP	GEORGE HOUSE	131 SLOANE STREET	LONDON	X0	SW1X 9AT	13F HOLDINGS REPORT	028-11304	000160885	802-76358	N	
0001537783-25-000008	30-SEP-2025								Kentucky Retirement Systems	1260 LOUISVILLE ROAD		FRANKFORT	KY	40601	13F HOLDINGS REPORT	028-15654			N	
0001104659-25-111415	30-SEP-2025	N							CANADA PENSION PLAN INVESTMENT BOARD	ONE QUEEN STREET EAST	STE 2500	TORONTO ONTARIO	A6	M5C2W5	13F HOLDINGS REPORT	028-12303			N	
0001303159-25-000012	30-SEP-2025								SCS Capital Management LLC	888 BOYLSTON STREET	SUITE 1010	BOSTON	MA	02199	13F HOLDINGS REPORT	028-14545	000122258	801-61448	N	
0001628280-25-052086	30-SEP-2025	N							MetLife Investment Management, LLC	ONE METLIFE WAY		Whippany	NJ	07981	13F HOLDINGS REPORT	028-18628			Y	Please note that this 13F Holdings Report filer is affiliated with Metropolitan Life Insurance Company and Provida Pension Fund Administrator who are also filing 13F Holdings Reports. Each entity filing its own 13F Holdings Report because each entity has investment discretion over certain 13(f) securities reported. All three 13F Holdings Report filers are under common control of their ultimate parent, MetLife, Inc, who is filing a13F Combination Report.
0001172661-25-004778	30-SEP-2025	N							GC Wealth Management RIA, LLC	20 University Road	4th Floor	Cambridge	MA	02138	13F COMBINATION REPORT	028-23716			N	
0001454984-25-000018	30-SEP-2025								Ensign Peak Advisors, Inc	60 EAST SOUTH TEMPLE STREET	SUITE 400	SALT LAKE CITY	UT	84111-1040	13F HOLDINGS REPORT	028-20112			N	
0002011314-25-000008	30-SEP-2025								LM Advisors LLC	750 B ST	SUITE 3020	SAN DIEGO	CA	92101	13F HOLDINGS REPORT	028-23925			N	
0001172661-25-004777	30-SEP-2025	N							Bridgewater Associates, LP	One Nyala Farms Road		Westport	CT	06880	13F HOLDINGS REPORT	028-11794	000105129	801-35875	N	
0000315297-25-000015	30-SEP-2025								PUBLIC EMPLOYEES RETIREMENT ASSOCIATION OF COLORADO	1301 PENNSYLVANIA STREET		DENVER	CO	80203	13F HOLDINGS REPORT	028-00817			N	
0001754960-25-000788	30-SEP-2025								SWEENEY & MICHEL, LLC	196 COHASSET ROAD	SUITE 100	CHICO	CA	95926	13F HOLDINGS REPORT	028-23289			N	
0001172661-25-004776	30-SEP-2025	N							CERTUITY, LLC	1295 US HIGHWAY ONE	THIRD FLOOR	NORTH PALM BEACH	FL	33408	13F COMBINATION REPORT	028-19813	000129505	801-62580	N	
0000919574-25-006724	30-SEP-2025	N							TOCQUEVILLE ASSET MANAGEMENT L.P.	40 West 57th Street	19th Floor	New York	NY	10019	13F HOLDINGS REPORT	028-03589	000105690	801-36209	N	
0002052658-25-000004	30-SEP-2025	N							Saiph Capital, LLC	244 EVERETT AVENUE		WYCKOFF	NJ	07481	13F HOLDINGS REPORT	028-24885			N	
0000892712-25-000153	30-SEP-2025								Johnson Financial Group, Inc.	555 MAIN STREET		RACINE	WI	53403	13F HOLDINGS REPORT	028-13747			N	
0000905148-25-003925	30-SEP-2025	N							Jump Financial, LLC	600 W Chicago Ave	Suite 600	Chicago	IL	60654	13F HOLDINGS REPORT	028-20381			Y	The Reporting Manager, Jump Financial, LLC, and each of the Other Included Managers identified herein is under common control with J Digital 6 LLC (Form 13F File Number 028-25853) and each of the Other Included Managers identified in J Digital 6 LLC's Form 13F.
0001653199-25-000005	30-SEP-2025								FFT WEALTH MANAGEMENT LLC	TWO LIBERTY PLACE	50 S. 16TH STREET, SUITE 3440	PHILADELPHIA	PA	19102	13F HOLDINGS REPORT	028-17167	000151225	801-70638	N	
0001976151-25-000025	30-SEP-2025								Entropy Technologies, LP	1359 BROADWAY	SUITE 1130	NEW YORK	NY	10018	13F HOLDINGS REPORT	028-23859	000325283	801-127654	N	
0001704300-25-000006	30-SEP-2025								Founders Capital Management	4400 POST OAK PARKWAY	STE 2530	HOUSTON	TX	77027	13F HOLDINGS REPORT	028-18033			N	
0000919574-25-006719	30-SEP-2025	N							LANDSCAPE CAPITAL MANAGEMENT, L.L.C.	285 Grand Avenue	Building 1	Englewood	NJ	07631	13F HOLDINGS REPORT	028-15832	000165336	801-79530	N	
0001856103-25-000010	30-SEP-2025								PINNBROOK CAPITAL MANAGEMENT LP	437 MADISON AVENUE	27TH FLOOR	NEW YORK	NY	10022	13F HOLDINGS REPORT	028-21782	000031282	801-120535	N	
0001742435-25-000008	30-SEP-2025								FORA Capital, LLC	1221 BRICKELL AVE	SUITE 900	MIAMI	FL	33131	13F HOLDINGS REPORT	028-20027	000295393	801-119199	N	
0002085853-25-000273	30-SEP-2025	N							Capital Wealth Planning, LLC	9015 STRADA STELL COURT	SUITE 203	NAPLES	FL	34109	13F HOLDINGS REPORT	028-15439	000150764	801-70333	N	
0001172661-25-004768	30-SEP-2025	N							Compass Wealth Management, LLC/GA	115 Perimeter Center Pl.	Suite 870	Atlanta	GA	30346	13F HOLDINGS REPORT	028-25733	000112326	801-55383	N	
0001398344-25-020865	30-SEP-2025	N							KAYNE ANDERSON RUDNICK INVESTMENT MANAGEMENT LLC	2000 AVENUE OF THE STARS, SUITE 1110		LOS ANGELES	CA	90067	13F HOLDINGS REPORT	028-05792	000104599	801-24241	N	
0001193125-25-280140	30-SEP-2025	N							Broadleaf Partners, LLC	9 AURORA STREET, SUITE 5		Hudson	OH	44236	13F HOLDINGS REPORT	028-18196			N	
0001802655-25-000012	30-SEP-2025	N							Texas Capital Bank Wealth Management Services Inc	2000 McKinney Ave	Suite 1800	Dallas	TX	75201	13F HOLDINGS REPORT	028-19962			N	
0001077428-25-000152	30-SEP-2025	N							Texas Capital Bancshares Inc/TX	2000 McKinney Ave		Dallas	TX	75201	13F HOLDINGS REPORT	028-11275			N	
0001214659-25-016418	30-SEP-2025	N							Mission Creek Capital Partners, Inc.	101 MISSION STREET	SUITE 1750	SAN FRANCISCO	CA	94105	13F HOLDINGS REPORT	028-20122			N	
0001903786-25-000007	30-SEP-2025								Highview Capital Management LLC/DE/	2150 E LAKE COOK RD	SUITE 820	BUFFALO GROVE	IL	60089	13F HOLDINGS REPORT	028-21516	000306195	801-121296	N	
0000914208-25-000430	30-SEP-2025								Invesco Ltd.	1331 Spring Street NE	Suite 2500	Atlanta	GA	30309	13F HOLDINGS REPORT	028-11246	000000000		N	
0001987932-25-000006	30-SEP-2025								SEVEN MILE ADVISORY	100 CHARLES EWING BLVD	SUITE 160	EWING	NJ	08628	13F HOLDINGS REPORT	028-23329			N	
0001398739-25-000022	30-SEP-2025								Employees Retirement System of Texas	P.O. BOX 13207		AUSTIN	TX	78711-3207	13F HOLDINGS REPORT	028-12470			N	
0002048251-25-002343	30-SEP-2025								SEI INVESTMENTS CO	1 FREEDOM VALLEY DRIVE		OAKS	PA	19456-1100	13F COMBINATION REPORT	028-16454			Y	"SEI Investments Company (SEI) is the parent holding company of certain institutional investment managers, as defined by Section 13(f) of the Securities Exchange Act of 1934, as amended (the ""Act""). For purposes of the reporting requirements under Section 13(f) of the Act, and the rules promulgated thereunder, SEI does not exercise, and therefore disclaims, investment discretion with respect to any Section 13(f) securities positions over which its investment operating subsidiaries exercise such discretion. To the extent, however, that SEI's ownership interest in such subsidiaries may nevertheless give rise to a Form 13F obligation for SEI, the information required by Form 13F is reported herein on behalf of the following subsidiaries: SEI Investments Management Corporation (""SIMC""), SEI Trust Company and SEI Investments Canada Company (SEI Canada). Voting authority with respect to the Section 13(f) securities reported herein resides with and is exercised by SEI's operating subsidiaries, unless otherwise indicated. Although SEI has not been delegated voting authority over such Section 13(f) securities, and disclaims such voting authority, pursuant to instruction 12b.viii of Form 13F, and for that purpose only, such Section 13(f) securities are reported as ""Sole Voting Authority."" SIMC and SEI Canada each serve as an investment adviser to a number of pooled investment vehicles, which may include mutual funds, hedge funds, private equity funds, collective investment trusts and offshore investment funds (together, the ""Pooled Investment Vehicles""). In addition, SIMC sponsor and may serve as adviser to, separately managed account programs (SMA Programs) . SIMC and SEI Canada may act as a ""manager of managers"" whereby each retain, subject to SIMC's and SEI Canada's oversight, respectively, sub-advisers to buy and sell securities on behalf of such Pooled Investment Vehicles and SMA Programs. To the extent that SIMC's and SEI Canada's role as a manager of managers could give rise to a Form 13F obligation, SIMC or SEI Canada has instructed its sub-advisers to file a Form 13F with respect to such securities and has included such sub-advisers in the ""list of other managers reporting for this manager"" below."
0001986152-25-000109	30-SEP-2025								CONSILIO WEALTH ADVISORS, LLC	500 108TH AVENUE NE	SUITE 1100	BELLEVUE	WA	98004	13F HOLDINGS REPORT	028-21979	000314466	801-121207	N	
0001966193-25-000007	30-SEP-2025								LaSalle St. Investment Advisors, LLC	940 N INDUSTRIAL DR		ELMHURST	IL	60126	13F HOLDINGS REPORT	028-23130			N	
0001062993-25-016736	30-SEP-2025	N							Dorsey & Whitney Trust CO LLC	401 EAST EIGHTH STREET, SUITE 319		SIOUX FALLS	SD	57103	13F COMBINATION REPORT	028-12732			N	
0001730033-25-000006	30-SEP-2025								Crewe Advisors LLC	650 S. MAIN STREET	SUITE 700	SALT LAKE CITY	UT	84101	13F COMBINATION REPORT	028-18317	000173920	801-80723	N	
0001091860-25-000012	30-SEP-2025								C M BIDWELL & ASSOCIATES LTD	20 OLD PALI PLACE		HONOLULU	HI	96817	13F HOLDINGS REPORT	028-04881	000107449	801-14976	N	
0001571075-25-000005	30-SEP-2025								Cunning Capital Partners, LP	1204 VILLAGE MARKET PLACE #272		MORRISVILLE	NC	27560	13F HOLDINGS REPORT	028-20293	000310482		N	
0001651424-25-000015	30-SEP-2025								Quadrature Capital Ltd	THE LEADENHALL BUILDING	122 LEADENHALL STREET	LONDON	X0	EC3V 4AB	13F HOLDINGS REPORT	028-17020	000331740		N	
0001445911-25-000023	30-SEP-2025								Quantitative Investment Management, LLC	240 W. MAIN STREET	SUITE 300	CHARLOTTESVILLE	VA	22902	13F HOLDINGS REPORT	028-13202			N	
0001164508-25-000009	30-SEP-2025								ARROWSTREET CAPITAL, LIMITED PARTNERSHIP	200 CLARENDON STREET, 30TH FLOOR		BOSTON	MA	02116	13F COMBINATION REPORT	028-10005			N	
0001802984-25-000008	30-SEP-2025								Visionary Wealth Advisors	1405 N. GREEN MOUNT RD		O'FALLON	IL	62269	13F HOLDINGS REPORT	028-20090	000169610	028-20090	N	
0001765380-25-000497	30-SEP-2025								Alan B Lancz & Associates, Inc.	3435 N HOLLAND SYLVANIA RD		TOLEDO	OH	43615	13F HOLDINGS REPORT	028-21678			N	
0001110806-25-000005	30-SEP-2025								PHILADELPHIA TRUST CO	1760 MARKET STREET		PHILADELPHIA	PA	19103	13F HOLDINGS REPORT	028-05647			N	
0001423296-25-000015	30-SEP-2025								Zuckerman Investment Group, LLC	155 NORTH WACKER DRIVE	SUITE 1700	CHICAGO	IL	60606	13F HOLDINGS REPORT	028-12893	000137785	801-65050	N	
0001879757-25-000004	30-SEP-2025								Newbridge Financial Services Group, Inc.	1200 NORTH FEDERAL HWY	SUITE 400	BOCA RATON	FL	33432	13F HOLDINGS REPORT	028-21366	000130814	801-68448	N	
0001172661-25-004762	30-SEP-2025	N							Herold Advisors, Inc.	845 Third Avenue	17th Floor	New York	NY	10022	13F HOLDINGS REPORT	028-21393	000105090	801-11216	N	
0001172661-25-004761	30-SEP-2025	N							Allred Capital Management, LLC	2001 Ross Avenue, Suite 550		Dallas	TX	75201	13F HOLDINGS REPORT	028-18999	000297533	801-113900	N	
0001393825-25-000090	30-SEP-2025	N							Hudson Bay Capital Management LP	290 HARBOR DR	3RD FLOOR	STAMFORD	CT	06902	13F HOLDINGS REPORT	028-12909			N	
0001775863-25-000013	30-SEP-2025	N							NICOLET ADVISORY SERVICES, LLC	111 N. WASHINGTON STREET		GREEN BAY	WI	54301	13F HOLDINGS REPORT	028-19499			N	
0001559789-25-000007	30-SEP-2025								Regal Investment Advisors LLC	2687 44TH STREET SE		KENTWOOD	MI	49512	13F HOLDINGS REPORT	028-15474	000125004	801-71923	N	
0002010858-25-000006	30-SEP-2025								Maia Wealth LLC	1401 17TH STREET	SUITE 850	DENVER	CO	80202	13F HOLDINGS REPORT	028-23764			N	
0001389958-25-000028	30-JUN-2025	Y	1	RESTATEMENT					PEAK6 LLC	2010 E. 6TH ST		AUSTIN	TX	78702	13F HOLDINGS REPORT	028-12346			N	
0001132699-25-000006	30-SEP-2025								VESTOR CAPITAL, LLC	10 S. RIVERSIDE PLAZA	SUITE 1400	CHICAGO	IL	60606	13F HOLDINGS REPORT	028-06187	000185655		N	
0000072971-25-000256	30-SEP-2025								WELLS FARGO & COMPANY/MN	333 MARKET STREET		SAN FRANCISCO	CA	94105	13F HOLDINGS REPORT	028-00165			N	
0001037389-25-000064	30-SEP-2025								RENAISSANCE TECHNOLOGIES LLC	800 THIRD AVE		NEW YORK	NY	10022	13F HOLDINGS REPORT	028-06262	000106661	801-53609	N	
0001104659-25-111176	30-SEP-2025	N							Wellspring Financial Advisors, LLC	5885 LANDERBROOK DR	SUITE 205	CLEVELAND	OH	44124	13F HOLDINGS REPORT	028-20261	000143112	801-67630	N	
0000948046-25-000141	30-SEP-2025	N							DEUTSCHE BANK AG\	TAUNUSANLAGE 12 D-60325		FRANKFURT AM MAIN	2M	00000	13F COMBINATION REPORT	028-10103			N	
0002067071-25-000004	30-SEP-2025								Ackerman Asset Management, LLC	11505 DANVILLE DRIVE		ROCKVILLE	MD	20852	13F HOLDINGS REPORT	028-25549			N	
0001193125-25-279802	30-SEP-2025	N							UBS Group AG	BAHNHOFSTRASSE 45		Zurich	V8	CH-8001	13F COMBINATION REPORT	028-16612			N	
0001013594-25-001398	30-SEP-2025	N							Shannon River Fund Management LLC	850 THIRD AVENUE	13TH FLOOR	NEW YORK	NY	10022	13F HOLDINGS REPORT	028-12219	000161538	801-73444	N	
0001469751-25-000011	30-SEP-2025								RiverFront Investment Group, LLC	1214 EAST CARY STREET		RICHMOND	VA	23219	13F COMBINATION REPORT	028-13577			N	
0001140361-25-041908	30-SEP-2025	N							ACADIAN ASSET MANAGEMENT LLC	260 Franklin Street		Boston	MA	02110	13F COMBINATION REPORT	028-05990			N	
0001602237-25-000009	30-SEP-2025								IPG Investment Advisors LLC	501 W BROADWAY	SUITE 1350	SAN DIEGO	CA	92101	13F HOLDINGS REPORT	028-16114	000152990	801-71104	N	
0000919574-25-006678	30-SEP-2025	N							USS Investment Management Ltd	6th Floor	60 Threadneedle Street	London	X0	EC2R 8HP	13F HOLDINGS REPORT	028-15619			N	
0001893327-25-000008	30-SEP-2025								FRG Family Wealth Advisors LLC	10900 NE 8TH STREET, SUITE 1600		BELLEVUE	WA	98004	13F HOLDINGS REPORT	028-21693	000282542	801-107191	N	
0000946629-25-000009	30-SEP-2025								LEIGH BALDWIN & CO., LLC	112 ALBANY STREET		CAZENOVIA	NY	13035-0660	13F HOLDINGS REPORT	028-25245	000038751	801-69290	N	
0000930413-25-003436	30-SEP-2025	N							LORD, ABBETT & CO. LLC	30 Hudson Street		Jersey City	NJ	07302	13F HOLDINGS REPORT	028-00413			N	
0001214659-25-016403	30-SEP-2025	N							LifePlan Investment Advisors, Inc.	7201 CREEDMOOR RD.	SUITE 147	RALEIGH	NC	27613	13F COMBINATION REPORT	028-24579	000144157	801-122570	N	
0001166620-25-000007	30-SEP-2025								KLCM Advisors, Inc.	330 E KILBOURN AVE	STE 1180	MILWAUKEE	WI	53202	13F HOLDINGS REPORT	028-10047			N	
0001633227-25-000005	30-SEP-2025								McGowan Group Asset Management, Inc.	300 CRESCENT COURT	SUITE 1776	DALLAS	TX	75201	13F HOLDINGS REPORT	028-16514			N	
0000009634-25-000006	30-SEP-2025								BOKF, NA	PO BOX 2300		TULSA	OK	74172	13F HOLDINGS REPORT	028-00305			N	
0001214659-25-016401	30-SEP-2025	N							Intrepid Financial Planning Group LLC	2454 E. 116TH STREET		CARMEL	IN	46032	13F HOLDINGS REPORT	028-22617			N	
0001803662-25-000008	30-SEP-2025								MAGNOLIA CAPITAL ADVISORS LLC	1076 HIGHLAND COLONY PARKWAY	SUITE 291	RIDGELAND	MS	39157	13F HOLDINGS REPORT	028-20214	000298398	801-114023	N	
0001580642-25-007255	30-SEP-2025	N							Tortoise Investment Management, LLC	2 Westchester Park Drive	Suite 215	White Plains	NY	10604	13F HOLDINGS REPORT	028-15827			N	
0001982776-25-000008	30-SEP-2025								ELEVATUS WELATH MANAGEMENT	1501 PITTSFORD-VICTOR ROAD	SUITE 101	VICTOR	NY	14564	13F HOLDINGS REPORT	028-23328			N	
0001951757-25-001420	30-SEP-2025								SevenBridge Financial Group, LLC	3401 NORTH FRONT STREET	SUITE 301	HARRISBURG	PA	17110	13F HOLDINGS REPORT	028-17476			N	
0001883719-25-000008	30-SEP-2025								Roberts Capital Advisors, LLC	1445 SOUTH PEARL ST	FLOOR 2	DENVER	CO	80210	13F HOLDINGS REPORT	028-22222			N	
0001420506-25-003188	30-SEP-2025	N							Main Street Research LLC	30 LIBERTY SHIP WAY, SUITE 3330		SAUSALITO	CA	94965	13F HOLDINGS REPORT	028-14411			N	
0000945621-25-001097	30-SEP-2025	N							Banque Transatlantique SA	26, AVENUE FRANKLIN ROOSEVELT		PARIS	I0	75008	13F COMBINATION REPORT	028-25250			N	
0002051343-25-000005	30-SEP-2025								Ring Mountain Capital, LLC	1610 TIBURON BLVD	SUITE 200	TIBURON	CA	94920	13F HOLDINGS REPORT	028-24789			N	
0002088337-25-000002	30-SEP-2025								United Financial Planning Group LLC	350 MOTOR PARKWAY, SUITE 300		HAUPPAUGE	NY	11788	13F HOLDINGS REPORT	028-25851			N	
0002032561-25-000004	30-SEP-2025								FreeGulliver LLC	5500 LAUREL ST		NEW ORLEANS	LA	70115	13F HOLDINGS REPORT	028-24294			N	
0000945621-25-001091	30-SEP-2025	N							Groupe la Francaise	128 BOULEVARD RASPAIL		PARIS	I0	75006	13F HOLDINGS REPORT	028-25236			N	
0001398344-25-020834	30-SEP-2025	N							Glenmede Investment Management, LP	1650 MARKET STREET, 12TH FLOOR		PHILADELPHIA	PA	19103	13F HOLDINGS REPORT	028-24351	000108165	801-57826	N	
0001104659-25-111114	30-SEP-2025	N							BROWN BROTHERS HARRIMAN & CO	140 Broadway		New York	NY	10005-1101	13F COMBINATION REPORT	028-00408			N	
0001834499-25-000017	30-SEP-2025								F/m Investments LLC	3050 K STREET, SUITE 201		WASHINGTON	DC	20007	13F HOLDINGS REPORT	028-20863	000304405		N	
0001137774-25-000192	30-SEP-2025								PRUDENTIAL FINANCIAL INC	751 BROAD ST		NEWARK	NJ	07102	13F COMBINATION REPORT	028-10077			N	
0001965484-25-000006	30-SEP-2025								Financial Freedom, LLC	8044 MONTGOMERY ROAD SUITE 700		CINCINNATI	OH	45236	13F HOLDINGS REPORT	028-23012			N	
0001214659-25-016387	30-SEP-2025	N							MARK SHEPTOFF FINANCIAL PLANNING, LLC	703 HEBRON AVE.	3RD FLOOR	GLASTONBURY	CT	06033	13F HOLDINGS REPORT	028-16130			N	
0001648711-25-000026	30-SEP-2025								Baird Financial Group, Inc.	777 E. WISCONSIN AVENUE		MILWAUKEE	WI	53202	13F HOLDINGS REPORT	028-16981			Y	"Baird Financial Group, Inc. (""BFG"") is making this 13F filing as the parent holding company of Robert W. Baird & Co. Incorporated, Strategas Asset Management, LLC (""SAM""), Baird Trust Company, and Baird Financial Corporation and with respect to certain securities over which SAM and Vident Advisory, LLC have shared investment discretion. The characterization of shared investment discretion with parent holding companies is made solely as a consequence of SEC interpretations regarding control through share ownership. BFG expressly disclaims investment discretion and beneficial ownership of all reported securities."
0000318989-25-000219	30-SEP-2025								FIL Ltd	P.O. BOX H.M. 670		HAMILTON	D0	00000	13F HOLDINGS REPORT	028-00939			N	
0001172661-25-004750	30-SEP-2025	N							Curi Capital, LLC	ONE NORTH WACKER DR.	SUITE 3500	CHICAGO	IL	60606	13F HOLDINGS REPORT	028-11714	000134249	801-63939	N	
0001104659-25-111094	30-SEP-2025	N							Magnetar Financial LLC	1603 ORRINGTON AVE.	13TH FLOOR	EVANSTON	IL	60201	13F HOLDINGS REPORT	028-11800			N	
0001628280-25-051922	30-SEP-2025	N							Silvant Capital Management LLC	3333 PIEDMONT ROAD, NE	SUITE 1500	Atlanta	GA	30305	13F HOLDINGS REPORT	028-18744			N	
0001951757-25-001417	30-SEP-2025								Colonial River Investments, LLC	340 BROWNS HILL COURT		MIDLOTHIAN	VA	23114	13F HOLDINGS REPORT	028-21048			N	
0001348883-25-000015	30-SEP-2025	N							Clearbridge Investments, LLC	ONE MADISON AVENUE		NEW YORK	NY	10010	13F COMBINATION REPORT	028-11611	000137028	801-64710	Y	"ClearBridge Investments Ltd and ClearBridge Investment Management Limited (formerly known as Martin Currie Investment Management Limited) (""CIML"") are now being reported each as an Other Included Manager on the Form 13F being filed by ClearBridge Investments, LLC. Martin Currie Ltd, which had no entries of its own on its Form 13F, and Martin Currie Inc, which no longer has entries ofits own and whose entries are now being included as entries of CIML, are no longer filing."
0001698222-25-000002	30-SEP-2025								Pacific Center for Financial Services	2000 CROW CANYON PLACE, SUITE 430		SAN RAMON	CA	94583	13F HOLDINGS REPORT	028-17971			N	
0001951757-25-001415	30-SEP-2025								Legacy Capital Wealth Partners, LLC	8315 CANTRELL ROAD	SUITE 200	LITTLE ROCK	AR	72227	13F HOLDINGS REPORT	028-20903			N	
0001104659-25-111088	30-SEP-2025	N							DANSKE BANK A/S	HOLMENS KANAL 2-12		COPENHAGEN K	G7	1092	13F HOLDINGS REPORT	028-25849			N	
0001423442-25-000009	30-SEP-2025	N							O'SHAUGHNESSY ASSET MANAGEMENT, LLC	100 First Stamford Place		Stamford	CT	06902	13F COMBINATION REPORT	028-12966	000144594	801-68177	N	
0001283072-25-000005	30-SEP-2025	N							GUGGENHEIM CAPITAL LLC	227 West Monroe	Suite 4900	Chicago	IL	60606	13F HOLDINGS REPORT	028-12836			N	
0001511739-25-000007	30-SEP-2025								VestGen Investment Management	3393 BARGAINTOWN ROAD		EGG HARBOR TOWNSHIP	NJ	08234	13F HOLDINGS REPORT	028-14155			N	
0001404652-25-000007	30-SEP-2025								Jaffetilchin Investment Partners, LLC	15350 N. FLORIDA AVE		TAMPA	FL	33613	13F HOLDINGS REPORT	028-12539			N	
0001611518-25-000013	30-SEP-2025								Wealth Architects, LLC	800 WEST EL CAMINO REAL SUITE 201		MOUNTAIN VIEW	CA	94040	13F HOLDINGS REPORT	028-16489	000135373	801-64313	N	
0001019231-25-000011	30-SEP-2025								UNIVERSITY OF TEXAS/TEXAS AM INVESTMENT MANAGEMENT CO	210 W. 7TH STREET, SUITE 1700		AUSTIN	TX	78701	13F HOLDINGS REPORT	028-05714			N	
0001598697-25-000009	30-SEP-2025								Gulf International Bank (UK) Ltd	ONE CURZON STREET		LONDON	X0	W1J 5HD	13F HOLDINGS REPORT	028-15738			N	
0001633857-25-000010	30-SEP-2025								AlphaStar Capital Management, LLC	19600 WEST CATAWBA AVENUE	SUITE B200	CORNELIUS	NC	28031	13F HOLDINGS REPORT	028-16843			N	
0000863748-25-000004	30-SEP-2025	N							ROYAL LONDON ASSET MANAGEMENT LTD	80 FENCHURCH STREET	LONDON	UNITED KINGDOM	X0	EC3M 4BY	13F HOLDINGS REPORT	028-02709			N	
0001103646-25-000009	30-SEP-2025	N							CSS LLC/IL	1 NORTH WACKER DRIVE	SUITE 3075	CHICAGO	IL	60606	13F HOLDINGS REPORT	028-15940			N	
0001982273-25-000006	30-SEP-2025								Nemes Rush Group LLC	39500 HIGH POINTE BLVD., SUITE 190		NOVI	MI	48375	13F HOLDINGS REPORT	028-23318	000312554	801-120727	N	
0001166588-25-000040	30-SEP-2025								BNP PARIBAS FINANCIAL MARKETS	20 BOULEVARD DES ITALIENS		PARIS	I0	75009	13F HOLDINGS REPORT	028-10038			N	
0002053368-25-000005	30-SEP-2025								Financial Life Planners	2151 EAST BROADWAY	SUITE 203	TEMPE	AZ	85282	13F HOLDINGS REPORT	028-24613	000129415	801-127888	N	
0000315066-25-002929	30-SEP-2025								FMR LLC	245 SUMMER STREET		BOSTON	MA	02210	13F HOLDINGS REPORT	028-00451			Y	Certain entities included in the List of Other Included Managers set forth below are controlled by intermediate holding companies. Any Section 13(f) securities over which such intermediate holding companies are deemed to exercise investment discretion have been reported by FMR LLC.
0001596800-25-000015	30-SEP-2025								Connor, Clark & Lunn Investment Management Ltd.	2300 - 1111 WEST GEORGIA STREET		VANCOUVER	A1	V6E 4M3	13F HOLDINGS REPORT	028-16144			N	
0001826790-25-000006	30-SEP-2025								Tennessee Valley Asset Management Partners	6025 BROOKVALE LANE	SUITE 160	KNOXVILLE	TN	37919	13F HOLDINGS REPORT	028-20357	000160321	801-96325	N	
0001572748-25-000013	30-SEP-2025								Marathon Trading Investment Management LLC	FOUR RADNOR CORPORATE CENTER	SUITE 255	RADNOR	PA	19087	13F HOLDINGS REPORT	028-16519			N	
0001323645-25-000009	30-SEP-2025								CAPITAL FUND MANAGEMENT S.A.	23 RUE DE L'UNIVERSITE		PARIS	I0	75007	13F HOLDINGS REPORT	028-11341			N	
0000038777-25-000239	30-SEP-2025	N							FRANKLIN RESOURCES INC	One Franklin Parkway		San Mateo	CA	94403	13F COMBINATION REPORT	028-00734			Y	"ClearBridge Investments Ltd and ClearBridge Investment Management Limited (formerly known as Martin Currie Investment Management Limited) (""CIML"") are now being reported each as an Other Included Manager on the Form 13F being filed by ClearBridge Investments, LLC.  Martin Currie Ltd, which had no entries of its own on its Form 13F, and Martin Currie Inc, which no longer has entries of its own and whose entries are now being included as entries of CIML, are no longer filing."
0001765380-25-000495	30-SEP-2025								FourThought Financial Partners, LLC	310 W. VENICE AVENUE	SUITE 201	VENICE	FL	34285	13F HOLDINGS REPORT	028-22831	000323060	801-126759	N	
0001735513-25-000006	30-SEP-2025								Claret Asset Management Corp	900 DE MAISONNEUVE OUEST	SUITE 1900	MONTREAL	A8	H3A 0A8	13F HOLDINGS REPORT	028-18703			N	
0001999371-25-017607	30-SEP-2025	N							Winthrop Capital Management, LLC	10201 N. Illinois		Carmel	IN	46290	13F HOLDINGS REPORT	028-23672			N	
0002010374-25-000007	30-SEP-2025								PFC CAPITAL GROUP, INC.	1901 AVENUE OF THE STARS, STE 1100		LOS ANGELES	CA	90067	13F HOLDINGS REPORT	028-23728	000110648	801-26253	N	
0001765380-25-000494	30-SEP-2025								Van Hulzen Asset Management, LLC	4370 TOWN CENTER BLVD.	SUITE 220	EL DORADO HILLS	CA	95762	13F HOLDINGS REPORT	028-15895	000116632	801-61884	N	
0001140022-25-000012	30-SEP-2025								AVIVA PLC	EIGHTYFEN	80 FENCHURCH STREET	LONDON	X0	EC3M 4AE	13F HOLDINGS REPORT	028-06609			N	
0001475933-25-000008	30-SEP-2025								Minot DeBlois Advisors LLC	ONE FEDERAL STREET	25TH FLOOR	Boston	MA	02110	13F HOLDINGS REPORT	028-25278	000140170		N	
0001512026-25-000009	30-SEP-2025								SFMG, LLC	3960 DALLAS PARKWAY	SUITE 400	PLANO	TX	75093	13F HOLDINGS REPORT	028-14157	000107548	801-44699	N	
0002024152-25-000006	30-SEP-2025								Pathway Financial Advisers, LLC	4571 CO RD 35		AUBURN	IN	46706	13F HOLDINGS REPORT	028-24194			N	
0001193125-25-279366	30-SEP-2025	N							MACQUARIE GROUP LTD	1 Elizabeth Street		Sydney, NSW 2000	C3	2000	13F COMBINATION REPORT	028-13120			Y	Two associated Notice Reports related to this 13F Combination Report are currently awaiting approval for transfer to EDGAR Next. These Notice Reports will be submitted upon completion of the approval and transfer process which are under CIK 0001548607 and 0001435946.
0001661580-25-000008	30-SEP-2025								Ilmarinen Mutual Pension Insurance Co	PORKKALANKATU 1		HELSINKI	H9	00180	13F HOLDINGS REPORT	028-19643			N	
0001062993-25-016709	30-SEP-2025	N							Quartz Partners, LLC	19 RAILROAD PLACE		SARATOGA SPRINGS	NY	12866	13F HOLDINGS REPORT	028-24434	000174327	801-80822	N	
0000900973-25-000012	30-SEP-2025								Winslow Capital Management, LLC	4400 IDS CENTER	80 SOUTH 8TH ST	MINNEAPOLIS	MN	55402	13F HOLDINGS REPORT	028-03676	000106940	801-41316	N	
0001172661-25-004748	30-SEP-2025	N							SageView Advisory Group, LLC	4000 Macarthur Blvd.	Suite 1050	Newport Beach	CA	92660	13F HOLDINGS REPORT	028-23099	000126777	801-64265	N	
0001869164-25-000008	30-SEP-2025								Gordian Capital Singapore Pte Ltd	#12-01 PHILIPPINE AIRLINES BUILDING	135 CECIL STREET	SINGAPORE	U0	069536	13F HOLDINGS REPORT	028-21947			N	
0002023709-25-000006	30-SEP-2025								NCP Inc.	56023 WINGED FOOT		LA QUINTA	CA	92253	13F HOLDINGS REPORT	028-24353			N	
0001062993-25-016707	30-SEP-2025	N							MACKENZIE FINANCIAL CORP	180 QUEEN STREET WEST		TORONTO ONTARIO	A6	M5V 3K1	13F HOLDINGS REPORT	028-05178	000110338	801-25226	N	
0001592828-25-000013	30-SEP-2025								Empowered Funds, LLC	3803 WEST CHESTER PIKE	SUITE 150	NEWTOWN SQUARE	PA	19073	13F HOLDINGS REPORT	028-17729			N	
0001572838-25-000012	30-SEP-2025								Empirical Finance, LLC	3803 WEST CHESTER PIKE	SUITE 150	NEWTOWN SQUARE	PA	19073	13F HOLDINGS REPORT	028-17745			N	
0001761054-25-000010	30-SEP-2025								Treasurer of the State of North Carolina	3200 ATLANTIC AVENUE		RALEIGH	NC	27604	13F HOLDINGS REPORT	028-19491			N	
0001422848-25-000223	30-SEP-2025								Capital Research Global Investors	333 South Hope Street	55th Fl	Los Angeles	CA	90071	13F HOLDINGS REPORT	028-12785			N	
0001422849-25-000069	30-SEP-2025								Capital World Investors	333 SOUTH HOPE STREET	55TH FLOOR	LOS ANGELES	CA	90071	13F HOLDINGS REPORT	028-12786			N	
0001065349-25-000007	30-SEP-2025								CAPITAL INTERNATIONAL SARL	333 South Hope Street	55th Fl	Los Angeles	CA	90071	13F HOLDINGS REPORT	028-04461	000162640	802-75723	N	
0001065350-25-000011	30-SEP-2025								CAPITAL INTERNATIONAL LTD /CA/	333 SOUTH HOPE ST	55th FL	LOS ANGELES	CA	90071	13F HOLDINGS REPORT	028-04459			N	
0000895213-25-000007	30-SEP-2025								Capital International, Inc./CA/	333 South Hope Street		Los Angeles	CA	90071	13F HOLDINGS REPORT	028-04457	000110682	801-32104	N	
0001939970-25-000007	30-SEP-2025								CAPITAL GROUP INVESTMENT MANAGEMENT PTE. LTD.	One Raffles Quay		Raffles Quay	U0	048583	13F HOLDINGS REPORT	028-23031			N	
0001843010-25-000007	30-SEP-2025								Tradition Wealth Management, LLC	7601 FRANCE AVENUE SOUTH	SUITE 100	EDINA	MN	55435	13F HOLDINGS REPORT	028-20936	000128314		N	
0001650717-25-000006	30-SEP-2025								QUADRANT CAPITAL GROUP LLC	255 E. FIFTH STREET, SUITE 3000		CINCINNATI	OH	45202	13F HOLDINGS REPORT	028-16974			N	
0000930413-25-003425	30-SEP-2025	N							VAN ECK ASSOCIATES CORP	666 THIRD AVENUE, 9TH FLOOR		NEW YORK	NY	10017	13F HOLDINGS REPORT	028-02783			N	
0001544599-25-000009	30-SEP-2025								Bank Julius Baer & Co. Ltd, Zurich	BAHNHOFSTRASSE 36	P.O. BOX	ZURICH	V8	8010	13F HOLDINGS REPORT	028-20250			N	
0001765380-25-000492	30-SEP-2025								WEST MICHIGAN ADVISORS, LLC	320 NORTH 120TH AVENUE	SUITE 240	HOLLAND	MI	49424	13F HOLDINGS REPORT	028-22214	000312073	801-120208	N	
0002033920-25-000005	30-SEP-2025								Orion Investment Co	7800 FORSYTH BLVD. SUITE 820		ST. LOUIS	MO	63105	13F HOLDINGS REPORT	028-24330	000110867		N	
0001068804-25-000008	30-SEP-2025								TOTAL INVESTMENT MANAGEMENT INC	9383 E BAHIA DR #120		SCOTTSDALE	AZ	85260	13F HOLDINGS REPORT	028-17732			N	
0001172661-25-004745	30-SEP-2025	N							PANAGORA ASSET MANAGEMENT INC	One International Place	24th Floor	Boston	MA	02110	13F HOLDINGS REPORT	028-03042	000105201	801-35497	N	
0001531593-25-000010	30-SEP-2025								SUMMIT SECURITIES GROUP LLC	55 BROADWAY	SUITE 2102	NEW YORK	NY	10006	13F HOLDINGS REPORT	028-15120	000159283	8-68977	N	
0000312348-25-000035	30-SEP-2025								LOOMIS SAYLES & CO L P	ONE FINANCIAL CENTER	5TH FLOOR	BOSTON	MA	02111	13F HOLDINGS REPORT	028-00398			N	
0002047606-25-000015	30-SEP-2025								AG2R LA MONDIALE GESTION D'ACTIFS	14/16 BOULEVARS MALESHERBES		PARIS	I0	75008	13F HOLDINGS REPORT	028-25644			N	
0001951757-25-001413	30-SEP-2025								Spectrum Planning & Advisory Services Inc.	3131 CAMINO DEL RIO NORTH	SUITE 1000	SAN DIEGO	CA	92108	13F HOLDINGS REPORT	028-20527			N	
0001951757-25-001412	30-SEP-2025								Meridian Wealth Partners, LLC	367 EAGLEVIEW BOULEVARD	STE 202	EXTON	PA	19341	13F HOLDINGS REPORT	028-20002			N	
0000873630-25-000009	30-SEP-2025								HSBC HOLDINGS PLC	8 CANADA SQUARE		LONDON	X0	E14 5HQ	13F HOLDINGS REPORT	028-03140			N	
0001641761-25-000008	30-SEP-2025								1 NORTH WEALTH SERVICES LLC	1997 ANNAPOLIS EXCHANGE PKWY	SUITE 250	ANNAPOLIS	MD	21401	13F HOLDINGS REPORT	028-19033			N	
0000927971-25-000027	30-SEP-2025								BANK OF MONTREAL /CAN/	1 FIRST CANADIAN PLACE		TORONTO	A6	M5X 1A1	13F HOLDINGS REPORT	028-07640			N	
0000945621-25-001073	30-SEP-2025	N							Sienna Gestion	21, BOULEVARD HAUSSMANN		PARIS	I0	75009	13F HOLDINGS REPORT	028-24127			N	
0002085853-25-000270	30-SEP-2025	N							Orca Wealth Management, LLC	7701 Little Rd	Ste 211	New Port Richey	FL	34654	13F HOLDINGS REPORT	028-24588	000310053	801-119307	N	
0001104659-25-110889	30-SEP-2025	N							Fort Sheridan Advisors LLC	600 Central Avenue	Suite 365	Highland Park	IL	60035	13F HOLDINGS REPORT	028-19508	000151139	801-70517	N	
0000764068-25-000126	30-SEP-2025								Legal & General Group Plc	One Coleman Street		London	X0	EC2R 5AA	13F HOLDINGS REPORT	028-01490			N	
0001104659-25-110864	30-SEP-2025	N							PINKERTON WEALTH, LLC	2000 John Loop		Coeur D Alene	ID	83814	13F HOLDINGS REPORT	028-17457	000120973	801-71563	N	
0001793755-25-000010	30-SEP-2025								Banque Cantonale Vaudoise	PLACE ST-FRANCOIS 14		LAUSANNE	V8	1003	13F HOLDINGS REPORT	028-19808			N	
0001536925-25-000008	30-SEP-2025								Vestcor Inc	140 CARLETON STREET	SUITE 400	FREDERICTON	A3	E3B 3T4	13F HOLDINGS REPORT	028-19905			N	
0001582202-25-000011	30-SEP-2025								Swiss National Bank	BOERSENSTRASSE 15	P.O. BOX 2800	ZURICH	V8	CH-8022	13F HOLDINGS REPORT	028-15577			N	
0001911278-25-000008	30-SEP-2025								LGT Group Foundation	HERRENGASSE 12		VADUZ	N2	9490	13F HOLDINGS REPORT	028-22444			N	
0001193125-25-278803	30-SEP-2025	N							Russell Investments Group, Ltd.	401 Union Street	18th Floor	Seattle	WA	98101	13F HOLDINGS REPORT	028-17598			N	
0001193125-25-278769	30-SEP-2025	N							Korea Investment CORP	17F 18F 19F STATE TOWER NAMSAN	100 TOEGYE-RO, JUNG-GU	SEOUL	M5	04631	13F HOLDINGS REPORT	028-13355			N	
0001072613-25-000786	30-SEP-2025	N							Grantham, Mayo, Van Otterloo & Co. LLC	53 State Street, Suite 3300		Boston	MA	02109	13F HOLDINGS REPORT	028-11599			N	
0001178913-25-003791	30-SEP-2025	Y	2	NEW HOLDINGS	N				Phoenix Financial Ltd.	53 Derech Ha'shalom St.		Givatayim	L3	53454	13F HOLDINGS REPORT	028-18650			Y	"The securities reported herein are beneficially owned by Phoenix Financial Ltd. (the ""Phoenix"") or various direct or indirect, majority or wholly-owned subsidiaries of the Phoenix (the ""Subsidiaries""), including The Phoenix Investments House Ltd. (""Phoenix Investments House"") and Phoenix Investments Housea's subsidiary, Ksm Mutual Funds Ltd.. The Subsidiaries manage their own funds and/or the funds of others, including for holders of exchange-traded funds or various insurance policies, members of pension or provident funds, unit holders of mutual funds, and portfolio management clients. The Phoenix and each of the Subsidiaries operates under independent management and makes its own independent voting and investment decisions.  Neither the filing of this Form 13F nor any of its contents shall be deemed to constitute an admission by either persons filing this Form 13F or by any of the Subsidiaries that a group exists for purposes of Section 13(d) of the Securities Exchange Act of 1934 or for any other purpose, and each reporting person disclaims the existence of any such group. In addition, each of the persons filing this Form 13F and the Subsidiaries disclaims any beneficial ownership of the securities covered by this report in excess of their actual pecuniary interest therein.  This Statement shall not be construed as an admission by the persons filing this Form 13F or by the Subsidiaries that they are the beneficial owners of any of the Ordinary Shares covered by this Form 13F, and each of the persons filing this Form 13F and the Subsidiaries disclaims beneficial ownership of any such Ordinary Shares. Per informal guidance received from the Division of Investment Management, section 13(f) securities that are dual listed on a U.S. stock exchange and the Tel Aviv Stock Exchange were included in this Form 13F only if they were purchased in the U.S.    This Amendment No. 2 for Form 13F that was filed for the Quarter Ended September 30, 2025, on November 3, 2025 (the ""Original Report""). This Amendment No. 2 adds new holdings that were erroneously omitted from the Original Report (identifiers 041242108, N07059210, M20598104, M20791105, M2197Q107, M25133105, N14506104, M3760D101, M39927120, M4056D110, H2906T109, M51474118, M5216V106, M5216V906, M53213100, M5R635108, Q4982L109, M6158M104, M6240T109, M7516K103, N6596X109, G7S00T104, M78673114, M8216R109, G7997R103, M84137104, M8694L137, M85548101, M8744T114, M8740S227, G87052109, M87915274, M87915904, G8994E103, M9607U115, M98068105).    Please also see Amendment No. 1 that is being filed simultaneously which removes certain assets that were incorrectly reported in the Original Report."
0001178913-25-003789	30-SEP-2025	Y	1	RESTATEMENT	N				Phoenix Financial Ltd.	53 Derech Ha'shalom St.		Givatayim	L3	53454	13F HOLDINGS REPORT	028-18650			Y	"The securities reported herein are beneficially owned by Phoenix Financial Ltd. (the ""Phoenix"") or various direct or indirect, majority or wholly-owned subsidiaries of the Phoenix (the ""Subsidiaries""), including The Phoenix Investments House Ltd. (""Phoenix Investments House"") and Phoenix Investments Housea's subsidiary, Ksm Mutual Funds Ltd.. The Subsidiaries manage their own funds and/or the funds of others, including for holders of exchange-traded funds or various insurance policies, members of pension or provident funds, unit holders of mutual funds, and portfolio management clients. The Phoenix and each of the Subsidiaries operates under independent management and makes its own independent voting and investment decisions.  Neither the filing of this Form 13F nor any of its contents shall be deemed to constitute an admission by either persons filing this Form 13F or by any of the Subsidiaries that a group exists for purposes of Section 13(d) of the Securities Exchange Act of 1934 or for any other purpose, and each reporting person disclaims the existence of any such group. In addition, each of the persons filing this Form 13F and the Subsidiaries disclaims any beneficial ownership of the securities covered by this report in excess of their actual pecuniary interest therein.  This Statement shall not be construed as an admission by the persons filing this Form 13F or by the Subsidiaries that they are the beneficial owners of any of the Ordinary Shares covered by this Form 13F, and each of the persons filing this Form 13F and the Subsidiaries disclaims beneficial ownership of any such Ordinary Shares. Per informal guidance received from the Division of Investment Management, section 13(f) securities that are dual listed on a U.S. stock exchange and the Tel Aviv Stock Exchange were included in this Form 13F only if they were purchased in the U.S.    This Amendment No. 1 for Form 13F that was filed for the Quarter Ended September 30, 2025 on November 3, 2025 (the ""Original Report"") is filed to remove certain assets that were incorrectly reported thereon (identifiers G0403H108, 042068205, 084670108, 093712107, 571903202, 78409V104, 911363109, 922475108 and 922475108), as such assets were below the threshold set out in 13F Special Instruction 9.     Please also see Amendment No. 2 that is being filed simultaneously, which adds new holdings that were erroneously omitted from the Original Report."
0000947871-25-000990	30-SEP-2025	N							EDMOND DE ROTHSCHILD HOLDING S.A.	ROUTE DE PREGNY 21		CHAMBESY	V8	1292	13F HOLDINGS REPORT	028-16960			N	
0001172661-25-004736	30-SEP-2025	N							Sepio Capital, LP	2795 E. Cottonwood Parkway	Suite 600	Salt Lake City	UT	84121	13F HOLDINGS REPORT	028-19152	000285645	801-108889	N	
0001214659-25-016356	30-SEP-2025	N							Connecticut Wealth Management, LLC	281 FARMINGTON AVENUE		FARMINGTON	CT	06032	13F HOLDINGS REPORT	028-17557	000154310	801-73061	N	
0000947871-25-000988	30-SEP-2025	N							B. Metzler seel. Sohn & Co. AG	Untermainanlage 1		FRANKFURT	2M	60329	13F HOLDINGS REPORT	028-21096			N	
0001140361-25-041771	30-SEP-2025	N							Rathbones Group PLC	Port of Liverpool Building	Pier Head	Liverpool	X0	L31NW	13F HOLDINGS REPORT	028-11582			N	
0001305707-25-000003	30-SEP-2025	N							ProVise Management Group, LLC	611 DRUID ROAD EAST	SUITE 105	CLEARWATER	FL	33756	13F HOLDINGS REPORT	028-11109	000105375	801-32172	N	
0001731732-25-000004	30-SEP-2025	N							Certified Advisory Corp	1111 DOUGLAS AVENUE		ALTAMONTE SPRINGS	FL	32714	13F HOLDINGS REPORT	028-18660			N	
0001018331-25-000009	30-SEP-2025	N							NATIXIS ADVISORS, LLC	888 Boylston St	8th Floor	Boston	MA	02199	13F COMBINATION REPORT	028-05788			N	
0002056576-25-000006	30-SEP-2025								INVESTMENT COUNSEL CO OF NEVADA	10000 W. CHARLESTON BLVD.	SUITE 280	LAS VEGAS	NV	89135	13F HOLDINGS REPORT	028-25058	000019608	801-32353	N	
0001754960-25-000778	30-SEP-2025								Strategic Financial Concepts, LLC	6800 PARK TEN BLVD., SUITE 130-E		SAN ANTONIO	TX	78213	13F HOLDINGS REPORT	028-23381			N	
0001739728-25-000007	30-SEP-2025								CreativeOne Wealth, LLC	6330 SPRINT PARKWAY	SUITE 400	OVERLAND PARK	KS	66211	13F HOLDINGS REPORT	028-18760	000281213	801-106677	N	
0002050660-25-000007	30-SEP-2025								VSM Wealth Advisory, LLC	11350 MCCORMICK RD	EP 1, STE300	HUNT VALLEY	MD	21031	13F HOLDINGS REPORT	028-24878	000313717	801-121412	N	
0001694435-25-000003	30-SEP-2025	N							PFG Advisors	3200 N Central Ave.	Ste 200	Phoenix	AZ	85012	13F HOLDINGS REPORT	028-18250			N	
0001893134-25-000007	30-SEP-2025	N							Smith Group Asset Management, LLC	100 CRESCENT COURT	SUITE 1150	DALLAS	TX	75201	13F HOLDINGS REPORT	028-21401	000313265	801-120777	N	
0000743127-25-000003	30-SEP-2025	N							PINNACLE ASSOCIATES LTD	335 MADISON AVENUE	11TH FLOOR	NEW YORK	NY	10017	13F HOLDINGS REPORT	028-01669			N	
0001591122-25-000010	30-SEP-2025								Heritage Wealth Advisors	919 E MAIN STREET	SUITE 950	RICHMOND	VA	23219	13F HOLDINGS REPORT	028-15751	000137484	801-64803	N	
0001122490-25-000004	30-SEP-2025	N							HALL CAPITAL MANAGEMENT CO INC	26 BOSWORTH STREET	SUITE 4	BARRINGTON	RI	02806	13F HOLDINGS REPORT	028-16945	000108141	801-54286	N	
0001820593-25-000004	30-SEP-2025	N							Navalign, LLC	15910 VENTURA BOULEVARD	SUITE 1605	ENCINO	CA	91436	13F HOLDINGS REPORT	028-21174			N	
0000096223-25-000015	30-SEP-2025	N							Jefferies Financial Group Inc.	520 MADISON AVENUE		NEW YORK	NY	10022	13F HOLDINGS REPORT	028-11122			N	
0002087822-25-000001	30-SEP-2025	N							Torrey Growth & Income Advisors	1233 CAMINO DEL MAR		DEL MAR	CA	92014	13F HOLDINGS REPORT	028-25843	000139940	801-66611	N	
0002051568-25-000009	30-SEP-2025								Graney & King, LLC	623 NEW LOUDON ROAD		LATHAM	NY	12110	13F HOLDINGS REPORT	028-24928	000126461	801-123006	N	
0001799544-25-000005	30-SEP-2025								HOEY INVESTMENTS, INC	1000 BRANDYWINE CREEK ROAD		COATESVILLE	PA	19320	13F HOLDINGS REPORT	028-19650	000152103	801-80919	N	
0001754960-25-000781	30-SEP-2025								Vinva Investment Management Ltd	SUITE 1, LEVEL 27	259 GEORGE STREET	SYDNEY	C3	2000	13F HOLDINGS REPORT	028-23233			N	
0001730896-25-000042	30-SEP-2025								United Super Pty Ltd in its capacity as Trustee for the Construction & Building Unions Superannuation Fund	LEVEL 22	130 LONSDALE STREET	MELBOURNE	C3	VIC 3000	13F HOLDINGS REPORT	028-18387			N	
0002021232-25-000006	30-SEP-2025	N							Diversify Advisory Services, LLC	9017 S. RIVERSIDE DR.	SUITE 210	SANDY	UT	84070	13F HOLDINGS REPORT	028-24086	000326060	801-128675	N	
0001567755-25-000002	30-SEP-2025	N							Private Advisor Group, LLC	305 MADISON AVENUE		MORRISTOWN	NJ	07960	13F HOLDINGS REPORT	028-15851	000155216	801-72060	N	
0001704212-25-000007	30-SEP-2025								Black Swift Group, LLC	2595 CANYON BLVD	SUITE 330	BOULDER	CO	80302	13F HOLDINGS REPORT	028-20513			N	
0001666736-25-000014	30-SEP-2025								Gerber Kawasaki Wealth & Investment Management	2437 MAIN STREET		SANTA MONICA	CA	90405	13F HOLDINGS REPORT	028-17184			N	
0001726752-25-000007	30-SEP-2025								Pinnacle Wealth Planning Services, Inc.	6 W. 3RD STREET	SUITE 100	MANSFIELD	OH	44902	13F HOLDINGS REPORT	028-18382	000106817	801-51715	N	
0000821103-25-000002	30-SEP-2025	N							PLANNING DIRECTIONS INC	239 BALTIMORE PIKE		GLEN MILLS	PA	19342	13F HOLDINGS REPORT	028-18748	000120131	801-62686	N	
0001911520-25-000006	30-SEP-2025								Cladis Investment Advisory, LLC	180 S 32ND ST WEST	SUITE 1	BILLINGS	MT	59102	13F HOLDINGS REPORT	028-22477	000153873	801-126137	N	
0001193125-25-278347	30-SEP-2025	N							Meiji Yasuda Asset Management Co Ltd.	2-3-2 Otemachi	Chiyoda-ku	Tokyo	M0	100-0004	13F HOLDINGS REPORT	028-13925			N	
0001193125-25-278358	30-SEP-2025	N							Meiji Yasuda Life Insurance Co	2-1-1, MARUNOUCHI,CHIYODA-KU		TOKYO	M0	100-0005	13F COMBINATION REPORT	028-13926			N	
0001140361-25-041747	30-SEP-2025	N							SCHRODER INVESTMENT MANAGEMENT GROUP	1 London Wall Place		London	X0	EC2Y 5AU	13F HOLDINGS REPORT	028-04731			N	
0001791126-25-000002	30-SEP-2025	N							Triton Wealth Management, PLLC	13211 N 103RD AVE, STE. 4		SUN CITY	AZ	85351	13F HOLDINGS REPORT	028-20255			N	
0001915494-25-000002	30-SEP-2025	N							Clientfirst Wealth Management, LLC	1501 N UNIVERSITY AVE	715	LITTLE ROCK	AR	72207	13F HOLDINGS REPORT	028-22398	000120286	801-67589	N	
0001601348-25-000007	30-SEP-2025								Riggs Asset Managment Co. Inc.	THE GRAND HIGHLANDS	TWO NEWBERRY ESTATES	DALLAS	PA	18612	13F HOLDINGS REPORT	028-16103	000107233	801-38171	N	
0001690010-25-000009	30-SEP-2025								Parallel Advisors, LLC	150 SPEAR STREET	SUITE 1600	SAN FRANCISCO	CA	94105	13F HOLDINGS REPORT	028-17792	000140800	801-68107	N	
0002066359-25-000003	30-SEP-2025								Integrity Investment Advisors, LLC	3275 TWIN HERON CT.		FORT COLLINS	CO	80528	13F HOLDINGS REPORT	028-25533	000154131		N	
0001864123-25-000008	30-SEP-2025								Goodman Advisory Group, LLC	197 FIRST AVENUE	SUITE 130	NEEDHAM	MA	02494	13F HOLDINGS REPORT	028-21560			N	
0000312069-25-000619	30-SEP-2025								BARCLAYS PLC	1 CHURCHILL PLACE	CANARY WHARF	LONDON	X0	E14 5HP	13F HOLDINGS REPORT	028-00826			N	
0001754960-25-000777	30-SEP-2025								Consolidated Portfolio Review Corp	125 FROEHLICH FARM BLVD		WOODBURY	NY	11797	13F HOLDINGS REPORT	028-23230			N	
0001398344-25-020811	30-SEP-2025	N							PITCAIRN CO	161 WASHINGTON STREET	SUITE 801	CONSHOHOCKEN	PA	19428	13F HOLDINGS REPORT	028-00460			N	
0001941040-25-000649	30-SEP-2025	N							Solstein Capital, LLC	1285 El Camino Real, Ste 100		Menlo Park	CA	94025	13F HOLDINGS REPORT	028-18536	000157888	801-112859	N	
0001941040-25-000648	30-SEP-2025	N							Perennial Investment Advisors, LLC	11620 Wilshire Boulevard	Suite 400	Los Angeles	CA	90025	13F HOLDINGS REPORT	028-19784	000286477	801-110619	N	
0000200724-25-000007	30-SEP-2025								SMITH, MOORE & CO.	7777 BONHOMME AVE., SUITE 2400		CLAYTON	MO	63105	13F HOLDINGS REPORT	028-15770	000003441	801-68175	N	
0001941040-25-000647	30-SEP-2025	N							United Capital Management of KS, Inc.	227 N. SANTA FE AVE.		SALINA	KS	67401	13F HOLDINGS REPORT	028-18906	000157755	801-80159	N	
0001941040-25-000646	30-SEP-2025	N							ISLAY CAPITAL MANAGEMENT, LLC	8001 Quaker Avenue	Suite J	Lubbock	TX	79424	13F HOLDINGS REPORT	028-19845	000114531	801-61327	N	
0001539204-25-000008	30-SEP-2025								Crossmark Global Holdings, Inc.	15375 MEMORIAL DR, SUITE 200		HOUSTON	TX	77079	13F HOLDINGS REPORT	028-18152			N	
0001580642-25-007239	30-SEP-2025	N							Orion Porfolio Solutions, LLC	17605 Wright Street		Omaha	NE	68130	13F COMBINATION REPORT	028-11877			N	
0001941040-25-000643	30-SEP-2025	N							Leeward Financial Partners, LLC	10015 NE 4TH STREET	#4001	Bellevue	WA	98004	13F HOLDINGS REPORT	028-21499	000288779	801-119921	N	
0002093991-25-000001	30-SEP-2025								Mann Financial Group, Inc.	613 HWY 10 E		DETROIT LAKES	MN	56501	13F HOLDINGS REPORT	028-25841	000297878	801-8449	N	
0001941040-25-000640	30-SEP-2025	N							KANE INVESTMENT MANAGEMENT, INC.	15466 LOS GATOS BLVD.	SUITE 213	LOS GATOS	CA	95032	13F HOLDINGS REPORT	028-25086			N	
0001140361-25-041678	30-SEP-2025	N							TRUSTMARK BANK TRUST DEPARTMENT	248 EAST CAPITOL STREET		JACKSON	MS	39201	13F HOLDINGS REPORT	028-02681			N	
0001140361-25-041671	30-SEP-2025	N							GABELLI FUNDS LLC	One Corporate Center		Rye	NY	10580	13F HOLDINGS REPORT	028-10894	000104949	801-37706	N	
0001140361-25-041670	30-SEP-2025	N							GAMCO INVESTORS, INC. ET AL	191 MASON STREET		GREENWICH	CT	06830	13F HOLDINGS REPORT	028-01887	000104950	801-14132	N	
0001719165-25-000012	30-SEP-2025								Capital Markets Trading UK LLP	175 PICCADILLY	EMPIRE HOUSE 5TH FLOOR	LONDON	X0	W1J 9EN	13F HOLDINGS REPORT	028-18638			N	
0001941040-25-000634	30-SEP-2025	N							Artemis Wealth Advisors, LLC	570 Lexington Avenue	39th Floor	New York	NY	10022	13F HOLDINGS REPORT	028-22423	000150810	801-71019	N	
0001104659-25-110452	30-SEP-2025	N							Left Brain Wealth Management, LLC	215 Shuman Blvd	#304	Naperville	IL	60563	13F HOLDINGS REPORT	028-23029	000170348	801-113256	N	
0000892712-25-000147	30-SEP-2025								MARIETTA INVESTMENT PARTNERS LLC	833 EAST MICHIGAN STREET	SUITE 980	MILWAUKEE	WI	53202	13F HOLDINGS REPORT	028-05741	000108479	801-57179	N	
0001632813-25-000007	30-SEP-2025								CMT Capital Markets Trading GmbH	156 N JEFFERSON ST.	SUITE 102	CHICAGO	IL	60661	13F HOLDINGS REPORT	028-16985			N	
0001398344-25-020792	30-SEP-2025	N							Aptus Capital Advisors, LLC	314 MAGNOLIA AVENUE		FAIRHOPE	AL	36532	13F HOLDINGS REPORT	028-19129	000167626	801-107723	N	
0001951757-25-001407	30-SEP-2025								PARAGON FINANCIAL PARTNERS, INC.	5850 CANOGA AVENUE	SUITE 400	WOODLAND HILLS	CA	91367	13F HOLDINGS REPORT	028-21998			N	
0001951757-25-001406	30-SEP-2025								PALO ALTO WEALTH ADVISORS, LLC	715 COLORADO AVENUE	SUITE A	PALO ALTO	CA	94303	13F HOLDINGS REPORT	028-22829			N	
0001104659-25-110426	30-SEP-2025	N							WALLED LAKE PLANNING & WEALTH MANAGEMENT, LLC	600 ELM PLACE		HIGHLAND PARK	IL	60035	13F HOLDINGS REPORT	028-20278	000299595	801-114386	N	
0002071844-25-000446	30-SEP-2025								LOM Asset Management Ltd	27 REID STREET		HAMILTON	D0	HM11	13F HOLDINGS REPORT	028-25692			N	
0001034549-25-000009	30-SEP-2025								PARADIGM ASSET MANAGEMENT CO LLC	445 HAMILTON AVENUE	11TH FLOOR	NEW YORK	NY	10601	13F HOLDINGS REPORT	028-06194			N	
0001172661-25-004735	30-SEP-2025	N							Integrity Advisory Solutions, LLC	1445 ROSS AVE, 55TH FLOOR		DALLAS	TX	75202	13F HOLDINGS REPORT	028-25839	000288817	801-123090	N	
0001172661-25-004734	30-SEP-2025	N							Mach-1 Financial Group, LLC	1001 S. 52nd Street	Suite 100	Rogers	AR	72758	13F HOLDINGS REPORT	028-20742	000298195	801-118093	N	
0001965239-25-000008	30-SEP-2025								STF Management LP	6136 FRISCO SQUARE BLVD SUITE 400		FRISCO	TX	75034	13F HOLDINGS REPORT	028-23027	000173690	801-123657	N	
0001976157-25-000008	30-SEP-2025								M1 Capital Management LLC	200 EAST BIG BEAVER ROAD	STE 132	TROY	MI	48083	13F HOLDINGS REPORT	028-25467			N	
0001951757-25-001404	30-SEP-2025								Bouchey Financial Group Ltd	1819 5TH AVE		TROY	NY	12833	13F HOLDINGS REPORT	028-15804			N	
0001951757-25-001401	30-SEP-2025								Sunpointe, LLC	8301 MARYLAND AVENUE	SUITE 300	ST. LOUIS	MO	63105	13F HOLDINGS REPORT	028-23978			N	
0001951757-25-001400	30-SEP-2025								Intellectus Partners, LLC	1050 BATTERY STREET	SUITE 100	SAN FRANCISCO	CA	94111	13F HOLDINGS REPORT	028-17869			N	
0001062993-25-016671	30-SEP-2025	N							GUARDIAN CAPITAL LP	199 BAY ST. COMMERCE COURT WEST	SUITE 2700, P.O. BOX 201	TORONTO	A6	M5L 1E8	13F HOLDINGS REPORT	028-14316	000105078	801-56081	N	
0001689933-25-000006	30-SEP-2025								Per Stirling Capital Management, LLC.	4800 BEE CAVE ROAD		AUSTIN	TX	78746	13F HOLDINGS REPORT	028-23068	000151671	801-70707	N	
0001049854-25-000012	30-SEP-2025	N							HAP Trading, LLC	395 HUDSON STREET, 10TH FLOOR		NEW YORK	NY	10014	13F HOLDINGS REPORT	028-25838			N	
0001576762-25-000004	30-SEP-2025	N							Advisory Alpha, LLC	348 S. Waverly Rd., Suite 100		HOLLAND	MI	49423	13F HOLDINGS REPORT	028-15942	000158282	801-72499	N	
0002058426-25-000005	30-SEP-2025								Corient IA LLC	830 BRICKELL PLAZA	SUITE 4800	MIAMI	FL	33131	13F HOLDINGS REPORT	028-25575	000326262	801-127886	N	
0001193125-25-277455	30-SEP-2025	N							Alpha Family Trust	2121 Avenue of the Stars	Suite #800	Los Angeles	CA	90067	13F HOLDINGS REPORT	028-20924			N	
0001546989-25-000006	30-SEP-2025								NewSquare Capital LLC	16 CAMPUS BOULEVARD	SUITE 100	NEWTOWN SQUARE	PA	19073	13F HOLDINGS REPORT	028-15123			N	
0001172661-25-004730	30-SEP-2025	N							AmeriServ Wealth Advisors	216 Franklin Street		Johnstown	PA	15901	13F HOLDINGS REPORT	028-05257	000105846	801-47835	N	
0001674020-25-000008	30-SEP-2025								HORIZON FINANCIAL SERVICES, LLC	3880 VEST MILL RD, STE 100		WINSTON SALEM	NC	27103	13F HOLDINGS REPORT	028-20382	000158798	801-113778	N	
0001082917-25-000007	30-SEP-2025								GW&K Investment Management, LLC	222 BERKELEY ST SUITE 1500		BOSTON	MA	02116	13F HOLDINGS REPORT	028-04145			N	
0001172661-25-004729	30-SEP-2025	N							Cambria Investment Management, L.P.	3300 HIGHLAND AVE		Manhattan Beach	CA	90266	13F COMBINATION REPORT	028-17008	000141600	801-71786	N	
0001861678-25-000006	30-SEP-2025								Bradley & Co. Private Wealth Management, LLC	801 BRICKELL AVENUE	SUITE 800	MIAMI	FL	33131	13F HOLDINGS REPORT	028-21195			N	
0001779040-25-000007	30-SEP-2025								PSI Advisors, LLC	13059 W. LINEBAUGH AVE	SUITE 102	TAMPA	FL	33626	13F HOLDINGS REPORT	028-19925			N	
0001172661-25-004725	30-SEP-2025	N							Freestone Capital Holdings, LLC	701 5th Avenue	74th Floor	Seattle	WA	98104	13F COMBINATION REPORT	028-13894	000145711	801-69073	N	
0001039807-25-000013	30-SEP-2025								BOSTON FAMILY OFFICE LLC	20 CUSTOM HOUSE STREET	SUITE 700	BOSTON	MA	02110	13F HOLDINGS REPORT	028-06344			N	
0001193125-25-277361	30-SEP-2025	N							OAK ASSOCIATES LTD /OH/	3800 EMBASSY PARKWAY	SUITE 310	AKRON	OH	44333	13F HOLDINGS REPORT	028-02338	000108874	801-23632	N	
0001765380-25-000488	30-SEP-2025								Resolute Wealth Strategies, LLC	4400 OLD CANTON ROAD	SUITE 210	JACKSON	MS	39211	13F HOLDINGS REPORT	028-23204	000318599	801-125835	N	
0001570271-25-000012	30-SEP-2025								Headlands Technologies LLC	110 N. WACKER DRIVE	54TH FLOOR	CHICAGO	IL	60606	13F HOLDINGS REPORT	028-23018		028-23018	N	
0001541596-25-000007	30-SEP-2025								Aspen Investment Management Inc	4020 E BELTLINE NE SUITE 103		GRAND RAPIDS	MI	49525	13F HOLDINGS REPORT	028-14711	000112081	801-58191	N	
0001398344-25-020776	30-SEP-2025	N							MARSICO CAPITAL MANAGEMENT LLC	1200 17TH ST	STE 1700	DENVER	CO	80202	13F HOLDINGS REPORT	028-06748	000109250	801-54914	N	
0001580642-25-007235	30-SEP-2025	N							Winch Advisory Services, LLC	424 E Wisconsin Avenue		Appleton	WI	54911	13F HOLDINGS REPORT	028-16148			N	
0001600035-25-000005	30-SEP-2025								Stonebridge Capital Advisors LLC	2550 UNIVERSITY AVE WEST	SUITE 455 SOUTH	ST PAUL	MN	55114	13F HOLDINGS REPORT	028-16094			N	
0001140361-25-041628	30-SEP-2025	N							Amova Asset Management Americas, Inc.	605 THIRD AVENUE	38TH FLOOR	NEW YORK	NY	10158	13F HOLDINGS REPORT	028-13674			N	
0000947871-25-000986	30-SEP-2025	N							Saudi Central Bank	King Saud Bin Abdulaziz Street		Riyadh	T0	11169	13F HOLDINGS REPORT	028-22558			N	
0001569884-25-000013	30-SEP-2025								RPg Family Wealth Advisory, LLC	25 BURLINGTON MALL ROAD	SUITE 404	BURLINGTON	MA	01803	13F HOLDINGS REPORT	028-17150			N	
0001964958-25-000009	30-SEP-2025								INSIGNEO ADVISORY SERVICES, LLC	1221 BRICKELL AVENUE	27TH FLOOR	MIAMI	FL	33131	13F HOLDINGS REPORT	028-22931	000282589	801-107256	N	
0001765380-25-000485	30-SEP-2025								PLANNING ALTERNATIVES LTD /ADV	255 SOUTH OLD WOODWARD AVENUE	SUITE 310	BIRMINGHAM	MI	48009	13F HOLDINGS REPORT	028-15145	000110268	801-18310	N	
0001645890-25-000013	30-SEP-2025								Fiduciary Group, LLC	PO BOX 13688		SAVANNAH	GA	31416	13F HOLDINGS REPORT	028-16953	000221530	801-96251	N	
0001765380-25-000484	30-SEP-2025								One Charles Private Wealth Services, LLC	99 DERBY STREET	SUITE 101	HINGHAM	MA	02043	13F HOLDINGS REPORT	028-19841	000286635	801-109973	N	
0001172661-25-004722	30-SEP-2025	N							MCDONALD PARTNERS LLC	1301 East 9th Street	Suite 3700	Cleveland	OH	44114	13F HOLDINGS REPORT	028-21003	000135414	801-64294	N	
0001819815-25-000006	30-SEP-2025								Bellwether Advisors, LLC	140 N 8TH STREET	SUITE 210	LINCOLN	NE	68508	13F HOLDINGS REPORT	028-20498	000300012	801-114600	N	
0002047201-25-000006	30-SEP-2025								Reyes Financial Architecture, Inc.	4660 LA JOLLA VILLAGE DRIVE	SUITE 725	SAN DIEGO	CA	92122	13F HOLDINGS REPORT	028-25192	000153194	801-125730	N	
0001728319-25-000006	30-SEP-2025								IFG Advisory, LLC	200 ASHFORD CENTER NORTH	SUITE 400	ATLANTA	GA	30338	13F HOLDINGS REPORT	028-18226	000168012	801-80184	N	
0001172661-25-004719	30-SEP-2025	N							Trust Asset Management LLC	1900 St. James Place	Suite 300	Houston	TX	77056	13F HOLDINGS REPORT	028-16188	000147379	801-69363	N	
0001689013-25-000008	30-SEP-2025								JT Stratford LLC	311 GREEN ST	SUITE 100	GAINESVILLE	GA	30501	13F HOLDINGS REPORT	028-17668			N	
0001965401-25-000005	30-SEP-2025	N							VIAWEALTH, LLC	8700 State Line Rd.	Suite 325	Leawood	KS	66206	13F COMBINATION REPORT	028-22930	000309043	801-118904	N	
0002054825-25-000009	30-SEP-2025	Y	1	RESTATEMENT					Astra Wealth Partners LLC	101 HUDSON STREET	SUITE 2100	JERSEY CITY	NJ	07302	13F HOLDINGS REPORT	028-24986	000321136	801-125765	N	
0001104659-25-110217	30-SEP-2025	N							ARK Investment Management LLC	200 Central Avenue		St. Petersburg	FL	33701	13F HOLDINGS REPORT	028-17768			N	
0000354204-25-001337	30-SEP-2025								DIMENSIONAL FUND ADVISORS LP	6300 BEE CAVE ROAD	BUILDING ONE	AUSTIN	TX	78746	13F HOLDINGS REPORT	028-01186			N	
0000829407-25-000006	30-SEP-2025								MONTAG A & ASSOCIATES INC	200 GALLERIA PKWY	SUITE 1450	ATLANTA	GA	30339	13F HOLDINGS REPORT	028-02209			N	
0001172661-25-004718	30-SEP-2025	N							LAFFER TENGLER INVESTMENTS, INC.	6730 N Scottsdale Road	Suite 230	Scottsdale	AZ	85253	13F HOLDINGS REPORT	028-10975	000108068	801-56953	N	
0001439805-25-000008	30-SEP-2025								Greenwich Wealth Management LLC	45 EAST PUTNAM AVENUE STE 128		GREENWICH	CT	06830	13F HOLDINGS REPORT	028-13145			N	
0001083190-25-000011	30-SEP-2025								COMMONWEALTH OF PENNSYLVANIA PUBLIC SCHOOL EMPLS RETRMT SYS	5 NORTH 5TH ST		HARRISBURG	PA	17101	13F HOLDINGS REPORT	028-05879			N	
0001403438-25-000006	30-SEP-2025								LPL Financial LLC	1055 LPL WAY		FORT MILL	SC	29715	13F HOLDINGS REPORT	028-12526			N	
0002004873-25-000007	30-SEP-2025								United Advisor Group, LLC	36 ROLLING HILLS DR.		CINCINNATI	OH	45215	13F HOLDINGS REPORT	028-23970	000324205	801-127090	N	
0001062993-25-016656	30-SEP-2025	N							All Terrain Financial Advisors, LLC	551 COON RAPIDS BLVD NW		COON RAPIDS	MN	55433	13F COMBINATION REPORT	028-18618	000286683	801-109958	N	
0001172661-25-004717	30-SEP-2025	N							Robertson Stephens Wealth Management, LLC	455 Market Street	Suite 1450	San Francisco	CA	94105-2442	13F HOLDINGS REPORT	028-19136	000289977	801-111814	N	
0000720672-25-000015	30-SEP-2025								STIFEL FINANCIAL CORP	ATTN: JAMES G. LASCHOBER	501 N. BROADWAY	ST. LOUIS	MO	63102-2102	13F HOLDINGS REPORT	028-04621			N	
0002044855-25-000008	30-SEP-2025								Comprehensive Financial Planning, Inc./PA	5995 LEMON STREET		EAST PETERSBURG	PA	17520	13F HOLDINGS REPORT	028-24640	000864624		N	
0001696715-25-000003	30-SEP-2025	N							LEVEL FOUR ADVISORY SERVICES, LLC	12400 COIT ROAD	SUITE 700	DALLAS	TX	75251	13F HOLDINGS REPORT	028-17884			N	
0000714142-25-000006	30-SEP-2025								TEACHERS RETIREMENT SYSTEM OF THE STATE OF KENTUCKY	479 VERSAILLES ROAD		FRANKFORT	KY	40601	13F HOLDINGS REPORT	028-01068			N	
0001040188-25-000097	30-SEP-2025	N							VICTORY CAPITAL MANAGEMENT INC	15935 La Cantera Parkway		San Antonio	TX	78256	13F COMBINATION REPORT	028-06354			N	
0001163648-25-000016	30-SEP-2025								CI INVESTMENTS INC.	15 YORK STREET, 2ND FLOOR		TORONTO	Z4	M5J 0A3	13F COMBINATION REPORT	028-10064			N	
0001754960-25-000770	30-SEP-2025								Accuvest Global Advisors	3575 N 100 E, SUITE 350		PROVO	UT	84604	13F HOLDINGS REPORT	028-13979			N	
0001951757-25-001399	30-SEP-2025								CAPSTONE WEALTH MANAGEMENT GROUP, LLC	1202 MEADE STREET		DUNMORE	PA	18512	13F HOLDINGS REPORT	028-22410			N	
0001420506-25-003126	30-SEP-2025	N							SEVEN GRAND MANAGERS, LLC	81 PONDFIELD ROAD	SUITE C302	BRONXVILLE	NY	10708	13F HOLDINGS REPORT	028-21734			N	
0001765380-25-000483	30-SEP-2025								Duncan Williams Asset Management, LLC	5350 POPLAR AVENUE, SUITE 600		MEMPHIS	TN	38119	13F HOLDINGS REPORT	028-24045	000174809	801-81015	N	
0001172661-25-004716	30-SEP-2025	N							NAPA WEALTH MANAGEMENT	1836 Second Street		Napa	CA	94559	13F HOLDINGS REPORT	028-23987			N	
0001172661-25-004715	30-SEP-2025	N							Cresset Asset Management, LLC	444 W. Lake Street	Suite 4700	Chicago	IL	60606	13F HOLDINGS REPORT	028-19305	000288566	801-110753	N	
0001941040-25-000622	30-SEP-2025	N							Oakwell Private Wealth Management, LLC	3200 Steck Ave	Ste 200	Austin	TX	78757	13F HOLDINGS REPORT	028-20653	000162096	801-110263	N	
0001159363-25-000010	30-SEP-2025								CAZ INVESTMENTS LP	ONE RIVERWAY	SUITE 2000	HOUSTON	TX	77056	13F HOLDINGS REPORT	028-11299			N	
0001694164-25-000015	30-SEP-2025	Y	1	RESTATEMENT					AustralianSuper Pty Ltd	LEVEL 30	130 LONSDALE STREET	MELBOURNE	C3	3000	13F HOLDINGS REPORT	028-18188			N	
0001754960-25-000767	30-SEP-2025								Fox Hill Wealth Management	84 BRIDGE STREET		DEDHAM	MA	02026	13F HOLDINGS REPORT	028-24062	000321881		N	
0001735605-25-000007	30-SEP-2025								USAdvisors Wealth Management, LLC	15750 VENTURE LANE		EDEN PRAIRIE	MN	55344	13F HOLDINGS REPORT	028-18704			N	
0001951757-25-001396	30-SEP-2025								Claro Advisors LLC	100 HIGH STREET	SUITE 950	BOSTON	MA	02110	13F HOLDINGS REPORT	028-19280			N	
0001539041-25-000062	30-SEP-2025								PICTON MAHONEY ASSET MANAGEMENT	33 YONGE STREET, SUITE 320		Toronto	A6	M5E 1G4	13F HOLDINGS REPORT	028-15516			Y	Market Value is rounded to the nearest thousandths place
0001298088-25-000025	30-SEP-2025								CIBC Bancorp USA Inc.	120 SOUTH LASALLE	LEGAL DEPARTMENT - 4TH FLOOR	CHICAGO	IL	60603	13F HOLDINGS REPORT	028-21342			N	
0001172036-25-000008	30-SEP-2025								SONATA CAPITAL GROUP INC	2001 6TH AVENUE	SUITE 3410	SEATTLE	WA	98121	13F HOLDINGS REPORT	028-10198			N	
0002057637-25-000006	30-SEP-2025								AMERIFLEX GROUP, INC.	8475 W. SUNSET ROAD, SUITE 101		LAS VEGAS	NV	89113	13F HOLDINGS REPORT	028-25406	000305585	801-117784	N	
0001765380-25-000482	30-SEP-2025								Legacy Capital Group California, Inc.	459 MONTEREY AVENUE	SUITE 100	LOS GATOS	CA	95030	13F HOLDINGS REPORT	028-23223	000111436	801-69566	N	
0001765380-25-000481	30-SEP-2025								Intellus Advisors LLC	8889 PELICAN BAY BLVD. N.	SUITE 102	NAPLES	FL	34108	13F HOLDINGS REPORT	028-24900	000332883	801-131142	N	
0000930413-25-003416	30-SEP-2025	N							Nuveen, LLC	C/o Tiaa, 8500 Andrew Carnegie Blvd.	Mail Stop Ssc/c2/04	Charlotte	NC	28262	13F HOLDINGS REPORT	028-25561			N	
0001973728-25-000007	30-SEP-2025								Dodds Wealth, LLC	5251 DTC PARKWAY	SUITE 720	GREENWOOD VILLAGE	CO	80111	13F HOLDINGS REPORT	028-23713			N	
0002010278-25-000007	30-SEP-2025								Portfolio Design Labs, LLC	15760 VENTURA BLVD	SUITE 1700	ENCINO	CA	91436	13F HOLDINGS REPORT	028-23698			N	
0001868872-25-000004	30-SEP-2025	N							Focus Partners Advisor Solutions, LLC	190 CARONDELET PLAZA	SUITE 600	SAINT LOUIS	MO	63105	13F COMBINATION REPORT	028-21711	000143319	801-67641	N	
0001214659-25-016301	30-SEP-2025	N							MONETARY MANAGEMENT GROUP INC	13537 BARRETT PARKWAY DR, SUITE 325		ST LOUIS	MO	63125	13F HOLDINGS REPORT	028-06113			N	
0001941040-25-000619	30-SEP-2025	N							BECKER CAPITAL MANAGEMENT INC	1211 SW Fifth Avenue	Suite 2185	Portland	OR	97204	13F HOLDINGS REPORT	028-01822	000110489	801-11781	N	
0002012383-25-002949	30-SEP-2025								BlackRock, Inc.	50 Hudson Yards		New York	NY	10001	13F COMBINATION REPORT	028-24466			Y	BlackRock, Inc. is the parent holding company of certain institutional investment managers. For purposes of the reporting requirements under Section 13(f) of the Securities Exchange Act of 1934 (the Act), and the rules promulgated thereunder, BlackRock, Inc. itself does not exercise, and therefore disclaims, investment discretion with respect to any Section 13(f) securities positions over which its investment operating subsidiaries exercise such discretion. To the extent, however, that BlackRock Inc.'s ownership interest in such subsidiaries may nevertheless give rise to a Form 13F obligation on behalf of BlackRock, Inc., the information required by Form 13F is reported herein on behalf of all such subsidiaries.
0001535061-25-000007	30-SEP-2025								Edgestream Partners, L.P.	902 Carnegie Center	Suite 200	Princeton	NJ	08540	13F HOLDINGS REPORT	028-15991			N	
0001580642-25-007222	30-SEP-2025	N							RATIONAL ADVISORS, INC.	36 N. NEW YORK AVENUE		HUNTINGTON	NY	11743	13F HOLDINGS REPORT	028-16191	000111452		N	
0001909750-25-000013	30-SEP-2025								Operose Advisors LLC	731 N. WATER STREET, SUITE 790		MILWAUKEE	WI	53202	13F HOLDINGS REPORT	028-21951	000287465	801-118313	N	
0001765380-25-000478	30-SEP-2025								Headland Capital, LLC	300 WEST COLEMAN BLVD	SUITE 204	MT. PLEASANT	SC	29464	13F HOLDINGS REPORT	028-25332	000332277	801-130923	N	
0001580642-25-007220	30-SEP-2025	N							Catalyst Capital Advisors LLC	36 N. NEW YORK AVE	STE. 2S	HUNTINGTON	NY	11743	13F COMBINATION REPORT	028-14953			N	
0001723397-25-000009	30-SEP-2025								Steward Partners Investment Advisory, LLC	400 ATLANTIC STREET	10TH FLOOR	STAMFORD	CT	06901-3512	13F HOLDINGS REPORT	028-18184			N	
0001911470-25-000005	30-SEP-2025								ETF Store, Inc.	7300 W. 110TH ST	SUITE 870	OVERLAND PARK	KS	66210	13F HOLDINGS REPORT	028-22250			N	
0001906322-25-000004	30-SEP-2025								POM Investment Strategies, LLC	4101 LAKE BOONE TRAIL, SUITE 111		RALEIGH	NC	27607	13F HOLDINGS REPORT	028-24158			N	
0001580642-25-007219	30-SEP-2025	N							Sand Hill Global Advisors, LLC	245 Lytton Ave	Suite 300	Palo Alto	CA	94301	13F HOLDINGS REPORT	028-05390			N	
0001728866-25-000004	30-SEP-2025								Smart Money Group LLC	PO BOX 904		EASTLAND	TX	76448	13F COMBINATION REPORT	028-18631	000284187	801-107979	N	
0001909316-25-000007	30-SEP-2025								JOURNEY STRATEGIC WEALTH LLC	47 MAPLE STREET	SUITE 104	SUMMIT	NJ	07901	13F HOLDINGS REPORT	028-22006			N	
0001712671-25-000006	30-SEP-2025								Geneva Partners, LLC	772 WEST MAIN STREET	SUITE 301	LAKE GENEVA	WI	53147	13F HOLDINGS REPORT	028-18099	000130768	801-107776	N	
0001605401-25-000005	30-SEP-2025	N							PKS Advisory Services, LLC	80 STATE STREET		ALBANY	NY	12207	13F HOLDINGS REPORT	028-24929	000125648	801-62147	N	
0001537720-25-000015	30-SEP-2025	N							FINEMARK NATIONAL BANK & TRUST	8695 COLLEGE PKWY	STE 100	FORT MYERS	FL	33919	13F HOLDINGS REPORT	028-14893			N	
0001172661-25-004711	30-SEP-2025	N							RS CRUM INC.	4 Upper Newport Plaza Drive, Suite 201		Newport Beach	CA	92660	13F HOLDINGS REPORT	028-22307	000158621	801-72672	N	
0002081584-25-000010	30-SEP-2025								Provenance Wealth Advisors, LLC	200 E LAS OLAS BLVD	19TH FLOOR	FORT LAUDERDALE	FL	33301	13F HOLDINGS REPORT	028-25749			N	
0001541496-25-000020	30-SEP-2025	N							Hendershot Investments Inc.	5862 Saddle Downs Place		Centreville	VA	20120	13F HOLDINGS REPORT	028-14734			N	
0000932540-25-000040	30-SEP-2025								GROUP ONE TRADING LLC	425 S FINANCIAL PLACE	SUITE 3400	CHICAGO	IL	60605	13F HOLDINGS REPORT	028-14920	000037484	8-47762	N	
0001600151-25-000005	30-SEP-2025								Arete Wealth Advisors, LLC	1115 W FULTON MARKET	3RD FLOOR	CHICAGO	IL	60607	13F HOLDINGS REPORT	028-15999			N	
0001765380-25-000477	30-SEP-2025								Fi3 FINANCIAL ADVISORS, LLC	10401 N. MERIDIAN STREET	SUITE 205	INDIANAPOLIS	IN	46290	13F HOLDINGS REPORT	028-21253	000168005	801-113218	N	
0002040686-25-000006	30-SEP-2025								Police & Firemen's Retirement System of New Jersey	50 W STATE STREET	SUITE 1100	TRENTON	NJ	08625	13F HOLDINGS REPORT	028-24908			N	
0002045082-25-000005	30-SEP-2025								Legacy Wealth Managment, LLC/ID	13965 W. CHINDEN BLVD.		BOISE	ID	83713	13F HOLDINGS REPORT	028-24506	000174767		N	
0001718251-25-000012	30-SEP-2025								FORTRESS PRIVATE LEDGER, LLC	3110 EDWARDS MILL RD, STE 200		RALEIGH	NC	27612	13F HOLDINGS REPORT	028-25190			N	
0001488542-25-000018	30-SEP-2025								SIMPLEX TRADING, LLC	230 S. LASALLE STREET	SUITE 08-500	CHICAGO	IL	60604	13F HOLDINGS REPORT	028-16834			N	
0000012600-25-000011	30-SEP-2025								PRINCIPAL SECURITIES, INC.	PRINCIPAL FINANCIAL GROUP	711 HIGH STREET	DES MOINES	IA	50392-2080	13F HOLDINGS REPORT	028-23623	000001137	801-54949	N	
0001009076-25-000017	30-SEP-2025								COMMERCE BANK	POST OFFICE BOX 419248		KANSAS CITY	MO	64141-6248	13F HOLDINGS REPORT	028-05260			N	
0001419186-25-000008	30-SEP-2025								Cambridge Investment Research Advisors, Inc.	1776 PLEASANT PLAIN ROAD		FAIRFIELD	IA	52556	13F HOLDINGS REPORT	028-12861			N	
0001791965-25-000007	30-SEP-2025								Kingsview Wealth Management, LLC	509 SE 7TH ST	2ND FLOOR	GRANTS PASS	OR	97526	13F HOLDINGS REPORT	028-19701			N	
0002054825-25-000008	30-SEP-2025								Astra Wealth Partners LLC	101 HUDSON STREET	SUITE 2100	JERSEY CITY	NJ	07302	13F HOLDINGS REPORT	028-24986	000321136	801-125765	N	
0002080880-25-000007	30-SEP-2025								111 Capital	9 RUE DE LA PAIX		PARIS	I0	75002	13F HOLDINGS REPORT	028-25463			N	
0001214659-25-016284	30-SEP-2025	N							Rockbridge Investment Management, LCC	220 S Warren St	9th Floor	Syracuse	NY	13202	13F HOLDINGS REPORT	028-20345			N	
0001739877-25-000008	30-SEP-2025								Elo Mutual Pension Insurance Co	REVONTULENTIE 7		ESPOO	H9	02100	13F HOLDINGS REPORT	028-18742			N	
0001172661-25-004706	30-SEP-2025	N							Omega Financial Group, LLC	812 Anacapa Street		Santa Barbara	CA	93101	13F HOLDINGS REPORT	028-19338	000164147	801-77745	N	
0001830467-25-000003	30-SEP-2025								BCGM Wealth Management, LLC	672 MAIN ST.,	STE 300	LAFAYETTE	IN	47901	13F HOLDINGS REPORT	028-20886	000306757	801-117868	N	
0001079736-25-000006	30-SEP-2025								WASHINGTON TRUST Co	23 BROAD ST		WESTERLY	RI	02891	13F HOLDINGS REPORT	028-07504			N	
0000850529-25-000011	30-SEP-2025								Fisher Asset Management, LLC	6500 INTERNATIONAL PARKWAY		PLANO	TX	75093	13F HOLDINGS REPORT	028-02499			N	
0000810121-25-000005	30-SEP-2025								HARBOUR INVESTMENTS, INC.	575 D'ONOFRIO DRIVE	SUITE 300	MADISON	WI	53719	13F HOLDINGS REPORT	028-21191			N	
0001765380-25-000475	30-SEP-2025								BEARING POINT CAPITAL, LLC	3800 AMERICAN BLVD. WEST	SUITE 935	BLOOMINGTON	MN	55431	13F HOLDINGS REPORT	028-25176	000332023	801-13068	N	
0001729094-25-000003	30-SEP-2025								Gryphon Financial Partners LLC	325 JOHN H. MCCONNELL BLVD. SUITE 425		COLUMBUS	OH	43215	13F HOLDINGS REPORT	028-18308	000288210	801-110583	N	
0001727783-25-000008	30-SEP-2025								Neo Ivy Capital Management	250 PARK AVE FL 7		NEW YORK	NY	10022	13F HOLDINGS REPORT	028-19243	000284999	801-117018	N	
0001445546-25-007494	30-SEP-2025	N							FIRST TRUST ADVISORS LP	120 East Liberty Drive	Suite 400	Wheaton	IL	60187	13F COMBINATION REPORT	028-06487			N	
0001476804-25-000013	30-SEP-2025								Roundview Capital LLC	182 NASSAU STREET SUITE 201		PRINCETON	NJ	08542	13F HOLDINGS REPORT	028-13617			N	
0001420506-25-003090	30-SEP-2025	N							SW Investment Management LLC	215 N Fir Street		Telluride	CO	81435	13F HOLDINGS REPORT	028-20759			N	
0001999371-25-017439	30-SEP-2025	N							Rafferty Asset Management, LLC	535 Madison Ave,	37th Floor	New York	NY	10022	13F COMBINATION REPORT	028-12221	000112526	801-54679	N	
0002058455-25-000003	30-SEP-2025	N							WEALTHEDGE INVESTMENT ADVISORS, LLC	99 PARK AVE.	SUITE 1920	NEW YORK	NY	10016	13F HOLDINGS REPORT	028-25453	000126337	801-66845	N	
0000748054-25-000009	30-SEP-2025	N							AMERICAN CENTURY COMPANIES INC	4500 MAIN STREET		KANSAS CITY	MO	64111	13F COMBINATION REPORT	028-11918			N	
0001104659-25-109982	30-SEP-2025	N							Madison Wealth Partners, Inc	1502 WEST BROADWAY STREET	SUITE 301	MADISON	WI	53713	13F HOLDINGS REPORT	028-20942	000305824	801-118168	N	
0000912282-25-001230	30-SEP-2025								Harvest Portfolios Group Inc.	610 Chartwell Road, Suite 204		Oakville	A6	L6J 4A5	13F HOLDINGS REPORT	028-23000			N	
0001765380-25-000474	30-SEP-2025								Brand Asset Management Group, Inc.	16090 SWINGLEY RIDGE ROAD	SUITE 620	CHESTERFIELD	MO	63017	13F HOLDINGS REPORT	028-18859	000106162	801-41031	N	
0001172661-25-004701	30-SEP-2025	N							Seven Springs Wealth Group, LLC	340 SEVEN SPRINGS WAY, SUITE 710		BRENTWOOD	TN	37027	13F HOLDINGS REPORT	028-20174	000127411	801-64641	N	
0000049205-25-000003	30-SEP-2025								HUNTINGTON NATIONAL BANK	HUNTINGTON CENTER	HC 1122	COLUMBUS	OH	43287	13F HOLDINGS REPORT	028-00633			N	
0001625292-25-000015	30-SEP-2025								Argent Trust Co	3102 WEST END AVENUE	SUITE 775	NASHVILLE	TN	37203	13F HOLDINGS REPORT	028-16596			N	
0001376474-25-000914	30-SEP-2025								COMPASS CAPITAL CORP /MA/ /ADV	50 BRAINTREE HILL PARK, SUITE 105		BRAINTREE	MA	02184	13F HOLDINGS REPORT	028-24715			N	
0001602020-25-000008	30-SEP-2025								Anfield Capital Management, LLC	19900 MACARTHUR BOULEVARD, SUITE 655		IRVINE	CA	92612	13F HOLDINGS REPORT	028-18040	000165211	801-77714	N	
0001765380-25-000473	30-SEP-2025								Abacus Wealth Partners, LLC	429 SANTA MONICA BLVD.	SUITE 500	SANTA MONICA	CA	90401	13F HOLDINGS REPORT	028-23279	000128590	801-62557	N	
0001512991-25-000031	30-SEP-2025								Quantbot Technologies LP	505 FIFTH AVENUE	6TH FLOOR	NEW YORK	NY	10017	13F HOLDINGS REPORT	028-14304			N	
0002085853-25-000267	30-SEP-2025	N							Richmond Investment Services, LLC	7702 W Mequon Rd		Mequon	WI	53097	13F HOLDINGS REPORT	028-25376			N	
0001802530-25-000007	30-SEP-2025								Soltis Investment Advisors LLC	20 NORTH MAIN STREET, SUITE 400		ST. GEORGE	UT	84770	13F HOLDINGS REPORT	028-19899			N	
0001292814-25-003919	30-SEP-2025	N							Itau Unibanco Holding S.A.	PC. ALFREDO EGYDIO DE SOUZA ARANHA, 100	TORRE AE, 3 ANDAR, CEP 04344-902	SAO PAULO	D5	00000	13F HOLDINGS REPORT	028-17515			N	
0001214717-25-000016	30-SEP-2025								GEODE CAPITAL MANAGEMENT, LLC	100 SUMMER STREET	12TH FLOOR	BOSTON	MA	02110	13F HOLDINGS REPORT	028-10386	000115504	801-61117	N	
0001689144-25-000005	30-SEP-2025								Legacy Bridge, LLC	5810 GRAND AVE.		WEST DES MOINES	IA	50266	13F HOLDINGS REPORT	028-18977			N	
0001184820-25-000014	30-SEP-2025								HOLDERNESS INVESTMENTS CO	2102 N. ELM ST.	SUITE C	GREENSBORO	NC	27408	13F HOLDINGS REPORT	028-10263			N	
0002013091-25-000008	30-SEP-2025								Creekmur Asset Management LLC	805 W JACKSON ST	SUITE 301	MORTON	IL	61550	13F HOLDINGS REPORT	028-24000			N	
0002010453-25-000007	30-SEP-2025								PATRICK M SWEENEY & ASSOCIATES, INC	900 TECHNOLOGY WAY	SUITE 260	LIBERTYVILLE	IL	60048	13F HOLDINGS REPORT	028-23616	000112802	801-118910	N	
0001434819-25-000013	30-SEP-2025								APG Asset Management N.V.	Basisweg 10	1043 AP	Amsterdam	P7	00000	13F COMBINATION REPORT	028-13074			N	
0000905729-25-000182	30-SEP-2025	N							Strategies Wealth Advisors, LLC	171 Monroe Ave NW	Suite 800	Grand Rapids	MI	49503	13F HOLDINGS REPORT	028-23296	000289913	801-112177	N	
0001803519-25-000006	30-SEP-2025								Aprio Wealth Management, LLC	2002 SUMMIT BLVD.	SUITE 120	ATLANTA	GA	30319	13F HOLDINGS REPORT	028-20041			N	
0001104659-25-109943	30-SEP-2025	N							49 WEALTH MANAGEMENT, LLC	916 S Capital Of Texas Highway	Suite 2.100	Austin	TX	78746	13F HOLDINGS REPORT	028-24104	000319484	801-123687	N	
0002085853-25-000262	30-SEP-2025	N							Cache Advisors, LLC	95 Third Street	2nd Floor	San Francisco	CA	94103	13F HOLDINGS REPORT	028-25310	000323063	801-126849	N	
0001323255-25-000030	30-SEP-2025								APG Asset Management US Inc.	666 Third Avenue	2nd Floor	New York	NY	10017	13F HOLDINGS REPORT	028-11397			N	
0001398344-25-020723	30-SEP-2025	N							Nicholas Hoffman & Company, LLC.	1349 WEST PEACHTREE STREET NW	SUITE 1050	ATLANTA	GA	30309	13F HOLDINGS REPORT	028-17502	000144516	801-68306	N	
0001951757-25-001393	30-SEP-2025								Trivium Point Advisory, LLC	315 POST ROAD WEST		WESTPORT	CT	06880	13F HOLDINGS REPORT	028-19104			N	
0001104659-25-109935	30-SEP-2025	N							Pinnacle Financial Group, LLC / IL	823 Burlington Avenue		Western Springs	IL	60558	13F HOLDINGS REPORT	028-21830	000116600	801-71357	N	
0001951757-25-001392	30-SEP-2025								TOUNJIAN ADVISORY PARTNERS, LLC	8870 DANIELS PARKWAY		FORT MYERS	FL	33912	13F HOLDINGS REPORT	028-24837			N	
0002001900-25-000023	30-SEP-2025								Modern Wealth Management, LLC	13550 W 95TH ST.		LENEXA	KS	66215	13F HOLDINGS REPORT	028-23804	000324624	801-127231	N	
0001374170-25-000102	30-SEP-2024	Y	1	NEW HOLDINGS	Y	14-NOV-2025	13-NOV-2024	Confidential Treatment Expired	NORGES BANK	BANKPLASSEN 2	P.O BOX 1179 SENTRUM	OSLO	Q8	0107	13F HOLDINGS REPORT	028-12187			Y	Collateral received through secured lending and borrowing transactions in the form of securities where Norges Bank has the right to sell or pledge the security, is not recognized in its balance sheet unless reinvested. Correspondingly, such collateral is not reflected in our 13F reporting.
0001398344-25-020722	30-SEP-2025	N							ANGELES WEALTH MANAGEMENT, LLC	429 SANTA MONICA BLVD	SUITE 650	SANTA MONICA	CA	90401	13F HOLDINGS REPORT	028-22533	000159952	801-72992	N	
0001104659-25-109927	30-SEP-2025	N							BLAIR WILLIAM & CO/IL	150 North Riverside Plaza		Chicago	IL	60606	13F HOLDINGS REPORT	028-04871	000001252	801-688	N	
0001465109-25-000020	30-SEP-2025								 NEUBERGER BERMAN GROUP LLC	1290 AVENUE OF THE AMERICAS		NEW YORK	NY	10104	13F HOLDINGS REPORT	028-13573			N	
0001398344-25-020719	30-SEP-2025	N							Sterling Capital Management LLC	4350 CONGRESS STREET	SUITE 1000	CHARLOTTE	NC	28209	13F HOLDINGS REPORT	028-11465	000135405	801-64257	N	
0001172661-25-004693	30-SEP-2025	N							HUB Investment Partners, LLC	900 S. Capital Of Tx Highway	Suite 350	Austin	TX	78746	13F HOLDINGS REPORT	028-20717	000307956	801-118346	N	
0002085853-25-000259	30-SEP-2025	N							Verde Capital Management	8031 Ortonville Road	Suite 210	Clarkston	MI	48348	13F HOLDINGS REPORT	028-19844	000147179	801-69167	N	
0001140361-25-041571	30-SEP-2025	N							NOMURA ASSET MANAGEMENT CO LTD	TOYOSU BAYSIDE CROSS TOWER	2-2-1, TOYOSU, KOTO-KU	TOKYO	M0	135-0061	13F HOLDINGS REPORT	028-06746	000110814	801-24357	Y	"For certain positions, Nomura Asset Management Co., Ltd. (""NAM Tokyo"") may have investment discretion and/or may have delegated sole investment discretion to certain sub-advisers, while retaining voting authority. In such situations, the number of shares that NAM Tokyo is listing on the 13F as having investment discretion may be lower than the number of shares that NAM Tokyo is listing on the 13F as having voting authority over."
0001611519-25-000006	30-SEP-2025								PARUS FINANCE (UK) Ltd	100 PALL MALL		LONDON	X0	SW1Y 5NQ	13F HOLDINGS REPORT	028-16199	000169886		N	
0001951757-25-001387	30-SEP-2025								Mountain Capital Investment Advisors Inc.	12235 PECOS ST, SUITE 100		WESTMINSTER	CO	80234	13F HOLDINGS REPORT	028-18140			N	
0002085853-25-000254	30-SEP-2025	N							Wealthstar Advisors, LLC	305b Spring Creek Parkway Suite 400		Plano	TX	75023	13F HOLDINGS REPORT	028-18894			N	
0001951757-25-001386	30-SEP-2025								Requisite Capital Management, LLC	4001 MAPLE AVE	SUITE 290	DALLAS	TX	75219	13F HOLDINGS REPORT	028-19520			N	
0002051605-25-000005	30-SEP-2025								Berbice Capital Management LLC	1 HUNTINGTON QUADRANGLE	SUITE 2C10	MELVILLE	NY	11747	13F HOLDINGS REPORT	028-24575			N	
0001569036-25-000008	30-SEP-2025								Covington Investment Advisors Inc.	301 EAST MAIN STREET		LIGONIER	PA	15658	13F HOLDINGS REPORT	028-15166			N	
0001951757-25-001385	30-SEP-2025								DENVER WEALTH MANAGEMENT, INC.	4582 S ULSTER ST	SUITE 1300	DENVER	CO	80237	13F HOLDINGS REPORT	028-22277			N	
0001765380-25-000470	30-SEP-2025								BARNES PETTEY FINANCIAL ADVISORS, LLC	252 SUNFLOWER AVENUE		CLARKSDALE	MS	38614	13F HOLDINGS REPORT	028-21736	000142944	801-67555	N	
0001951757-25-001383	30-SEP-2025								Lifeworks Advisors, LLC	4095 PARK EAST CT.	STE. C	GRAND RAPIDS	MI	49546	13F HOLDINGS REPORT	028-22210			N	
0002085853-25-000252	30-SEP-2025	N							Aletheian Wealth Advisors LLC	777 108th Ave Ne, Suite 2250		Bellevue	WA	98004	13F HOLDINGS REPORT	028-22408	000304623	801-121173	N	
0002001900-25-000022	30-JUN-2025	Y	1	RESTATEMENT					Modern Wealth Management, LLC	13550 W 95TH ST.		LENEXA	KS	66215	13F HOLDINGS REPORT	028-23804	000324624	801-127231	N	
0001172661-25-004690	30-SEP-2025	N							Carroll Investors, Inc	1036 Lansing Drive	Suite 102	Mt Pleasant	SC	29464	13F HOLDINGS REPORT	028-22249	000311180	801-119870	N	
0002010947-25-000010	30-SEP-2025								Caitlin John, LLC	1024 E GRAND RIVER AVE	SUITE B	BRIGHTON	MI	48116	13F HOLDINGS REPORT	028-23845			N	
0001948904-25-000008	30-SEP-2025								Dunhill Financial, LLC	SWAN COURT UNIT 109	11 WORPLE ROAD	LONDON	X0	SW19 4JS	13F HOLDINGS REPORT	028-23375	000288211	801-110590	N	
0002056519-25-000008	30-SEP-2025								Accredited Wealth Management, LLC	4938 BROWNSBORO ROAD		LOUISVILLE	KY	40222	13F HOLDINGS REPORT	028-25280	000170261	801-123410	N	
0002085853-25-000249	30-SEP-2025	N							Clare Market Investments LLC	4311 West Lovers Lane	Ste 101	Dallas	TX	75209	13F HOLDINGS REPORT	028-24819			N	
0001172661-25-004688	30-SEP-2025	N							Rodgers Brothers Inc.	223 Mercer Street		Harmony	PA	16037	13F HOLDINGS REPORT	028-12591	000016197	801-61034	N	
0001172661-25-004687	30-SEP-2025	N							Insight Wealth Partners, LLC	3333 Premier Drive, Suite 800		Plano	TX	75023	13F HOLDINGS REPORT	028-20201	000153635	801-71491	N	
0001951757-25-001382	30-SEP-2025								BlackDiamond Wealth Management, LLC	31 HUDSON YARDS	10TH FLOOR, SUITE 55	NEW YORK	NY	10001	13F HOLDINGS REPORT	028-21663			N	
0001450935-25-000007	30-SEP-2025								B & T Capital Management DBA Alpha Capital Management	5407 PARKCREST DRIVE	2ND FLOOR	AUSTIN	TX	78731	13F HOLDINGS REPORT	028-13842	000121703	801-61613	N	
0001675762-25-000002	30-SEP-2025								Gilbert & Cook, Inc.	5058 GRAND RIDGE DRIVE		WEST DES MOINES	IA	50265	13F HOLDINGS REPORT	028-18084	000283112	801-107546	N	
0002021047-25-000007	30-SEP-2025								SEEDS INVESTOR LLC	THE MALIN NOMAD, FL. 5	387 PARK AVENUE SOUTH	NEW YORK	NY	10016	13F HOLDINGS REPORT	028-24103	000308909	801-124693	N	
0000819864-25-000009	30-SEP-2025								CREATIVE FINANCIAL DESIGNS INC /ADV	P O BOX 2244		KOKOMO	IN	46904-2244	13F HOLDINGS REPORT	028-18688			N	
0001193125-25-276089	30-SEP-2025	N							Allianz SE	Koeniginstrasse 28		Munich	2M	80802	13F COMBINATION REPORT	028-24968			N	
0002040915-25-000007	30-SEP-2025								Aster Capital Management (DIFC) Ltd	UNIT 1012, FLOOR 10	INDEX TOWER, DIFC	DUBAI	C0	0000	13F HOLDINGS REPORT	028-24455			N	
0001398344-25-020694	30-SEP-2025	N							MGB Wealth Management, LLC	15455 DALLAS PARKWAY	SUITE 1080	ADDISON	TX	75001	13F HOLDINGS REPORT	028-24073	000307995	801-118395	N	
0001765380-25-000465	30-SEP-2025								LeClair Wealth Partners LLC	6515 LONGSHORE LOOP	SUITE 100	DUBLIN	OH	43017	13F HOLDINGS REPORT	028-25224			N	
0001398344-25-020692	30-SEP-2025	N							Erste Asset Management GmbH	AM BELVEDERE 1		VIENNA	C4	1100	13F HOLDINGS REPORT	028-24498			N	
0001686242-25-000007	30-SEP-2025								IBEX WEALTH ADVISORS	135 US HIGHWAY 202 206	SUITE 4	BEDMINSTER	NJ	07921	13F HOLDINGS REPORT	028-17550			N	
0002067972-25-000009	30-SEP-2025								HFM Investment Advisors, LLC	102 WEST HIGH STREET	SUITE 200	GLASSBORO	NJ	08028	13F HOLDINGS REPORT	028-25612	000289103		N	
0002043136-25-000012	30-SEP-2025								Generali Investments, Management Co LLC	DUNAJSKA CESTA 63		LJUBLJANA	2A	1000	13F HOLDINGS REPORT	028-24888			N	
0001033324-25-000009	30-SEP-2025	N							FUKOKU MUTUAL LIFE INSURANCE Co	2-2-2 UCHISAIWAICHO	CHIYODA-KU	TOKYO	M0	100-0011	13F HOLDINGS REPORT	028-15122			N	
0001535452-25-000008	30-SEP-2025								Andra AP-fonden	KYRKOGATAN 48	P.O. BOX 11155	GOTEBORG	V7	SE-40424	13F HOLDINGS REPORT	028-14676			N	
0000930413-25-003411	30-SEP-2025	N							TIAA TRUST, NATIONAL ASSOCIATION	8500 Andrew Carnegie Boulevard		Charlotte	NC	28262	13F HOLDINGS REPORT	028-23407			N	
0001104659-25-109736	30-SEP-2025	N							ITHAKA GROUP LLC	3811 N Fairfax Drive	Suite 720	Arlington	VA	22203	13F HOLDINGS REPORT	028-13786			N	
0001214659-25-016246	30-SEP-2025	N							Harbor Advisors LLC	1400 Centrepark Blvd, Suite 950		West Palm Beach	FL	33401	13F HOLDINGS REPORT	028-17610			N	
0001104659-25-109701	30-SEP-2025	N							IAG Wealth Partners, LLC	N19W24200 Riverwood Drive	Suite 150	Waukesha	WI	53188	13F HOLDINGS REPORT	028-20688			N	
0001896148-25-000007	30-SEP-2025								R Squared Ltd	ROOM 1810, 18/F, V-POINT	18 TANG LUNG STREET, CAUSEWAY BAY	HONG KONG	K3	0000	13F HOLDINGS REPORT	028-24591			N	
0001718570-25-000016	30-SEP-2025								Close Asset Management Ltd	10 CROWN PLACE		LONDON	X0	EC2A 4FT	13F HOLDINGS REPORT	028-18170			N	
0001193125-25-275787	30-SEP-2025	N							SUMITOMO MITSUI FINANCIAL GROUP, INC.	1-2, MARUNOUCHI 1-CHOME	CHIYODA-KU	TOKYO	M0	100-0005	13F COMBINATION REPORT	028-17794			N	
0001470723-25-000009	30-SEP-2025								Telligent Fund, LP	TOWER 2, LIPPO CENTRE, SUITES 1603-05	89 QUEENSWAY, ADMIRALTY	HONG KONG	K3	00000	13F HOLDINGS REPORT	028-24631			N	
0001493152-25-021659	30-SEP-2025	N							Bison Wealth, LLC	3550 LENOX RD NE	SUITE 2550	ATLANTA	GA	30326	13F HOLDINGS REPORT	028-25411	000299805	801-114547	N	
0000891478-25-000141	30-SEP-2025	N							Banco Santander, S.A.	Ciudad Grupo Santander	Boadilla del Monte	Madrid	U3	28660	13F HOLDINGS REPORT	028-04177		001-12518	N	
0001140361-25-041496	30-SEP-2025	N							SUMITOMO LIFE INSURANCE CO	2-2-1, YAESU, CHUO-KU		TOKYO	M0	104-8430	13F COMBINATION REPORT	028-04674			N	
0001927537-25-000008	30-SEP-2025								CATALYST FINANCIAL PARTNERS LLC	ONE MARINA PARK DRIVE	16TH FLOOR	BOSTON	MA	02210	13F HOLDINGS REPORT	028-22739	000299335	801-114398	N	
0001660177-25-000002	30-SEP-2025	N							Integrated Advisors Network LLC	8117 PRESTON RD SUITE 300		DALLAS	TX	75225	13F HOLDINGS REPORT	028-19777		801-96203	N	
0001637541-25-000003	30-SEP-2025	N							XPONANCE, INC.	1845 WALNUT STREET	SUITE 800	PHILADELPHIA	PA	19103	13F HOLDINGS REPORT	028-16847			Y	XPONANCE, INC. IS A CONSOLIDATION OF OUR PREDECESSOR ENTITY, FIS GROUP, INC. WITH ITS WHOLLY OWNED SUBSIDIARY, PIEDMONT INVESTMENT ADVISORS, INC., (CIK: 0001270341) AND THE RESULTING INTEGRATION OF THE TWO FIRMS INVESTMENT PRODUCTS AND PERSONNEL AND ASSETS UNDER MANAGEMENT.
0001177719-25-000003	30-SEP-2025	N							WESTFIELD CAPITAL MANAGEMENT CO LP	ONE FINANCIAL CENTER	23RD FLOOR	BOSTON	MA	02111	13F HOLDINGS REPORT	028-10220	000146990	801-69413	N	
0001762539-25-000005	30-SEP-2025								Bonfire Financial	2 N. NEVADA AVE. SUITE 1170		COLORADO SPRINGS	CO	80903	13F HOLDINGS REPORT	028-24649			N	
0001842013-25-000004	30-SEP-2025	N							Kaizen Financial Strategies	2105 S BASCOM AVE, STE 295		CAMPBELL	CA	95008	13F HOLDINGS REPORT	028-20537			N	
0001193125-25-274927	30-SEP-2025	N							Mitsubishi UFJ Asset Management Co., Ltd.	1-9-1 HIGASHI-SHINBASHI MINATO-KU	20TH AND 21ST FL TOKYO SHIODOME BUILDING	TOKYO	M0	105-0021	13F COMBINATION REPORT	028-13566			N	
0000912282-25-001221	30-SEP-2025	N							DNB ASSET MANAGEMENT AS	DRONNING EUFEMIAS GATE 30		OSLO	Q8	N-0191	13F HOLDINGS REPORT	028-13463			N	
0002026645-25-000008	30-SEP-2025								HAGER INVESTMENT MANAGEMENT SERVICES, LLC	280 MAIN STREET		NEW LONDON	NH	03257	13F HOLDINGS REPORT	028-24622	000117097	801-123558	N	
0001568303-25-000008	30-SEP-2025								West Family Investments, Inc.	4960 AVENIDA ENCINAS		CARLSBAD	CA	92008	13F HOLDINGS REPORT	028-15352			N	
0001104659-25-109452	30-SEP-2025	N							WESTPAC BANKING CORP	Level 3, 275 Kent Street		Sydney	C3	2000	13F HOLDINGS REPORT	028-14770			N	
0002009419-25-000008	30-SEP-2025								Bear Mountain Capital, Inc.	2001 6TH AVENUE	STE 2401	SEATTLE	WA	98121	13F HOLDINGS REPORT	028-23551	000151151	801-113478	N	
0002056922-25-000011	30-SEP-2025								Dogwood Wealth Management LLC	8813 PENROSE LN	STE 350	LENEXA	KS	66219	13F HOLDINGS REPORT	028-25426	000317580	801-123208	N	
0002030780-25-000005	30-SEP-2025	N							DIVERSIFY WEALTH MANAGEMENT, LLC	9017 S. RIVERSIDE DR.	SUITE 210	SANDY	UT	84070	13F HOLDINGS REPORT	028-24281	000329878	801-129521	N	
0001804909-25-000002	30-SEP-2025	N							Total Clarity Wealth Management, Inc.	525 TYLER ROAD	SUITE T	ST. CHARLES	IL	60174	13F HOLDINGS REPORT	028-20188	000142728	801-67755	N	
0001780055-25-000005	30-SEP-2025								Weaver Consulting Group	101 MAIN STREET, SUITE 220		HUNTINGTON BEACH	CA	92648	13F HOLDINGS REPORT	028-19546			N	
0001802533-25-000008	30-SEP-2025								HOHIMER WEALTH MANAGEMENT, LLC	ONE UNION SQUARE	600 UNIVERSITY STREET, SUITE 2401	SEATTLE	WA	98101	13F HOLDINGS REPORT	028-20000			N	
0002081211-25-000001	30-SEP-2025	N							Clarion Wealth Managment Partners, LLC	12500 FAIR LAKES CIRCLE	SUITE 250	FAIRFAX	VA	22033	13F HOLDINGS REPORT	028-25759	000334243	801-131858	N	
0001604723-25-000003	30-SEP-2025	N							RKL Wealth Management LLC	1800 FRUITVILLE PIKE	BOX 8408	LANCASTER	PA	17601	13F HOLDINGS REPORT	028-16120			N	
0002042565-25-000006	30-SEP-2025								WIM INVESTMENT MANAGEMENT Ltd	727, 7/F, GRAND MILLENNIUM PLAZA	181 QUEEN'S ROAD CENTRAL	HONG KONG	K3	HKG	13F HOLDINGS REPORT	028-24425			N	
0002058446-25-000002	30-SEP-2025	N							Brucke Financial, Inc.	2272 WYNNEDALE RD		INDIANAPOLIS	IN	46228	13F HOLDINGS REPORT	028-25424	000291307	801-123245	N	
0002009426-25-000005	30-SEP-2025								Bare Financial Services, Inc	835 HOUSTON RUN DRIVE	SUITE 260	GAP	PA	17527	13F HOLDINGS REPORT	028-23605	000328043	801-128789	N	
0001946654-25-000009	30-SEP-2025								Second Half Financial Partners, LLC	145 WEST CENTER AVENUE		SEBRING	FL	33870	13F HOLDINGS REPORT	028-22655	000163454	801-113533	N	
0002045870-25-000009	30-SEP-2025	N							Virtus Wealth Solutions LLC	517 CENTENNIAL AVE	SUITE 200	CRANFORD	NJ	07016	13F HOLDINGS REPORT	028-25053	000332536	801-130985	N	
0001911464-25-000004	30-SEP-2025	N							Pinnacle Wealth Management, LLC	2999 DOUGLAS BLVD	SUITE 180	ROSEVILLE	CA	95661	13F HOLDINGS REPORT	028-22306	000315578	801-122002	N	
0001845998-25-000004	30-SEP-2025	N							Interchange Capital Partners, LLC	301 GRANT STREET	SUITE 3550	PITTSBURGH	PA	15219	13F HOLDINGS REPORT	028-20793	000309314	801-118862	N	
0001802324-25-000002	30-SEP-2025	N							360 Financial, Inc.	849 LAKE STREET EAST		WAYZATA	MN	55391	13F HOLDINGS REPORT	028-20192			N	
0001632844-25-000008	30-SEP-2025								Hurley Capital, LLC	299 PARK AVENUE	21ST FLOOR	NEW YORK	NY	10171	13F HOLDINGS REPORT	028-16748	000130051	801-69269	N	
0001964962-25-000005	30-SEP-2025	N							Mill Creek Capital Advisors, LLC	161 WASHINGTON STREET	SUITE 1500	Conshohocken	PA	19428	13F HOLDINGS REPORT	028-23091	000141470	801-67173	N	
0001630365-25-000011	30-SEP-2025								AIMZ Investment Advisors, LLC	4984 EL CAMINO REAL	SUITE 101	LOS ALTOS	CA	94022	13F HOLDINGS REPORT	028-16614	000155810	801-72721	N	
0001350780-25-000005	30-SEP-2025								Private Capital Advisors, Inc.	23 OLD KINGS HIGHWAY SOUTH	SUITE 200	DARIEN	CT	06820	13F HOLDINGS REPORT	028-12163	000125771	801-61877	N	
0001469475-25-000002	30-SEP-2025	N							Mesirow Financial Investment Management, Inc.	353 N. CLARK ST.		CHICAGO	IL	60654	13F HOLDINGS REPORT	028-13776	000111135	801-27047	N	
0001619779-25-000005	30-SEP-2025								RiverGlades Family Offices LLC	2640 GOLDEN GATE PKWY	SUITE 105	NAPLES	FL	34105	13F HOLDINGS REPORT	028-18362			N	
0001948632-25-000002	30-SEP-2025	N							Citizens Business Bank	701 N. HAVEN AVE.		ONTARIO	CA	91764	13F HOLDINGS REPORT	028-22668			N	
0001085146-25-005980	30-SEP-2025	N							Advisor OS, LLC	225 W RANDOLPH ST	SUITE 3050	CHICAGO	IL	60606	13F HOLDINGS REPORT	028-20349	000287792	801-110639	N	
0000036104-25-000067	30-SEP-2025								US BANCORP \DE\	U.S. BANCORP	800 NICOLLET MALL	MINNEAPOLIS	MN	55402-7020	13F HOLDINGS REPORT	028-00551			N	
0001398344-25-020689	30-SEP-2025	N							AlphaCore Capital LLC	1200 PROSPECT STREET	STE. 200	LA JOLLA	CA	92037	13F COMBINATION REPORT	028-19682	000174346	801-108468	N	
0001086318-25-000007	30-SEP-2025	N							INTECH INVESTMENT MANAGEMENT LLC	250 SOUTH AUSTRALIAN AVE	SUITE 1700	WEST PALM BEACH	FL	33401	13F HOLDINGS REPORT	028-04211			N	
0001951757-25-001374	30-SEP-2025								Empirical Asset Management, LLC	57 RIVER STREET	SUITE 301	WELLESLEY	MA	02481	13F HOLDINGS REPORT	028-22459			N	
0001214659-25-016169	30-SEP-2025	N							CHOREO, LLC	6735 VISTAGREEN WAY	SUITE 110	ROCKFORD	IL	61107	13F HOLDINGS REPORT	028-20277			N	
0001772715-25-000007	30-SEP-2025								Prestige Wealth Management Group LLC	31 STATE ROUTE 12		FLEMINGTON	NJ	08822	13F HOLDINGS REPORT	028-19472	000127381	801-72627	N	
0001951757-25-001369	30-SEP-2025								Avant Capital LLC	500 RICHLAND AVENUE		LAFAYETTE	LA	70508	13F HOLDINGS REPORT	028-22534			N	
0001951757-25-001368	30-SEP-2025								TigerOak Management, L.L.C.	316 OSUNA ROAD NE	SUITE 400	ALBUQUERQUE	NM	87107	13F HOLDINGS REPORT	028-24686			N	
0001193125-25-274586	30-SEP-2025	N							TD Asset Management Inc	P O Box 3 TD Center 7th Floor	55 King St W Toronto Dominion Centre	Toronto	A6	M5H 3C2	13F COMBINATION REPORT	028-05987			N	
0000709428-25-000014	30-SEP-2025								COZAD ASSET MANAGEMENT INC	2501 GALEN DRIVE	P.O. BOX 3669	CHAMPAIGN	IL	61821	13F HOLDINGS REPORT	028-18895	000104764	801-18060	N	
0001091370-25-000009	30-SEP-2025								THOROUGHBRED FINANCIAL SERVICES, LLC	5110 MARYLAND WAY	SUITE 300	BRENTWOOD	TN	37027	13F HOLDINGS REPORT	028-19197			N	
0001140361-25-041412	30-SEP-2025	N							Mount Lucas Management LP	405 South State Street		Newtown	PA	18940	13F HOLDINGS REPORT	028-11021			N	
0001266014-25-000002	30-SEP-2025	N							WRAPMANAGER INC	319 MILLER AVENUE		MILL VALLEY	CA	94941	13F HOLDINGS REPORT	028-15061			N	
0001214659-25-016153	30-SEP-2025	N							First Heartland Consultants, Inc.	4101 LAKE ST. LOUIS BLVD.		LAKE ST. LOUIS	MO	63367	13F HOLDINGS REPORT	028-13027	000110377		N	
0001896430-25-000008	30-SEP-2025								Greenland Capital Management LP	980 MADISON AVE, SUITE 205		NEW YORK	NY	10075	13F HOLDINGS REPORT	028-23017	000317701	801-122866	N	
0001172661-25-004681	30-SEP-2025	N							Counterpoint Mutual Funds LLC	12770 High Bluff Drive	Suite #380	San Diego	CA	92130	13F HOLDINGS REPORT	028-21298	000172379		N	
0000036066-25-000013	30-SEP-2025								FIRST AMERICAN TRUST, FSB	5 FIRST AMERICAN WAY		SANTA ANA	CA	92707	13F HOLDINGS REPORT	028-07792			N	
0000019475-25-000009	30-SEP-2025								CHASE INVESTMENT COUNSEL CORP	350 OLD IVY WAY, SUITE 100		CHARLOTTESVILLE	VA	22903-4897	13F HOLDINGS REPORT	028-01127			N	
0001172661-25-004676	30-SEP-2025	N							Apriem Advisors	19200 VON KARMAN AVE	#1050	IRVINE	CA	92612	13F HOLDINGS REPORT	028-12756	000108188	801-55371	N	
0000867626-25-000019	30-SEP-2025								MUFG SECURITIES AMERICAS INC.	1221 AVENUE OF THE AMERICAS	6TH FLOOR	NEW YORK	NY	10020-1001	13F HOLDINGS REPORT	028-19447			N	
0001772031-25-000006	30-SEP-2025								LAKE STREET PRIVATE WEALTH, LLC	128 NORTH MAY STREET	FLOOR 2	CHICAGO	IL	60607	13F HOLDINGS REPORT	028-19464	000296761	801-113228	N	
0001536592-25-000008	30-SEP-2025								Krane Funds Advisors LLC	280 PARK AVENUE	32ND FLOOR	NEW YORK	NY	10017	13F HOLDINGS REPORT	028-18773	000157103	801-77589	N	
0001420506-25-003063	30-SEP-2025	N							AXQ CAPITAL, LP	525 WASHINGTON BLVD	SUITE #2110	JERSEY CITY	NJ	07310	13F HOLDINGS REPORT	028-22894	000318863	801-123549	N	
0001681372-25-000005	30-SEP-2025								Fairbanks Capital Management, Inc.	P.O. BOX 9676		RANCHO SANTA FE	CA	92067	13F HOLDINGS REPORT	028-17495			N	
0001172661-25-004675	30-SEP-2025	N							Compound Planning, Inc.	115 Broadway	5th Floor	New York	NY	10006	13F HOLDINGS REPORT	028-23288			N	
0001427514-25-000009	30-SEP-2025								Dana Investment Advisors, Inc.	PO BOX 1067		BROOKFIELD	WI	53008-1067	13F HOLDINGS REPORT	028-13023	000105879	801-14828	N	
0001420506-25-003061	30-JUN-2025	Y	1	RESTATEMENT	N				Flaharty Asset Management, LLC	311 PARK PLACE BLVD	STE 150	CLEARWATER	FL	33759	13F HOLDINGS REPORT	028-17966			N	
0001568068-25-000006	30-SEP-2025								JFS WEALTH ADVISORS, LLC	1479 N. HERMITAGE RD		HERMITAGE	PA	16148	13F HOLDINGS REPORT	028-15128	000145051	801-68333	N	
0001714341-25-000006	30-SEP-2025								Abbot Financial Management, Inc.	63 PARK ST.	SUITE #202	ANDOVER	MA	01810	13F HOLDINGS REPORT	028-18115			N	
0001056559-25-000005	30-SEP-2025								NORTH STAR ASSET MANAGEMENT INC	134 E. WISCONSIN AVE.	ONE NEENAH CENTER, SUITE 300	NEENAH	WI	54956	13F HOLDINGS REPORT	028-06858			N	
0001172661-25-004672	30-SEP-2025	N							KDT Advisors, LLC	103 CARNEGIE CENTER	SUITE 300	PRINCETON	NJ	08540	13F HOLDINGS REPORT	028-25238	000289816	801-111805	N	
0001765380-25-000463	30-SEP-2025								WADDELL & ASSOCIATES, LLC	5188 WHEELIS DRIVE		MEMPHIS	TN	38117	13F HOLDINGS REPORT	028-19515	000283723	801-107784	N	
0001776290-25-000006	30-SEP-2025								Zhang Financial LLC	5931 OAKLAND DR.		PORTAGE	MI	49024	13F HOLDINGS REPORT	028-19517	000159257	801-72987	N	
0001765380-25-000462	30-SEP-2025								Rollins Financial Advisors, LLC	3343 PEACHTREE ROAD	SUITE 500	ATLANTA	GA	30326	13F HOLDINGS REPORT	028-23754			N	
0001172661-25-004671	30-SEP-2025	N							INVICTUS PRIVATE WEALTH, LLC	2921 W. 38th Ave.	#464	Denver	CO	80211	13F HOLDINGS REPORT	028-23286	000317727	801-124987	N	
0001951757-25-001365	30-SEP-2025								Dakota Wealth Management	11376 N. JOG RD.	SUITE 101	PALM BEACH GARDENS	FL	33418	13F HOLDINGS REPORT	028-16362			N	
0001172661-25-004670	30-SEP-2025	N							Insight Advisors, LLC/ PA	10 N State Street		Newtown	PA	18940	13F HOLDINGS REPORT	028-20711	000168057	801-78355	N	
0001951757-25-001364	30-SEP-2025								CVFG LLC	2177 INTELLIPLEX DR	SUITE 201	SHELBYVILLE	IN	46176	13F HOLDINGS REPORT	028-24555			N	
0001765380-25-000461	30-SEP-2025								Stonebrook Private Inc.	182	E. MAIN STREET	NORTHVILLE	MI	48167	13F HOLDINGS REPORT	028-23594	000003254	801-127617	N	
0001938514-25-000007	30-SEP-2025								DecisionPoint Financial, LLC	2812 N. NORWALK	SUITE 116	MESA	AZ	85215	13F HOLDINGS REPORT	028-23389	000296988	801-113384	N	
0001946237-25-000008	30-SEP-2025								Strata Wealth Advisors, LLC	8750 N. CENTRAL EXPRESSWAY	SUITE 1875	DALLAS	TX	75231	13F HOLDINGS REPORT	028-23195	000285973	801-110369	N	
0001398344-25-020619	30-SEP-2025	N							Colonial Trust Co / SC	PO BOX 1724		SPARTANBURG	SC	29304	13F HOLDINGS REPORT	028-22694			N	
0001172661-25-004668	30-SEP-2025	N							Patten Group, Inc.	832 Georgia Avenue	Suite 360	Chattanooga	TN	37402	13F HOLDINGS REPORT	028-16802	000168255	801-78354	N	
0000869179-25-000015	30-SEP-2025	N							MONETTA FINANCIAL SERVICES INC	1776-A SOUTH NAPERVILLE RD	SUITE 100	WHEATON	IL	60189	13F HOLDINGS REPORT	028-02784	000105367	801-21477	N	
0001812103-25-000006	30-SEP-2025								Rosenberg Matthew Hamilton	200 GRAND AVENUE, STE. 205		GRAND JUNCTION	CO	81501	13F HOLDINGS REPORT	028-20259	000152054		N	
0000919458-25-000007	30-SEP-2025								ALERUS FINANCIAL NA	401 DEMERS AVE	PO BOX 6001	GRAND FORKS	ND	58206-6001	13F HOLDINGS REPORT	028-03439			N	
0001040197-25-000006	30-SEP-2025								MAI Capital Management	6050 OAK TREE BLVD SUITE 500		INDEPENDENCE	OH	44131	13F HOLDINGS REPORT	028-06392			N	
0001544576-25-000007	30-SEP-2025								RWA WEALTH PARTNERS, LLC	85 WELLS AVENUE	SUITE 109	NEWTON	MA	02459	13F HOLDINGS REPORT	028-17711	000156984	801-73098	N	
0001080374-25-000009	30-SEP-2025								JAG CAPITAL MANAGEMENT, LLC	1610 DES PERES RD	SUITE 120	ST LOUIS	MO	63131	13F HOLDINGS REPORT	028-04485			N	
0002076077-25-000004	30-SEP-2025								Longview Financial Advisors LLC	4040 CIVIC CENTER DRIVE	SUITE 200 PMB #3420	SAN RAFAEL	CA	94903	13F HOLDINGS REPORT	028-25690	000291192	801-112241	N	
0001172661-25-004666	30-SEP-2025	N							One River Asset Management, LLC	2200 Atlantic Street	Suite 310	Stamford	CT	06902	13F HOLDINGS REPORT	028-23477	000167835	801-78232	N	
0001475045-25-000010	30-SEP-2025								CARY STREET PARTNERS FINANCIAL LLC	901 EAST BYRD STREET	SUITE 1001	RICHMOND	VA	23219	13F HOLDINGS REPORT	028-23044			N	
0001015086-25-000013	30-SEP-2025								BRADLEY FOSTER & SARGENT INC/CT	185 ASYLUM STREET	11TH FLOOR	HARTFORD	CT	06103-3402	13F HOLDINGS REPORT	028-05602			N	
0001398344-25-020602	30-SEP-2025	N							Colonial Trust Advisors	PO BOX 1724		SPARTANBURG	SC	29304	13F HOLDINGS REPORT	028-15274	000110257	801-53402	N	
0001710537-25-000009	30-SEP-2025								EverSource Wealth Advisors, LLC	3500 COLONNADE PKWY	SUITE 150	BIRMINGHAM	AL	35243	13F HOLDINGS REPORT	028-21626	000286340	801-119192	N	
0001766904-25-000006	30-SEP-2025								CARY STREET PARTNERS INVESTMENT ADVISORY LLC	901 EAST BYRD STREET	SUITE 1001	RICHMOND	VA	23219	13F COMBINATION REPORT	028-19037			N	
0001398344-25-020599	30-SEP-2025	N							Fortis Capital Management LLC	3600 136TH PL SE	SUITE 270	BELLEVUE	WA	98006	13F HOLDINGS REPORT	028-20036	000172198	801-113097	N	
0001765380-25-000458	30-SEP-2025								Legacy Financial Advisors, Inc.	117 EAST FOURTH STREET		COVINGTON	KY	41011	13F HOLDINGS REPORT	028-18306			N	
0001387458-25-000011	30-SEP-2025								LaFleur & Godfrey LLC	625 KENMOOR AVE SE	SUITE 209	GRAND RAPIDS	MI	49546	13F HOLDINGS REPORT	028-12331	000168831	801-78536	N	
0001708001-25-000004	30-SEP-2025								Clearstead Trust, LLC	1 UNION STREET   SUITE 302		PORTLAND	ME	04101	13F HOLDINGS REPORT	028-18091			N	
0001802473-25-000008	30-SEP-2025								Marks Group Wealth Management, Inc	4350 BAKER ROAD, SUITE 245		MINNETONKA	MN	55343	13F HOLDINGS REPORT	028-19863			N	
0001798150-25-000005	30-SEP-2025								Avalon Trust Co	125 LINCOLN AVE	SUITE 301	SANTA FE	NM	87501	13F HOLDINGS REPORT	028-23231			N	
0001104659-25-109035	30-SEP-2025	N							Quantum Private Wealth, LLC	400 N. ASHLEY DRIVE	SUITE 1900	TAMPA	FL	33602	13F HOLDINGS REPORT	028-22552	000307358	801-118195	N	
0001055980-25-000009	30-SEP-2025	N							Ameritas Investment Partners, Inc.	5945 R STREET		LINCOLN	NE	68505	13F HOLDINGS REPORT	028-06722			N	
0000842775-25-000007	30-SEP-2025								Clearstead Advisors, LLC	1100 SUPERIOR AVENUE EAST	SUITE 700	CLEVELAND	OH	44114	13F HOLDINGS REPORT	028-17695			N	
0001861159-25-000008	30-SEP-2025								O'Neil Global Advisors, Inc.	12655 BEATRICE STREET		LOS ANGELES	CA	90066	13F HOLDINGS REPORT	028-21225	000308150	801-119966	N	
0001784777-25-000002	30-SEP-2025								Sound View Wealth Advisors Group, LLC	1 SKIDAWAY VILLAGE WALK	SUITE 201	SAVANNAH	GA	31411	13F HOLDINGS REPORT	028-19564	000300927	801-114892	N	
0001420506-25-003058	30-SEP-2025	N							Intelligence Driven Advisers, LLC	2792 GATEWAY ROAD		CARLSBAD	CA	92009	13F HOLDINGS REPORT	028-20336			N	
0001765387-25-000003	30-SEP-2025								Concentrum Wealth Management	353 PIERCY RD.		SAN JOSE	CA	95138	13F HOLDINGS REPORT	028-19054			N	
0001900099-25-000007	30-SEP-2025								Washington Trust Advisors, Inc.	20 WILLIAM STREET, SUITE 135		WELLESLEY	MA	02481	13F HOLDINGS REPORT	028-21807			N	
0001729300-25-000005	30-SEP-2025								X-Square Capital, LLC	STE. 802	90 CARR 165	GUAYNABO	PR	00968	13F HOLDINGS REPORT	028-18376	000167237		N	
0001765380-25-000456	30-SEP-2025								Alteri Wealth LLC	4195 EAST THOUSAND OAKS BLVD	SUITE 250	WESTLAKE VILLAGE	CA	91362	13F HOLDINGS REPORT	028-25206	000331100	801-130234	N	
0001062993-25-016594	30-SEP-2025	N							Koshinski Asset Management, Inc.	226 WEST ELDORADO STREET		DECATUR	IL	62522	13F HOLDINGS REPORT	028-16542			N	
0001172661-25-004660	30-SEP-2025	N							Vestmark Advisory Solutions, Inc.	100 Quannapowitt Pkwy	Suite 205	Wakefield	MA	01880	13F HOLDINGS REPORT	028-19516	000221518	801-114077	N	
0002080423-25-000006	30-SEP-2025								Westerkirk Capital Inc.	747 FORT STREET	SUITE 1100	VICTORIA	A1	V8W 3E9	13F HOLDINGS REPORT	028-25713			N	
0001936953-25-000006	30-SEP-2025								Bleakley Financial Group, LLC	300 KIMBALL DRIVE	SUITE 310	PARSIPPANY	NJ	07054	13F HOLDINGS REPORT	028-22837	000318366		N	
0001632965-25-000009	30-SEP-2025								Private Advisory Group LLC	16880 NE 79TH STREET		REDMOND	WA	98052	13F HOLDINGS REPORT	028-16601	000170043	801-79100	N	
0001934415-25-000005	30-SEP-2025								Trajan Wealth LLC	18700 N HAYDEN RD	SUITE 470	SCOTTSDALE	AZ	85255	13F HOLDINGS REPORT	028-24141	000158847		N	
0001796874-25-000007	30-SEP-2025								VERUS CAPITAL PARTNERS, LLC	14310 N. 87TH STREET	SUITE 307	SCOTTSDALE	AZ	85260	13F COMBINATION REPORT	028-20189	000151568	801-78989	N	
0001162044-25-001154	30-SEP-2025	N							American Money Management, LLC	Po Box 675203		Rancho Santa Fe	CA	92067	13F HOLDINGS REPORT	028-15963	000115357		N	
0001951757-25-001360	30-SEP-2025								ARBOR TRUST WEALTH ADVISORS, LLC	825 VICTORS WAY, SUITE 150		ANN ARBOR	MI	48108	13F HOLDINGS REPORT	028-19734			N	
0001951757-25-001359	30-SEP-2025								LOWERY THOMAS, LLC	3975 RONDA ROAD		PEBBLE BEACH	CA	93953	13F HOLDINGS REPORT	028-22471			N	
0001665198-25-000016	30-SEP-2025								Kovitz Investment Group Partners, LLC	71 S WACKER DR.	SUITE 1860	CHICAGO	IL	60606	13F HOLDINGS REPORT	028-17471	000282241	801-107054	N	
0001752724-25-215019	30-SEP-2025	N							CHARLES SCHWAB INVESTMENT MANAGEMENT INC	211 MAIN STREET		SAN FRANCISCO	CA	94105	13F COMBINATION REPORT	028-03128	000106753	801-35905	N	
0001420506-25-003053	30-SEP-2025	N							Sigma Planning Corp	300 PARKLAND PLAZA		ANN ARBOR	MI	48103	13F HOLDINGS REPORT	028-16541	000110692	801-20404	N	
0001172661-25-004658	30-SEP-2025	N							Alliance Wealth Advisors, LLC /UT	1148 West Legacy Crossing Blvd.	Suite 110	Centerville	UT	84014	13F HOLDINGS REPORT	028-22857	000314668	801-121605	N	
0001690370-25-000007	30-SEP-2025								OneDigital Investment Advisors LLC	11101 SWITZER RD	SUITE 200	OVERLAND PARK	KS	66210	13F HOLDINGS REPORT	028-18121	000106766	801-40622	N	
0000935570-25-000006	30-SEP-2025								ELLERSON GROUP INC /ADV	415 FOURTH ST		ANNAPOLIS	MD	21403	13F HOLDINGS REPORT	028-22871	000106658		N	
0002085853-25-000245	30-SEP-2025	N							Semanteon Capital Management, LP	580 Washington St., Suite C		Newton	MA	02458	13F HOLDINGS REPORT	028-23589	000289196	802-112040	N	
0001398344-25-020572	30-SEP-2025	N							Choate Investment Advisors	TWO INTERNATIONAL PLACE		BOSTON	MA	02110	13F HOLDINGS REPORT	028-12523	000106109	801-53321	N	
0001845109-25-000004	30-SEP-2025	N							Oder Investment Management, LLC	21300 VICTORY BLVD., SUITE 855		WOODLAND HILLS	CA	91367	13F HOLDINGS REPORT	028-20663	000134506	801-110656	N	
0002085853-25-000243	30-SEP-2025	N							Global Strategic Investment Solutions, LLC	7337 East Doubletree Ranch Road	Suite C-165	Scottsdale	AZ	85258	13F HOLDINGS REPORT	028-19602	000175300	801-114835	N	
0002085853-25-000242	30-SEP-2025	N							IFS Group,LLC	1205 MANOR DRIVE STE 201		YORK	PA	17404	13F HOLDINGS REPORT	028-25829			N	
0002085853-25-000241	30-SEP-2025	N							NOVEM GROUP	350 Linden Oaks	Suite 140	Rochester	NY	14625	13F COMBINATION REPORT	028-25354			N	
0001104659-25-108947	30-SEP-2025	N							DEARBORN PARTNERS LLC	200 W Madison	Suite 1950	Chicago	IL	60606	13F HOLDINGS REPORT	028-10306			N	
0001765380-25-000453	30-SEP-2025								Journey Advisory Group, LLC	50 E RIVERCENTER BLVD	SUITE 301	COVINGTON	KY	41011	13F HOLDINGS REPORT	028-20437	000171919	801-79934	N	
0002011872-25-000008	30-SEP-2025								Advyzon Investment Management, LLC	4300 COMMERCE STREET	SUITE 260	LISLE	IL	60532	13F HOLDINGS REPORT	028-24707	000318816	801-123361	N	
0001866040-25-000010	30-SEP-2025								Heartland Bank & Trust Co	401 NORTH HERSHEY ROAD		BLOOMINGTON	IL	61704	13F HOLDINGS REPORT	028-21278			N	
0000831001-25-000158	30-SEP-2025								CITIGROUP INC	388 GREENWICH STREET		NEW YORK	NY	10013	13F HOLDINGS REPORT	028-02427			N	
0002056510-25-000005	30-SEP-2025								Rossby Financial, LCC	2412 IRWIN STREET		MELBOURNE	FL	32901	13F HOLDINGS REPORT	028-25094	000324631		N	
0000009015-25-000030	30-SEP-2025								BARINGS LLC	300 SOUTH TRYON STREET	SUITE 2500	CHARLOTTE	NC	28202	13F HOLDINGS REPORT	028-00060	000106006	801-241	Y	Barings is an indirect wholly-owned subsidiary of Massachusetts Mutual Life Insurance Company (MassMutual). Wherever Barings has indicated that it exercises investment discretion with respect to the positions reported on its Form 13F, such positions shall be deemed reported on behalf of MassMutual to the extent that MassMutual is deemed to share investment discretion over the positions as a result of MassMutual's indirect ownership interest in Barings.
0000033250-25-000005	30-SEP-2025								EQUITABLE TRUST CO	4400 HARDING PIKE, SUITE 310		NASHVILLE	TN	37205	13F HOLDINGS REPORT	028-00922			N	
0001603328-25-000009	30-SEP-2025								FORSTA AP-FONDEN	BOX 16294		STOCKHOLM	V7	10325	13F HOLDINGS REPORT	028-17190			N	
0002059323-25-000006	30-SEP-2025	N							Lansforsakringar Fondforvaltning AB (publ)	Tegeluddsvagen 11-13		Stockholm	V7	106 50	13F HOLDINGS REPORT	028-25457			N	
0001062993-25-016576	30-SEP-2025	N							INTRUST BANK NA	POST OFFICE BOX 1		WICHITA	KS	67201	13F HOLDINGS REPORT	028-07316			N	
0001134813-25-000009	30-SEP-2025								STEVENS CAPITAL MANAGEMENT LP	201 KING OF PRUSSIA ROAD	SUITE 400	RADNOR	PA	19087	13F HOLDINGS REPORT	028-06263			N	
0002011221-25-000008	30-SEP-2025								Darden Wealth Group Inc	415 DETROIT ST	STE. 100	ANN ARBOR	MI	48104	13F HOLDINGS REPORT	028-23733	000294926		N	
0001193125-25-273370	30-SEP-2025	N							Hillsdale Investment Management Inc.	1 First Canadian Place	100 KING ST WEST, SUITE 5900 P.O. 477	Toronto	A6	M5X 1E4	13F HOLDINGS REPORT	028-11957			N	
0002056532-25-000009	30-SEP-2025								ROSS\JOHNSON & Associates LLC	3380 ANNAPOLIS LN N	B-100	PLYMOUTH	MN	55447	13F COMBINATION REPORT	028-25186	000297583		N	
0001677501-25-000013	30-SEP-2025								PERSONAL CFO SOLUTIONS, LLC	384 MAIN STREET		CHESTER	NJ	07930	13F HOLDINGS REPORT	028-19618	000158248		N	
0001754960-25-000758	30-SEP-2025								ASAHI LIFE ASSET MANAGEMENT CO., LTD.	1-22-19 IZUMI, SUGINAMI-KU		TOKYO	M0	168-0063	13F HOLDINGS REPORT	028-19220			N	
0001754960-25-000757	30-SEP-2025								Garner Asset Management Corp	5904 WOODWIND DR		PLANO	TX	75093	13F HOLDINGS REPORT	028-18125			N	
0001104659-25-108808	30-SEP-2025	N							Coyle Financial Counsel LLC	2700 Patriot Blvd	Suite 440	Glenview	IL	60026	13F HOLDINGS REPORT	028-16084	000110593	801-17378	N	
0002055882-25-000005	30-SEP-2025								Sava Infond d.o.o.	ULICA EVE LOVSE 7		MARIBOR	2A	2000	13F HOLDINGS REPORT	028-24936			N	
0002044885-25-000012	30-SEP-2025								Raiffeisen Bank International AG	AM STADTPARK 9		VIENNA	C4	A-1030	13F HOLDINGS REPORT	028-25124			N	
0001906594-25-000006	30-SEP-2025								China Universal Asset Management Co., Ltd.	CUAM BUILDING,728 WAIMA ROAD		SHANGHAI	F4	200001	13F HOLDINGS REPORT	028-21774			N	
0001171843-25-007155	30-SEP-2025	N							JUPITER ASSET MANAGEMENT LTD	The Zig Zag Building	70 Victoria Street	London	X0	SW1E 6SQ	13F COMBINATION REPORT	028-13273	000306863	801-121221	N	
0001178913-25-003696	30-SEP-2025	N							Y.D. More Investments Ltd	2 Ben Guryon Rd.		Ramat Gan	L3	5257334	13F HOLDINGS REPORT	028-22814			Y	"The securities reported in the holdings report of this Form 13F are beneficially owned by Y.D. More Investments Ltd and by entities that are direct or indirect, wholly-owned or majority-owned, subsidiaries of Y.D. More Investments Ltd (""Subsidiaries""). The economic interest or beneficial ownership in a portion of the securities covered by this report is held for the benefit of public investors or members in, among others, mutual funds, investment portfolios, investment funds and exchange traded funds (which are known in Israel as index-linked certificates), which are managed by the Subsidiaries. This Form 13F shall not be construed as an admission by Y.D. More Investments Ltd or by any of its Subsidiaries that either is the beneficial owner of any of such securities covered by this Form 13F, and each of Y.D. More Investments Ltd and its Subsidiaries disclaim beneficial ownership of any such securities."
0001951757-25-001355	30-SEP-2025								PRAKASH INVESTMENT ADVISORS LLC	5931 FLOWERING HILL CT.		LAS VEGAS	NV	89313	13F HOLDINGS REPORT	028-24709			N	
0001513126-25-000006	30-SEP-2025	N							Wharton Business Group, LLC	110 N. PHOENIXVILLE PIKE	SUITE 300	MALVERN	PA	19355	13F HOLDINGS REPORT	028-14403			N	
0000887818-25-000002	30-SEP-2025	N							FACTORY MUTUAL INSURANCE CO	404 WYMAN STREET	SUITE 390	WALTHAM	MA	02451	13F HOLDINGS REPORT	028-03189			N	
0001085146-25-005977	30-SEP-2025	N							Empirical Financial Services, LLC d.b.a. Empirical Wealth Management	1420 5TH AVE SUITE 3150		Seattle	WA	98101	13F HOLDINGS REPORT	028-14067			N	
0002034001-25-000002	30-SEP-2025	N							Convergence Financial, LLC	3919 S PROVIDENCE RD		COLUMBIA	MO	65203	13F HOLDINGS REPORT	028-24400	000304146	801-116738	N	
0001908177-25-000007	30-SEP-2025								AIRE ADVISORS, LLC	9350 WILSHIRE BLVD	SUITE 200	BEVERLY HILLS	CA	90212	13F HOLDINGS REPORT	028-21664	000307450	801-119842	N	
0001646821-25-000003	30-SEP-2025	N							D'Orazio & Associates, Inc.	8614 WESTWOOD CENTER DRIVE, SUITE 310		VIENNA	VA	22182	13F HOLDINGS REPORT	028-16943	000131976	801-63706	N	
0001600585-25-000005	30-SEP-2025	N							Mendel Money Management	1200 SHERMER ROAD SUITE 216		NORTHBROOK	IL	60062	13F HOLDINGS REPORT	028-16291	000105974	801-34323	N	
0001729755-25-000002	30-SEP-2025	N							Strategic Family Wealth Counselors, L.L.C.	100 PASSAIC AVENUE		FAIRFIELD	NJ	07004	13F HOLDINGS REPORT	028-18970			N	
0002056315-25-000011	30-SEP-2025								Marshall & Sterling Wealth Advisors Inc.	278 MILL STREET	SUITE 301	POUGHKEEPSIE	NY	12601	13F HOLDINGS REPORT	028-25269	000164345	801-78688	N	
0001784235-25-000003	30-SEP-2025	N							Clear Creek Financial Management, LLC	9361 BAYSHORE DRIVE NW		SILVERDALE	WA	98383	13F HOLDINGS REPORT	028-19580			N	
0001020317-25-000002	30-SEP-2025	N							Pekin Hardy Strauss, Inc.	227 W. MONROE	SUITE 3625	CHICAGO	IL	60606	13F HOLDINGS REPORT	028-05740			N	
0001697850-25-000004	30-SEP-2025	N							ICICI Prudential Asset Management Co Ltd	ICICI PRUDENTIAL MUTUAL FUND TOWER	VAKOLA, SANTACRUZ EAST	MUMBAI	K7	400055	13F HOLDINGS REPORT	028-17751			N	
0001728321-25-000005	30-SEP-2025	N							Kovack Advisors, Inc.	6451 N. FEDERAL HWY.	STE 1201	FT. LAUDERDALE	FL	33308	13F HOLDINGS REPORT	028-18240	000140808	801-63048	N	
0001085146-25-005976	30-SEP-2025	N							Beverly Hills Private Wealth, LLC	350 S. BEVERLY DRIVE	SUITE 360	BEVERLY HILLS	CA	90212	13F HOLDINGS REPORT	028-22944			N	
0001914987-25-000004	30-SEP-2025	N							Schrum Private Wealth Management LLC	3940 LEWIS SPEEDWAY	SUITE 2201	ST. AUGUSTINE	FL	32084	13F HOLDINGS REPORT	028-22372			N	
0001600319-25-000002	30-SEP-2025	N							Bridgewater Advisors Inc.	600 FIFTH AVENUE	26TH FLOOR	NEW YORK	NY	10020	13F HOLDINGS REPORT	028-16088			N	
0001909654-25-000006	30-SEP-2025								New Millennium Group LLC	10050 SOUTH STATE STREET		SANDY	UT	84070	13F HOLDINGS REPORT	028-21967			N	
0001376474-25-000909	30-SEP-2025								Berkeley Capital Partners, LLC	3000 Heritage Walk, Suite 301		Milton	GA	30004	13F HOLDINGS REPORT	028-17437			N	
0001767730-25-000007	30-SEP-2025	N							Frisch Financial Group, Inc.	445 BROAD HOLLOW ROAD, SUITE 215		MELVILLE	NY	11747	13F HOLDINGS REPORT	028-19355			N	
0001520354-25-000036	30-SEP-2025								BNP PARIBAS ASSET MANAGEMENT Holding S.A.	1 Boulevard Haussmann		Paris	I0	75009	13F HOLDINGS REPORT	028-14490			Y	Security positions included within this Holding Report are held by entities referenced herein. Other banking and advisory affiliates report separately. All affiliates are owned by the ultimate parent company, BNP Paribas SA.
0001951757-25-001354	30-SEP-2025								WEALTH ALLIANCE, LLC	105 BROADHOLLOW ROAD		MELLVILLE	NY	11747	13F HOLDINGS REPORT	028-19913			N	
0001494234-25-000015	30-SEP-2025								Hemenway Trust Co LLC	HEMENWAY TRUST COMPANY LLC	23 KEEWAYDIN DRIVE, SUITE 400	SALEM	NH	03079	13F HOLDINGS REPORT	028-14337			N	
0001765380-25-000451	30-SEP-2025								CFO4Life Group, LLC	735 PLAZA BLVD., SUITE 100		COPPELL	TX	75019	13F HOLDINGS REPORT	028-18043	000028760	801-110095	N	
0001354821-25-000012	30-SEP-2025								LEVIN CAPITAL STRATEGIES, L.P.	767 FIFTH AVENUE	18TH FLOOR	NEW YORK	NY	10153	13F HOLDINGS REPORT	028-12154	000137147	801-65045	N	
0001172661-25-004639	30-SEP-2025	N							SYNOVUS FINANCIAL CORP	33 W 14th Street		Columbus	GA	31901	13F HOLDINGS REPORT	028-04762			N	
0001580642-25-007152	30-SEP-2025	N							NewEdge Wealth, LLC	2200 ATLANTIC STREET		STAMFORD	CT	06902	13F HOLDINGS REPORT	028-21205			N	
0001951757-25-001351	30-SEP-2025								KRAEMATON INVESTMENT ADVISORS, INC	25 BRAINTREE HILL OFFICE PARK	SUITE 200	BRAINTREE	MA	02184	13F HOLDINGS REPORT	028-22240			N	
0001951757-25-001350	30-SEP-2025								SIGNET FINANCIAL MANAGEMENT, LLC	400 INTERPACE PKWY	BUILDING C, 2ND FLOOR	PARSIPPANY	NJ	07054	13F HOLDINGS REPORT	028-16787			N	
0001172661-25-004636	30-SEP-2025	N							MCRAE CAPITAL MANAGEMENT INC	230 Madison Avenue		Morristown	NJ	07960	13F HOLDINGS REPORT	028-01032	000104567	801-15717	N	
0001193125-25-272316	30-SEP-2025	N							KING LUTHER CAPITAL MANAGEMENT CORP	301 COMMERCE SUITE 1600		FORT WORTH	TX	76102	13F HOLDINGS REPORT	028-01071	000110093	801-14458	N	
0001172661-25-004634	30-SEP-2025	N							Avestar Capital, LLC	400 Madison Avenue	Floor 21	New York	NY	10017	13F HOLDINGS REPORT	028-18561	000287525	801-110020	N	
0000902664-25-004789	30-SEP-2025	N							CenterBook Partners LP	55 RAILROAD AVENUE	SUITE 302	GREENWICH	CT	06830	13F HOLDINGS REPORT	028-21833	000312387	801-122457	N	
0001765380-25-000449	30-SEP-2025								MJP ASSOCIATES INC /ADV	74 BATTERSON PARK ROAD	SUITE 103	FARMINGTON	CT	06032	13F HOLDINGS REPORT	028-20473	000127654	801-63389	N	
0001941040-25-000600	30-SEP-2025	N							Grange Capital, LLC	6600 SW 105th Ave	Suite 220	Beaverton	OR	97008	13F HOLDINGS REPORT	028-24577	000131699	801-120271	N	
0001951757-25-001347	30-SEP-2025								Essex Financial Services, Inc.	P.O. BOX 999	176 WESTBROOK RD	ESSEX	CT	064260999	13F COMBINATION REPORT	028-11126			N	
0001104659-25-108437	30-SEP-2025	N							L & S Advisors Inc	11766 Wilshire Blvd	Suite 845	Los Angeles	CA	90025	13F COMBINATION REPORT	028-13201	000140923		N	
0001964831-25-000010	30-SEP-2025								MRP Capital Investments, LLC	8440 HOLCOMB BRIDGE RD	SUITE 520	ALPHARETTA	GA	30022	13F HOLDINGS REPORT	028-22907			N	
0001765380-25-000448	30-SEP-2025								KEYVANTAGE WEALTH, LLC	95 HIGHLAND AVENUE	SUITE 310	BETHLEHEM	PA	18017	13F HOLDINGS REPORT	028-25198	000331996	801-130771	N	
0002053757-25-000007	30-SEP-2025	N							Fiscal Wisdom Wealth Management, LLC	61 Maple Ave		Canton	CT	06019	13F HOLDINGS REPORT	028-25827	000168299	801-119231	N	
0001463559-25-000005	30-SEP-2025								Alberta Investment Management Corp	1600-10250 101 STREET NW		EDMONTON	A0	T5J 3P4	13F HOLDINGS REPORT	028-14085			N	
0001062993-25-016553	30-SEP-2025	N							Cercano Management LLC	1110 112TH AVENUE NE	SUITE 202	BELLEVUE	WA	98004	13F HOLDINGS REPORT	028-23066	000315897	801-122903	N	
0001568235-25-000013	30-SEP-2025								King Wealth Management Group	270 WEST CIRCULAR STREET	SUITE 1	SARATOGA SPRINGS	NY	12866	13F HOLDINGS REPORT	028-15129			N	
0001765380-25-000446	30-SEP-2025								SYON CAPITAL LLC	555 MONTGOMERY STREET	SUITE 1250	SAN FRANCISCO	CA	94111	13F HOLDINGS REPORT	028-23421	000322776	801-126386	N	
0001765380-25-000445	30-SEP-2025								Aspiring Ventures, LLC	8044 MONTGOMERY ROAD	SUITE 260	CINCINNATI	OH	45236	13F HOLDINGS REPORT	028-24576	000282891	801-131585	N	
0002063364-25-000276	30-SEP-2025								Advisors Capital Management, LLC	10 WILSEY SQUARE SUITE 200		RIDGEWOOD	NJ	07450	13F HOLDINGS REPORT	028-11543	000112266	801-62058	N	
0001385925-25-000005	30-SEP-2025								Horrell Capital Management, Inc.	10 CORPORATE HILL DRIVE-SUITE 165		LITTLE ROCK	AR	72205	13F HOLDINGS REPORT	028-12166			N	
0001951757-25-001346	30-SEP-2025								May Hill Capital, LLC	132 CHIEF JUSTICE CUSHING HIGHWAY	#70	COHASSET	MA	02025	13F HOLDINGS REPORT	028-24979			N	
0001041885-25-000013	30-SEP-2025								INGALLS & SNYDER LLC	1 ROCKEFELLER PLAZA	7TH FLOOR	NEW YORK	NY	10020	13F HOLDINGS REPORT	028-04143			N	
0001951757-25-001345	30-SEP-2025								AXXCESS WEALTH MANAGEMENT, LLC	6005 HIDDEN VALLEY ROAD	SUITE 290	CARLSBAD	CA	92011	13F HOLDINGS REPORT	028-22604			N	
0001951757-25-001342	30-SEP-2025								Maridea Wealth Management LLC	25 KENT AVENUE	SUITE 401	BROOKLYN	NY	11249	13F HOLDINGS REPORT	028-24962			N	
0001951757-25-001341	30-SEP-2025								LUTS & GREENLEIGH GROUP, INC	7200 WISCONSIN AVENUE	SUITE 300	BETHESDA	MD	20814	13F HOLDINGS REPORT	028-23167			N	
0001214659-25-016081	30-SEP-2025	N							Deuterium Capital Management, LLC	1150 Cleveland St, Suite 420		Clearwater	FL	33755-4860	13F HOLDINGS REPORT	028-22136			N	
0001689646-25-000009	30-SEP-2025								Jacobi Capital Management LLC	154 ENTERPRISE WAY		PITTSTON	PA	18640	13F HOLDINGS REPORT	028-17565	000147663	801-69398	N	
0001140361-25-041093	30-SEP-2025	N							BURKE & HERBERT BANK & TRUST CO	PO BOX 113		ALEXANDRIA	VA	22313	13F HOLDINGS REPORT	028-05313			N	
0001337263-25-000016	30-SEP-2025								Hodges Capital Management Inc.	2905 MAPLE AVENUE		DALLAS	TX	75201	13F HOLDINGS REPORT	028-11488			N	
0001082215-25-000008	30-SEP-2025								NORTHEAST INVESTMENT MANAGEMENT	100 HIGH STREET		BOSTON	MA	02110	13F HOLDINGS REPORT	028-04615			N	
0001765380-25-000443	30-SEP-2025								Cornerstone Advisory, LLC	211 OLD PADONIA ROAD		HUNT VALLEY	MD	21030	13F HOLDINGS REPORT	028-17400	000142359	801-68058	N	
0002070026-25-000005	30-SEP-2025								Turn8 Private Wealth Inc.	277 LAKESHORE ROAD	SUITE 2	POINTE CLAIRE	A8	H9S4L2	13F HOLDINGS REPORT	028-25621	000167608	801-78315	N	
0001426853-25-000009	30-SEP-2025								Crestwood Advisors Group, LLC	ONE LIBERTY SQUARE	SUITE 500	BOSTON	MA	02109	13F HOLDINGS REPORT	028-13016	000286243	801-108983	N	
0001577001-25-000003	30-SEP-2025								W.G. Shaheen & Associates DBA Whitney & Co	959 PANORAMA TRAIL S	SUITE 190	ROCHESTER	NY	14625	13F HOLDINGS REPORT	028-15514	000011730	801-60710	N	
0001104659-25-108302	30-SEP-2025	N							PARK CIRCLE Co	1829 REISTERSTOWN ROAD	SUITE 140	BALTIMORE	MD	21208	13F COMBINATION REPORT	028-16190			N	
0002053669-25-000002	30-SEP-2025								DAHRING | CUSMANO LLC	26200 TOWN CENTER DR	SUITE 100	NOVI	MI	48375	13F HOLDINGS REPORT	028-24717	000301236	801-117222	N	
0001815183-25-000006	30-SEP-2025								Fortis Group Advisors, LLC	345 KINDERKAMACK ROAD	SUITE B	WESTWOOD	NJ	07675	13F HOLDINGS REPORT	028-20406	000290427	801-112236	N	
0002031642-25-000007	30-SEP-2025								Drucker Wealth 3.0, LLC	50 TICE BOULEVARD	SUITE 340	WOODCLIFF LAKE	NJ	07677	13F HOLDINGS REPORT	028-24323	000328909	801-129473	N	
0001729304-25-000003	30-SEP-2025								Holistic Financial Partners	9959 CROSSPOINT BLVD		INDIANAPOLIS	IN	46256	13F HOLDINGS REPORT	028-18305	000170913	801-79580	N	
0001625959-25-000007	30-SEP-2025								Arvest Bank Trust Division	800 N OSAGE		DEWEY	OK	74029	13F HOLDINGS REPORT	028-16340			N	
0001619124-25-000017	30-SEP-2025								Cardano Risk Management B.V.	WEENA 690	(21ST FLOOR)	ROTTERDAM	P7	3012 CN	13F HOLDINGS REPORT	028-19140			N	
0001951757-25-001338	30-SEP-2025								Wealthcare Capital Partners, LLC	1065 ANDREW DRIVE		WEST CHESTER	PA	19380	13F HOLDINGS REPORT	028-24652			N	
0001635523-25-000005	30-SEP-2025								CLEAR INVESTMENT RESEARCH, LLC	284 SOUTH MAIN STREET	SUITE 900	ALPHARETTA	GA	30009	13F HOLDINGS REPORT	028-16875			N	
0001951757-25-001337	30-SEP-2025								Wealthcare Advisory Partners LLC	1065 ANDREW DRIVE		WEST CHESTER	PA	19380	13F HOLDINGS REPORT	028-17524			N	
0001362033-25-000016	30-SEP-2025								GSA CAPITAL PARTNERS LLP	STRATTON HOUSE	5 STRATTON STREET	LONDON	X0	W1J 8LA	13F HOLDINGS REPORT	028-11902			N	
0001765380-25-000442	30-SEP-2025								Bedel Financial Consulting, Inc.	8940 RIVER CROSSING BOULEVARD	SUITE 120	INDIANAPOLIS	IN	46240	13F HOLDINGS REPORT	028-18265	000105653	801-34764	N	
0001104659-25-108271	30-SEP-2025	N							ROTHSCHILD INVESTMENT LLC	311 S. Wacker Drive	Suite 5900	Chicago	IL	60606-6618	13F HOLDINGS REPORT	028-24250	000000728	801-7295	N	
0001621225-25-000008	30-SEP-2025	Y	1	RESTATEMENT					Merit Financial Group, LLC	2400 LAKEVIEW PARKWAY	SUITE 550	ALPHARETTA	GA	30009	13F HOLDINGS REPORT	028-18446	000142457	801-67462	N	
0001941040-25-000598	30-SEP-2025	N							SUMMITRY LLC	919 E Hillsdale Blvd	Suite 150	Foster City	CA	94404	13F HOLDINGS REPORT	028-10724	000128586	801-62398	N	
0001172661-25-004628	30-SEP-2025	N							Ballast, Inc.	400 East Vine Street	Suite 400	Lexington	KY	40507	13F HOLDINGS REPORT	028-18348	000152695	801-79651	N	
0001172661-25-004627	30-JUN-2025	Y	1	RESTATEMENT	N				Ballast, Inc.	400 East Vine Street	Suite 400	Lexington	KY	40507	13F HOLDINGS REPORT	028-18348	000152695	801-79651	N	
0001591505-25-000006	30-SEP-2025								Swan Global Investments, LLC	1099 MAIN AVE.	SUITE 206	DURANGO	CO	81301	13F HOLDINGS REPORT	028-16047	000114669	801-70881	N	
0001193125-25-271464	30-SEP-2025	N							M&G PLC	10 Fenchurch Avenue		London	X0	EC3M 5AG	13F COMBINATION REPORT	028-24119			N	
0000109380-25-000130	30-SEP-2025								ZIONS BANCORPORATION, NATIONAL ASSOCIATION /UT/	ONE SOUTH MAIN STREET	11TH FLOOR	SALT LAKE CITY	UT	84133	13F HOLDINGS REPORT	028-25558			N	
0001921487-25-000006	30-SEP-2025								Beacon Capital Management, LLC	751 COOL SPRINGS BLVD	STE 106	FRANKLIN	TN	37067	13F HOLDINGS REPORT	028-22525			N	
0001963612-25-000002	30-SEP-2025								Cassaday & Co Wealth Management LLC	8180 GREENSBORO	SUITE 1180	MCLEAN	VA	22102	13F HOLDINGS REPORT	028-22838	000317672	801-122868	N	
0001534653-25-000011	30-SEP-2025								Skandinaviska Enskilda Banken AB (publ)	KUNGSTRADGARDSGATAN 8		STOCKHOLM	V7	106 40	13F HOLDINGS REPORT	028-17303			N	
0001193125-25-271413	30-SEP-2025	N							Glenview Trust Co	5900 U S HIGHWAY 42		LOUISVILLE	KY	40241	13F HOLDINGS REPORT	028-17688			N	
0001214659-25-016070	30-SEP-2025	N							SMART Wealth LLC	13815 Fnb Parkway	Suite 400	Omaha	NE	68154	13F COMBINATION REPORT	028-24523	000315496	801-122372	N	
0001841816-25-000005	30-SEP-2025								MRA Advisory Group	3799 US HIGHWAY 46, SUITE 100		PARSIPPANY	NJ	07054	13F HOLDINGS REPORT	028-20502			N	
0001398344-25-020496	30-SEP-2025	N							DENALI ADVISORS LLC	5075 SHOREHAM PLACE	SUITE 120	SAN DIEGO	CA	92122	13F COMBINATION REPORT	028-10130	000110242	801-60039	N	
0002056447-25-000007	30-SEP-2025								McMill Wealth Management	125 S 4TH ST		NORFOLK	NE	68701	13F HOLDINGS REPORT	028-25370	000129015		N	
0001172661-25-004624	30-SEP-2025	N							Capital Planning Advisors, LLC	1420 Rocky Ridge Drive	Suite 140	Roseville	CA	95661	13F HOLDINGS REPORT	028-16407	000170266	801-79170	N	
0001172661-25-004623	30-SEP-2025	N							NEOS Investment Management LLC	13 Riverside Avenue		Westport	CT	06880	13F HOLDINGS REPORT	028-23457			N	
0001794153-25-000003	30-SEP-2025	N							SCHWARZ DYGOS WHEELER INVESTMENT ADVISORS LLC	50 SOUTH 6TH STREET, SUITE 1405		MINNEAPOLIS	MN	55402	13F HOLDINGS REPORT	028-19634	000147384	801-69248	N	
0001398344-25-020494	30-SEP-2025	N							Founders Financial Alliance, LLC	9212 FALLS OF NEUSE RD., SUITE 221		RALEIGH	NC	27615	13F HOLDINGS REPORT	028-20385	000173011	801-108700	N	
0000102909-25-000353	30-SEP-2025	N							VANGUARD GROUP INC	Po Box 2600	V26	Valley Forge	PA	19482-2600	13F COMBINATION REPORT	028-06408	000105958	801-11953	N	
0001629649-25-000010	30-SEP-2025	N							NORTHWESTERN MUTUAL INVESTMENT MANAGEMENT COMPANY, LLC	720 EAST WISCONSIN AVENUE		MILWAUKEE	WI	53202	13F HOLDINGS REPORT	028-16929	000307865	801-119948	N	
0002056447-25-000006	30-SEP-2025								McMill Wealth Management	125 S 4TH ST		NORFOLK	NE	68701	13F HOLDINGS REPORT	028-25370	000129015		N	
0001193125-25-271222	30-SEP-2025	N							FIFTH THIRD BANCORP	38 FOUNTAIN SQ PLZ	FIFTH THIRD CENTER	CINCINNATI	OH	45263	13F COMBINATION REPORT	028-03158			N	
0001800234-25-000004	30-SEP-2025	N							ATTICUS WEALTH MANAGEMENT, LLC	11380 Prosperity Farms Road	Suite 201	Palm Beach Gardens	FL	33410	13F HOLDINGS REPORT	028-19728	000296949	801-113424	N	
0001019754-25-000006	30-SEP-2025								Smithfield Trust Co	20 STANWIX STREET	SUITE 620	PITTSBURGH	PA	15222	13F HOLDINGS REPORT	028-15065			N	
0001843745-25-000007	30-SEP-2025								Addison Advisors LLC	PO BOX 30		MIDDLEBURY	VT	05753	13F HOLDINGS REPORT	028-20522			N	
0001965796-25-000006	30-SEP-2025								Main Street Group, LTD	4510 COX ROAD	SUITE 102	GLEN ALLEN	VA	23060	13F HOLDINGS REPORT	028-23961	000175502	801-113192	N	
0001172661-25-004622	30-SEP-2025	N							CALTON & ASSOCIATES, INC.	2701 N Rocky Point Drive	Suite 1000	Tampa	FL	33607	13F HOLDINGS REPORT	028-18259	000020999	801-70036	N	
0000019617-25-001081	30-SEP-2025								JPMORGAN CHASE & CO	383 MADISON AVENUE		NEW YORK	NY	10017	13F HOLDINGS REPORT	028-00694			N	
0001483066-25-000003	30-SEP-2025	N							State of New Jersey Common Pension Fund D	50 WEST STATE STREET 9TH FLOOR	PO BOX 290	TRENTON	NJ	08625	13F HOLDINGS REPORT	028-13667			N	
0001951757-25-001324	30-SEP-2025								PURSUE WEALTH PARTNERS LLC	6024 MAIN STREET		CLAYTON	CA	94517	13F HOLDINGS REPORT	028-22203			N	
0001951757-25-001323	30-SEP-2025								Kapstone Financial Advisors LLC	212 N. BROADWAY ST.		LEBANON	OH	45036	13F HOLDINGS REPORT	028-23110			N	
0001951757-25-001321	30-SEP-2025								Presidio Capital Management, LLC	12626 HIGH BLUFF DRIVE, SUITE 440		SAN DIEGO	CA	92130	13F HOLDINGS REPORT	028-22560			N	
0001951757-25-001319	30-SEP-2025								Tower Wealth Partners, Inc.	1000 MARKET SREET		LEWISBURG	PA	17837	13F HOLDINGS REPORT	028-21131			N	
0001951757-25-001316	30-SEP-2025								Uniting Wealth Partners, LLC	5201 JOHNSON DRIVE	SUITE 221	MISSION	KS	66205	13F HOLDINGS REPORT	028-24997			N	
0001482688-25-000011	30-SEP-2025	N							Sageworth Trust Co	1861 SANTA BARBARA DRIVE		LANCASTER	PA	17601	13F COMBINATION REPORT	028-13708			N	
0001951757-25-001310	30-SEP-2025								Perfromance Wealth Partners, LLC	36 E. HINSDALE AVE.		HINSDALE	IL	60521	13F HOLDINGS REPORT	028-21577			N	
0001951757-25-001308	30-SEP-2025								Prospect Financial Services LLC	445 BROAD HOLLOW ROAD	STE CL-43	MELVILLE	NY	11747	13F HOLDINGS REPORT	028-23977			N	
0001951757-25-001307	30-SEP-2025								Pallas Capital Advisors LLC	45 BRAINTREE HILL OFFICE PARK	SUITE 201	BRAINTREE	MA	02184	13F HOLDINGS REPORT	028-21223			N	
0001951757-25-001306	30-SEP-2025								PETRA FINANCIAL ADVISORS INC	2 N. NEVADA AVE	SUITE 1300	COLORADO SRPINGS	CO	80903	13F HOLDINGS REPORT	028-23175			N	
0002054966-25-000005	30-SEP-2025								Rialto Wealth Management, LLC	126 N SALINA ST		SYRACUSE	NY	13214	13F HOLDINGS REPORT	028-24807	000319411	801-123598	N	
0001193125-25-270956	30-SEP-2025								PNC Financial Services Group, Inc.	The Tower at PNC Plaza	300 Fifth Avenue	Pittsburgh	PA	15222-2401	13F HOLDINGS REPORT	028-01235		001-09718	N	
0001211028-25-000008	30-SEP-2025								SHELL ASSET MANAGEMENT CO	P O BOX 575		THE HAGUE	P7	2501 CN	13F HOLDINGS REPORT	028-10314			N	
0002053653-25-000002	30-SEP-2025	N							BENNINGFIELD FINANCIAL ADVISORS, LLC	3701 SACRAMENTO STREET	#392	SAN FRANCISCO	CA	94118	13F HOLDINGS REPORT	028-24731	000134950	801-79441	N	
0001398344-25-020486	30-SEP-2025	N							BERKSHIRE ASSET MANAGEMENT LLC/PA	46 PUBLIC SQUARE		WILKES BARRE	PA	18701	13F HOLDINGS REPORT	028-05034	000145463	801-68485	N	
0001696628-25-000002	30-SEP-2025	N							Shepherd Financial Partners LLC	1004 MAIN STREET		WINCHESTER	MA	01890	13F HOLDINGS REPORT	028-17938	000169093	801-106533	N	
0001697110-25-000003	30-SEP-2025	N							GenTrust, LLC	1450 BRICKELL AVENUE	SUITE 3050	MIAMI	FL	33131	13F HOLDINGS REPORT	028-17692	000158369	801-72707	N	
0001917686-25-000007	30-SEP-2025								Mason & Associates Inc	7474 N FIGUEROA STREET		LOS ANGELES	CA	90041	13F HOLDINGS REPORT	028-22387	000141303	801-67068	N	
0001462245-25-000007	30-SEP-2025	N							HighTower Advisors, LLC	200 W. MADISON ST.	SUITE 2500	CHICAGO	IL	60606	13F HOLDINGS REPORT	028-13510	000145323	801-69625	N	
0001548577-25-000003	30-SEP-2025	N							New Harbor Financial Group, LLC	146 MAIN STREET	STE 302	WORCESTER	MA	01608	13F HOLDINGS REPORT	028-15047	000155528	801-72007	N	
0002011587-25-000003	30-SEP-2025	N							NorthStar Asset Management LLC /NJ/	200 CONNELL DRIVE, SUITE 1000		BERKELEY HEIGHTS	NJ	07922	13F HOLDINGS REPORT	028-23703	000129112	801-121388	N	
0001050068-25-000002	30-SEP-2025	N							INVESTMENT PARTNERS, LTD.	419 W High Ave	Po Box 309	NEW PHILADELPHIA	OH	44663	13F HOLDINGS REPORT	028-16440			N	
0001716774-25-000005	30-SEP-2025	N							Aberdeen Group plc	1 GEORGE STREET		EDINBURGH	X0	EH2 2LL	13F HOLDINGS REPORT	028-18172			N	
0002050972-25-000016	30-SEP-2025								FLORIDA FINANCIAL ADVISORS, LLC	6550 W. HILLSBOROUGH AVE	STE 130	TAMPA	FL	33634	13F HOLDINGS REPORT	028-24537	000288811	801-127276	N	
0002047271-25-000005	30-SEP-2025								Murphy & Mullick Capital Management Corp	22 LAWRENCE AVE.	SUITE 307	SMITHTOWN	NY	11787	13F HOLDINGS REPORT	028-24922	000328629	801-130904	N	
0001483870-25-000008	30-SEP-2025								TCTC Holdings, LLC	3838 OAK LAWN AVENUE	SUITE 1650	DALLAS	TX	75219	13F HOLDINGS REPORT	028-13830			N	
0001035344-25-000006	30-SEP-2025	N							UHLMANN PRICE SECURITIES, LLC	5202 OLD ORCHARD ROAD	SUITE 250	SKOKIE	IL	60077	13F HOLDINGS REPORT	028-25658			N	
0002057060-25-000010	30-SEP-2025								GF FUND MANAGEMENT CO. LTD.	NO. 1 EAST PAZHOU ROAD		GUANGZHOU	F4	510308	13F HOLDINGS REPORT	028-25373			N	
0001729673-25-000008	30-SEP-2025								DDD Partners, LLC	2155 112TH AVE NE		BELLEVUE	WA	98004	13F HOLDINGS REPORT	028-18300	000301548	801-115160	N	
0000914973-25-000006	30-SEP-2025								HANOVER ADVISORS INC	101 ROCKWOOD DR.		SENECA	SC	29672	13F HOLDINGS REPORT	028-04002	000119655	801-63150	N	
0001951757-25-001301	30-SEP-2025								Oxinas Partners Wealth Management LLC	607 NORTH SHORE DRIVE	SUITE 101	JEFFERSONVILLE	IN	47130	13F HOLDINGS REPORT	028-20435			N	
0002095682-25-000001	30-SEP-2025								WJ Financial Advisors LLC	255 ROUTE 80	SUITE 201	KILLINGWORTH	CT	06419	13F HOLDINGS REPORT	028-25823	000142761	801-121886	N	
0001951757-25-001299	30-SEP-2025								Omnia Family Wealth, LLC	18851 NE 29TH AVENUE	SUITE 400	AVENTURA	FL	33180	13F HOLDINGS REPORT	028-18002			N	
0001951757-25-001298	30-SEP-2025								New World Advisors LLC	350 LINCOLN STREET	SUITE 1100	HINGHAM	MA	02043	13F HOLDINGS REPORT	028-19407			N	
0001951757-25-001297	30-SEP-2025								Naviter Wealth, LLC	1 INFORMATION WAY	SUITE 400	LITTLE ROCK	AR	72202	13F HOLDINGS REPORT	028-21579			N	
0001951757-25-001294	30-SEP-2025								LIBERTY SQUARE WEALTH PARTNERS LLC	1525 VALLEY CENTER PKWY	SUITE 120	BETHLEHEM	PA	18017	13F HOLDINGS REPORT	028-25407			N	
0001951757-25-001292	30-SEP-2025								International Private Wealth Advisors LLC	3160 CAMINO DEL RIO SOUTH	STE 313	SAN DIEGO	CA	92108	13F HOLDINGS REPORT	028-24120			N	
0001104659-25-107812	30-SEP-2025	N							LYELL WEALTH MANAGEMENT, LP	3000 Sand Hill Road, Building One	Suite 135	Menlo Park	CA	94025	13F HOLDINGS REPORT	028-17772			N	
0001951757-25-001288	30-SEP-2025								G2 CAPITAL MANAGEMENT, LLC / OH	1600 WEST LANE AVENUE	SUITE 270	COLUMBUS	OH	43221	13F HOLDINGS REPORT	028-22043			N	
0001951757-25-001285	30-SEP-2025								Everest Management Corp.	10080 N. WOLFE ROAD	SUITE SW3-200	CUPERTINO	CA	95014	13F HOLDINGS REPORT	028-25105			N	
0001951757-25-001279	30-SEP-2025								Balboa Wealth Partners	6263 NORTH SCOTTSDALE ROAD	SUITE 265	SCOTTSDALE	AZ	85250	13F HOLDINGS REPORT	028-22715			N	
0001951757-25-001278	30-SEP-2025								AFFINITY WEALTH MANAGEMENT LLC	2751 CENTERVILLE ROAD	SUITE 110	WILMINGTON	DE	19808	13F HOLDINGS REPORT	028-01902			N	
0001951757-25-001277	30-SEP-2025								Aspire Capital Advisors LLC	1815 NORTH 45TH STREET	SUITE 105	SEATTLE	WA	98103	13F HOLDINGS REPORT	028-21795			N	
0001569833-25-000006	30-SEP-2025								Rothschild Capital Partners, LLC	5 EAST 82ND STREET	3RD FLOOR	NEW YORK	NY	10028	13F HOLDINGS REPORT	028-15426			N	
0001951757-25-001274	30-SEP-2025								ACORN CREEK CAPITAL LLC	215 WEST OAK STREET	10TH FLOOR, STE 1000	FORT COLLINS	CO	80521	13F HOLDINGS REPORT	028-23689			N	
0001104659-25-107752	30-SEP-2025	N							Longbow Finance SA	36, ROUTE DE LAVAUX		LUTRY	V8	1095	13F HOLDINGS REPORT	028-22949			N	
0001141455-25-000007	30-SEP-2025								COOKSON PEIRCE & CO INC	555 GRANT STREET	SUITE 380	PITTSBURGH	PA	15219	13F HOLDINGS REPORT	028-06545			N	
0001901275-25-000015	30-SEP-2025	N							Ameritas Advisory Services, LLC	5900 O Street		Lincoln	NE	68510	13F HOLDINGS REPORT	028-21618	000317245	801-55153	N	
0000044365-25-000008	30-SEP-2025								CENTRAL TRUST Co	111 EAST MILLER ST		JEFFERSON CITY	MO	65101	13F HOLDINGS REPORT	028-03392			N	
0001799957-25-000007	30-SEP-2025								PFG Private Wealth Management, LLC	18572 N DALE MABRY HIGHWAY		LUTZ	FL	33548	13F HOLDINGS REPORT	028-19666			N	
0001455495-25-000010	30-SEP-2025								IMA Advisory Services, Inc.	1750 17TH STREET	SUITE 100	DENVER	CO	80202	13F HOLDINGS REPORT	028-13377			N	
0001308377-25-000008	30-SEP-2025								Lafayette Investments, Inc.	17830 NEW HAMPSHIRE AVENUE	SUITE 201	ASHTON	MD	20861	13F HOLDINGS REPORT	028-11053			N	
0001427263-25-000009	30-SEP-2025								GFS Advisors, LLC	1330 POST OAK BLVD, SUITE 2100		HOUSTON	TX	77056	13F HOLDINGS REPORT	028-13054	000143110	801-67899	N	
0001420506-25-003037	30-SEP-2025	N							GS Investments, Inc.	860 Blue Gentian Road	Suite 200	Eagan	MN	55121	13F HOLDINGS REPORT	028-18142	000107782	801-56317	N	
0001398344-25-020442	30-SEP-2025	N							Financially Speaking Inc	5889 GREENWOOD PLAZA BLVD.	SUITE 400	GREENWOOD VILLAGE	CO	80111	13F HOLDINGS REPORT	028-24901	000106255	801-38948	N	
0001803140-25-000005	30-SEP-2025								1776 Wealth LLC	750 HAMMOND DR	BUILDING 5, SUITE 200	ATLANTA	GA	30328	13F HOLDINGS REPORT	028-19894	000286321	028-19894	N	
0002028812-25-000006	30-SEP-2025								Lynx Investment Advisory	1100 CONNECTICUT AVENUE NW	SUITE 300	WASHINGTON, DC	DC	20036	13F COMBINATION REPORT	028-24216	000111814		N	
0001541910-25-000010	30-SEP-2025								Illinois Municipal Retirement Fund	2211 YORK ROAD	SUITE 500	OAK BROOK	IL	60523	13F HOLDINGS REPORT	028-19769			N	
0001142495-25-000034	30-SEP-2025								WEDBUSH SECURITIES INC	1000 WILSHIRE BLVD., SUITE 900	ATTN: COMPLIANCE DEPT.	LOS ANGELES	CA	90017	13F HOLDINGS REPORT	028-12460	000000877	801-6358	N	
0001140361-25-040748	30-SEP-2025	N							Varma Mutual Pension Insurance Co	SALMISAARENRANTA 11	P.O. BOX 1, 00098	VARMA	H9	00180	13F HOLDINGS REPORT	028-18702			N	
0001731927-25-000006	30-SEP-2025								Elmwood Wealth Management, Inc.	2027 FOURTH STREET, SUITE 203		BERKELEY	CA	94710	13F HOLDINGS REPORT	028-18747	000165639		N	
0001705819-25-000080	30-SEP-2025	N							Haven Private, LLC	978 LAKE BALDWIN LANE	SUITE 201	ORLANDO	FL	32814	13F HOLDINGS REPORT	028-24798	000329012	801-129272	N	
0001396318-25-000028	30-SEP-2025								PUBLIC SECTOR PENSION INVESTMENT BOARD	1250 RENE-LEVESQUE BLVD WEST	SUITE 1400	MONTREAL	A8	H3B 5E9	13F HOLDINGS REPORT	028-12527		028-12527	N	
0001941040-25-000596	30-SEP-2025	N							Metis Global Partners, LLC	501 W. Broadway	Suite 2080	San Diego	CA	92101	13F HOLDINGS REPORT	028-21796	000167276	801-91173	N	
0002011645-25-000002	30-SEP-2025								Abich Financial Wealth Management LLC	20135 LAKEVIEW CENTER PLAZA	SUITE #110	ASHBURN	VA	20147	13F HOLDINGS REPORT	028-23761			N	
0001344551-25-000014	30-SEP-2025	N							ASSETMARK, INC	1655 GRANT STREET	10TH FLOOR	Concord	CA	94520	13F HOLDINGS REPORT	028-11546	000109018	801-56323	N	
0001535865-25-000016	30-SEP-2025	N							Atria Investments, Inc	2825 South Blvd	Suite 500	Charlotte	NC	28209	13F HOLDINGS REPORT	028-14921	000143593	801-67829	N	
0001795934-25-000006	30-SEP-2025								CBIZ Investment Advisory Services, LLC	5959 ROCKSIDE WOODS BLVD N	SUITE 600	INDEPENDENCE	OH	44131	13F HOLDINGS REPORT	028-19859	000286002		N	
0002003633-25-000008	30-SEP-2025								Savvy Advisors, Inc.	111 WEST 33RD STREET	UNIT 1410	NEW YORK	NY	10001	13F HOLDINGS REPORT	028-23639	000318493	801-123656	N	
0001819476-25-000008	30-SEP-2025								Onyx Bridge Wealth Group LLC	120 WHITE PLAINS ROAD, SUITE 115		TARRYTOWN	NY	10591	13F HOLDINGS REPORT	028-20899			N	
0001853239-25-000004	30-SEP-2025	N							Willis Johnson & Associates, Inc.	5847 San Felipe, Suite 1500		Houston	TX	77057	13F HOLDINGS REPORT	028-21134	000119759	801-66191	N	
0002033388-25-000010	30-SEP-2025								TPG Advisors LLC	485 CENTRAL AVE	SUITE 201	NORTHFIELD	IL	60093	13F HOLDINGS REPORT	028-24300	000298496	801-114032	N	
0001172661-25-004609	30-SEP-2025	N							Plan A Wealth LLC	7221 PLAZA CT		LINCOLN	NE	68516	13F HOLDINGS REPORT	028-25820	000287860	801-110113	N	
0001193125-25-268725	30-SEP-2025	N							Mechanics Financial Corp	2 South Main Street		Mansfield	OH	44902	13F HOLDINGS REPORT	028-22496			N	
0002057056-25-000003	30-SEP-2025								SCHNIEDERS CAPITAL MANAGEMENT, LLC.	200 SOUTH LOS ROBLES AVENUE	SUITE 510	PASADENA	CA	91101	13F HOLDINGS REPORT	028-25821			N	
0002006918-25-000007	30-SEP-2025								Integrity Wealth Solutions LLC	4725 S MONACO STREET, SUITE 335		DENVER	CO	80237	13F HOLDINGS REPORT	028-23642			N	
0001483467-25-000009	30-SEP-2025								Westover Capital Advisors, LLC	1013 CENTRE RD.	SUITE 405	WILMINGTON	DE	19805	13F HOLDINGS REPORT	028-13685	000126520	801-64380	N	
0001080351-25-000007	30-SEP-2025								MITCHELL CAPITAL MANAGEMENT CO	11460 TOMAHAWK CREEK PARKWAY	SUITE 410	LEAWOOD	KS	66211	13F HOLDINGS REPORT	028-05171	000106338	801-29318	N	
0001080382-25-000012	30-SEP-2025	N							EUBEL BRADY & SUTTMAN ASSET MANAGEMENT INC	10100 Innovation Drive	Suite 410	MIamisburg	OH	45342	13F HOLDINGS REPORT	028-05145			N	
0001214659-25-016017	30-SEP-2025	N							Endowment Wealth Management, Inc.	W6272 COMMUNICATION CT.		APPLETON	WI	54914-8531	13F COMBINATION REPORT	028-21870			N	
0001659047-25-000006	30-SEP-2025								Krilogy Financial LLC	275 N. LINDBERGH BLVD	SUITE 20	ST. LOUIS	MO	63141	13F HOLDINGS REPORT	028-17049			N	
0000932929-25-000008	30-SEP-2025								WESTBOURNE INVESTMENTS, INC.	2121 EISENHOWER AVENUE	SUITE 605	ALEXANDRIA	VA	22314	13F HOLDINGS REPORT	028-25338	000037499	801-36800	N	
0001803557-25-000006	30-SEP-2025								Center for Financial Planning, Inc.	24800 DENSO DRIVE	SUITE 300	SOUTHFIED	MI	48033	13F HOLDINGS REPORT	028-20001			N	
0001612865-25-000004	30-SEP-2025	N							Stratos Wealth Partners, LTD.	3750 PARK EAST DRIVE		BEACHWOOD	OH	44122	13F HOLDINGS REPORT	028-16201		801-71457	N	
0001707202-25-000004	30-SEP-2025	N							Stratos Wealth Advisors, LLC	3750 PARK EAST DRIVE	SUITE 200	BEACHWOOD	OH	44122	13F HOLDINGS REPORT	028-19113		801-108211	N	
0001707206-25-000004	30-SEP-2025	N							Stratos Investment Management, LLC	3750 PARK EAST DRIVE	SUITE 200	BEACHWOOD	OH	44122	13F HOLDINGS REPORT	028-19493		801-107873	N	
0001421224-25-000012	30-SEP-2025								CIBC WORLD MARKET INC.	81 BAY STREET	CIBC SQUARE, CS26TH FLOOR	TORONTO	A6	M5J 0E7	13F HOLDINGS REPORT	028-12719			N	
0001610769-25-000003	30-SEP-2025	N							Caprock Group, LLC	800 WEST MAIN STREET	SUITE 1150	BOISE	ID	83702	13F HOLDINGS REPORT	028-16427			N	
0001140361-25-040700	30-SEP-2025	N							ING GROEP NV	PO BOX 1800		AMSTERDAM	P7	1000 BV	13F HOLDINGS REPORT	028-13263			N	
0001115418-25-000021	30-SEP-2025								RHUMBLINE ADVISERS	265 FRANKLIN ST	21ST FLOOR	BOSTON	MA	02110	13F HOLDINGS REPORT	028-05909	000107151	801-40535	N	
0002000324-25-004175	30-SEP-2025								Advisors Asset Management, Inc.	18925 Base Camp Road		Monument	CO	80132	13F HOLDINGS REPORT	028-12578	000046727	028-12578	N	
0001378145-25-000018	30-SEP-2025								VISION FINANCIAL MARKETS LLC	1010 WASHINGTON BLVD	SUITE 300	STAMFORD	CT	06901	13F HOLDINGS REPORT	028-24791			N	
0001213900-25-106923	30-SEP-2025	N							Baader Bank Aktiengesellschaft	Weihenstephaner Strasse 4		Unterschleissheim	2M	85716	13F HOLDINGS REPORT	028-22539			N	
0001833780-25-000012	30-SEP-2025								Wealthstream Advisors, Inc.	60 EAST 42ND STREET	SUITE 1120	NEW YORK	NY	10165	13F HOLDINGS REPORT	028-21665	000129428	801-63363	N	
0001760145-25-000006	30-SEP-2025								Costello Asset Management, INC	1234 BRIDGETOWN PIKE	SUITE 210	FEASTERVILLE	PA	19053	13F HOLDINGS REPORT	028-19075			N	
0002031775-25-000008	30-SEP-2025								BridgePort Financial Solutions, LLC	1776 PLEASANT PLAIN RD		FAIRFIELD	IA	52556	13F HOLDINGS REPORT	028-25431			N	
0002077080-25-000006	30-SEP-2025	N							Midwest Trust Co	5901 College Blvd		Overland Park	KS	66211	13F HOLDINGS REPORT	028-25691			N	
0001626116-25-000005	30-SEP-2025								SVB WEALTH LLC	53 STATE STREET	28TH FLOOR	BOSTON	MA	02110	13F HOLDINGS REPORT	028-16447	000172832	801-80480	N	
0001985284-25-000007	30-SEP-2025								Aspect Partners, LLC	8500 EXECUTIVE PARK AVE	SUITE 400	FAIRFAX	VA	22031	13F HOLDINGS REPORT	028-23968	000307273	801-126851	N	
0001172661-25-004600	30-SEP-2025	N							Versor Investments LP	1120 Avenue Of The Americas	15 Fl	New York	NY	10036	13F HOLDINGS REPORT	028-17670	000171663	801-80273	N	
0001420506-25-003020	30-SEP-2025	N							Compagnie Lombard Odier SCmA	RUE DE LA CORRATERIE 18		1204 GENEVA	V8	CH1204	13F COMBINATION REPORT	028-16235			N	
0000877134-25-000012	30-SEP-2025								WESBANCO BANK INC	1 BANK PLZ		WHEELING	WV	26003	13F HOLDINGS REPORT	028-02925			N	
0001193125-25-268273	30-SEP-2025	N							First National Trust Co	532 Main Street		Johnstown	PA	15901	13F HOLDINGS REPORT	028-10633		028-10633	N	
0001664324-25-000005	30-SEP-2025								Mandatum Life Insurance Co Ltd	P.O. BOX 627		HELSINKI	H9	00101	13F HOLDINGS REPORT	028-17135			N	
0001104659-25-107454	30-SEP-2025	N							NAVELLIER & ASSOCIATES INC	ONE EAST LIBERTY, SUITE 504		RENO	NV	89501	13F HOLDINGS REPORT	028-02824	000107568		N	
0001398344-25-020410	30-SEP-2025	N							Integrity Financial Corp /WA	680 S. CACHE STREET	SUITE 100-7403	JACKSON	WY	83001	13F HOLDINGS REPORT	028-22383	000137125	801-107275	N	
0001398344-25-020409	30-SEP-2025	N							Edgemoor Investment Advisors, Inc.	7250 WOODMONT AVENUE	SUITE 315	BETHESDA	MD	20814	13F HOLDINGS REPORT	028-11064	000109104	801-56945	N	
0002085853-25-000237	30-SEP-2025	N							Arista Wealth Management, LLC	8876 Spanish Ridge Ave #202		Las Vegas	NV	89148	13F HOLDINGS REPORT	028-22926	000141504	801-78190	N	
0002085853-25-000236	30-SEP-2025	N							JOHNSON INVESTMENT COUNSEL INC	3777 West Fork Road		Cincinnati	OH	45247	13F HOLDINGS REPORT	028-04147			N	
0002085853-25-000235	30-SEP-2025	N							Wealthfront Advisers LLC	261 Hamilton Ave		Palo Alto	CA	94301	13F HOLDINGS REPORT	028-19298	000148456	801-69766	N	
0002085853-25-000234	30-SEP-2025	N							Gallagher Capital Advisors, LLC	1100 Tate Ln		Argyle	TX	76226	13F HOLDINGS REPORT	028-24818			N	
0000701516-25-000007	30-SEP-2025								MEANS INVESTMENT CO., INC.	802 STILLWATER AVENUE		BANGOR	ME	04401-3614	13F HOLDINGS REPORT	028-19471	000002748	801-80992	N	
0001541625-25-000005	30-SEP-2025	N							Prospera Financial Services Inc	5429 LBJ Freeway	Suite 750	Dallas	TX	75240	13F HOLDINGS REPORT	028-14903			N	
0002048581-25-000011	30-SEP-2025								REAP Financial Group, LLC	9414 ANDERSON MILL ROAD, SUITE 100		AUSTIN	TX	78729	13F HOLDINGS REPORT	028-25420	000144560	801-118413	N	
0000822581-25-000003	30-SEP-2025	N							OPPENHEIMER & CO INC	85 BROAD ST		NEW YORK	NY	10004	13F HOLDINGS REPORT	028-04046			N	
0002010765-25-000008	30-SEP-2025								Fielder Capital Group LLC	1222 DEMONBREUN STREET	SUITE 1610	NASHVILLE	TN	37203	13F HOLDINGS REPORT	028-23617	000156737	801-110357	N	
0001806428-25-000004	30-SEP-2025	N							Tempus Wealth Planning, LLC	100 Spectrum Center Drive	Suite 1070	IRVINE	CA	92618	13F HOLDINGS REPORT	028-20202	000285349	801-108462	N	
0001133639-25-000002	30-SEP-2025	N							NEW YORK LIFE INVESTMENT MANAGEMENT LLC	51 MADISON AVE		New York	NY	10010	13F COMBINATION REPORT	028-06325			N	
0001964309-25-000004	30-SEP-2025	N							Breakwater Capital Group	140 E RIDGEWOOD AVE	SUITE 415	PARAMUS	NJ	07652	13F HOLDINGS REPORT	028-22792			N	
0001727514-25-000003	30-SEP-2025	N							Francis Financial, Inc.	39 BROADWAY	SUITE 1730	NEW YORK	NY	10006	13F HOLDINGS REPORT	028-18221	000128067	801-76703	N	
0001129919-25-000003	30-SEP-2025	N							PROFUND ADVISORS LLC	7272 WISCONSIN AVENUE	21ST FLOOR	BETHESDA	MD	20814	13F HOLDINGS REPORT	028-10213			N	
0001731717-25-000002	30-SEP-2025	N							D.B. Root & Company, LLC	436 SEVENTH AVENUE	SUITE 2800	PITTSBURGH	PA	15219	13F HOLDINGS REPORT	028-18659	000188512	801-106632	N	
0001754960-25-000755	30-SEP-2025								SHEPHERD WEALTH MANAGEMENT Ltd LIABILITY Co	3181 LINWOOD AVE	SUITE 20	CINCINNATI	OH	45208	13F HOLDINGS REPORT	028-24834			N	
0001723925-25-000003	30-SEP-2025	N							Legacy Financial Strategies, LLC	5400 COLLEGE BLVD., SUITE A		OVERLAND PARK	KS	66211	13F HOLDINGS REPORT	028-18758	000283553	801-107930	N	
0001633387-25-000006	30-SEP-2025	N							RFG Advisory, LLC	1400 URBAN CENTER DRIVE	SUITE 475	BIRMINGHAM	AL	35242	13F HOLDINGS REPORT	028-16724	000158401	801-79153	N	
0001085146-25-005972	30-SEP-2025	N							AlTi Global, Inc.	22 VANDERBILT	27TH FLOOR	NEW YORK	NY	10017	13F COMBINATION REPORT	028-23888			Y	Under Section 13(f) of the Securities Exchange Act of 1934, as amended, and the rules promulgated thereunder, AlTi Global, Inc. may be deemed to have shared investment discretion with TIG Advisors, LLC (TIG Advisors) and certain investment funds managed by TIG Advisors (the TIG Funds).  However, TIG Advisors and the TIG Funds file separate Form 13Fs from AlTi Global, Inc.
0001214659-25-015984	30-SEP-2025	N							Allen Investment Management, LLC	711 FIFTH AVENUE		NEW YORK	NY	10022	13F HOLDINGS REPORT	028-11378			N	
0002043468-25-000006	30-SEP-2025	N							Beckerman Institutional, LLC	77 MAIN AVENUE	SUITE 1A	OCEAN GROVE	NJ	07756	13F HOLDINGS REPORT	028-24414			N	
0002032350-25-000006	30-SEP-2025								Fairscale Capital, LLC	402 AMHERST ST., SUITE 203		NASHUA	NH	03063	13F HOLDINGS REPORT	028-24298	000165535	801-123056	N	
0001740839-25-000004	30-SEP-2025	N							GABLES CAPITAL MANAGEMENT INC.	801 BRICKELL AVE	SUITE 650	MIAMI	FL	33131	13F HOLDINGS REPORT	028-18792	000109608	801-54966	N	
0001729677-25-000010	30-SEP-2025	N							LexAurum Advisors, LLC	16010 METCALF AVENUE, SUITE 101		OVERLAND PARK	KS	66085	13F HOLDINGS REPORT	028-18310	000283653	801-107738	N	
0001214659-25-015987	30-SEP-2025	N							ALLEN OPERATIONS LLC	711 FIFTH AVENUE		NEW YORK	NY	10022	13F COMBINATION REPORT	028-12302			N	
0001754960-25-000756	30-SEP-2025								CONTINENTAL INVESTORS SERVICES, INC.	P.O. BOX 888		LONGVIEW	WA	98632-7552	13F HOLDINGS REPORT	028-21409			N	
0000733444-25-000004	30-SEP-2025	N							ROMAN BUTLER FULLERTON & CO	680 CRAIG ROAD	STE 201	ST LOUIS	MO	63141	13F HOLDINGS REPORT	028-19019	000104771	801-20351	N	
0001766883-25-000008	30-SEP-2025	N							Lantz Financial LLC	1733 PARK STREET	SUITE 350	NAPERVILLE	IL	60563	13F HOLDINGS REPORT	028-19475	000297573	801-114035	N	
0001587192-25-000008	30-SEP-2025								Blume Capital Management, Inc.	1708 SHATTUCK AVENUE		BERKELEY	CA	94709	13F HOLDINGS REPORT	028-15990	000111768	801-55922	N	
0000892712-25-000134	30-SEP-2025								Spectrum Investment Advisors, Inc.	6329 WEST MEQUON ROAD		MEQUON	WI	53092	13F HOLDINGS REPORT	028-23628	000108669	801-56966	N	
0001966037-25-000002	30-SEP-2025	N							Gateway Wealth Partners, LLC	100 W. LAWRENCE STREET	SUITE 304	APPLETON	WI	54911	13F HOLDINGS REPORT	028-23115			N	
0001085146-25-005973	30-SEP-2025	N							OPPENHEIMER ASSET MANAGEMENT INC.	85 BROAD ST.		NEW YORK	NY	10004	13F COMBINATION REPORT	028-10748			N	
0001214659-25-015983	30-SEP-2025	N							ALLEN HOLDING INC /NY	711 FIFTH AVENUE		NEW YORK	NY	10022	13F HOLDINGS REPORT	028-04174			N	
0001767902-25-000009	30-SEP-2025								Western Wealth Management, LLC	14143 DENVER WEST PARKWAY	STE. 450	GOLDEN	CO	80401	13F HOLDINGS REPORT	028-19413	000283545	801-107762	N	
0001733788-25-000006	30-SEP-2025								Centerpoint Advisors, LLC	175 HIGHLAND AVE SUITE 302		NEEDHAM	MA	02494	13F HOLDINGS REPORT	028-18687			N	
0002043129-25-000006	30-SEP-2025	N							Proactive Wealth Strategies LLC	533 JOHNSON FERRY ROAD	BLDG C STE 100	MARIETTA	GA	30068	13F HOLDINGS REPORT	028-24419			N	
0001783412-25-000005	30-SEP-2025	N							IFG Advisors, LLC	10560 OLD OLIVE STREET ROAD, SUITE 250		ST. LOUIS	MO	63141	13F HOLDINGS REPORT	028-19600	000172329	801-80204	N	
0001357955-25-000003	30-SEP-2025	N							ProShare Advisors LLC	7272 WISCONSIN AVENUE	21ST FLOOR	BETHESDA	MD	20814	13F HOLDINGS REPORT	028-12122			N	
0001965702-25-000009	30-SEP-2025	N							Linden Thomas Advisory Services, LLC	516 North Tryon Street	Suite 200	Charlotte	NC	28202	13F HOLDINGS REPORT	028-23127	000288557	801-110683	N	
0001420506-25-003018	30-SEP-2025	N							Key Financial Inc	1045 ANDREW DRIVE	SUITE A	WEST CHESTER	PA	19380	13F HOLDINGS REPORT	028-19846			N	
0001984475-25-000011	30-SEP-2025								Plato Investment Management Ltd	PO BOX R596	ROYAL EXCHANGE, NSW	SYDNEY	C3	1225	13F HOLDINGS REPORT	028-23726			N	
0001705819-25-000079	30-SEP-2025	N							Palacios Wealth Management, LLC	595 W. GRANADA BOULEVARD	SUITE K	ORMOND BEACH	FL	32174	13F HOLDINGS REPORT	028-24671	000327660	801-131973	N	
0001378559-25-000006	30-SEP-2025								First Dallas Securities Inc.	2905 MAPLE AVE.		DALLAS	TX	75201	13F HOLDINGS REPORT	028-12035			N	
0002010393-25-000007	30-SEP-2025								Smartleaf Asset Management LLC	ONE BOWDOIN SQUARE	10TH FLOOR	BOSTON	MA	02114	13F HOLDINGS REPORT	028-23695	000172273	801-80910	N	
0001858782-25-000005	30-SEP-2025	N							Canvas Wealth Advisors, LLC	6136 NIEMAN RD.		SHAWNEE	KS	66203	13F HOLDINGS REPORT	028-21145	000306343	801-117767	N	
0001420506-25-003012	30-SEP-2025	N							Atlanta Consulting Group Advisors, LLC	5600 GLENRIDGE DRIVE NE	SUITE 230-EAST	ATLANTA	GA	30342	13F HOLDINGS REPORT	028-24133	000288169	801-112054	N	
0001705819-25-000078	30-SEP-2025	N							Burt Wealth Advisors	6116 Executive Blvd	Suite 550	North Bethesda	MD	20852	13F HOLDINGS REPORT	028-16356	000105211	801-23924	N	
0001415201-25-000007	30-SEP-2025								SPC Financial, Inc.	3202 TOWER OAKS BLVD.	SUITE 400	ROCKVILLE	MD	20852	13F HOLDINGS REPORT	028-14057	000104618	801-14191	N	
0001733472-25-000005	30-SEP-2025								Quaker Wealth Management, LLC	70 E. MAIN STREET		MOORESTOWN	NJ	08057	13F HOLDINGS REPORT	028-19796			N	
0001062993-25-016497	30-SEP-2025	N							BHK Investment Advisors, LLC	2200 LAKESHORE DRIVE, SUITE 250		BIRMINGHAM	AL	35209	13F HOLDINGS REPORT	028-18298	000140515	801-66669	N	
0001602905-25-000007	30-SEP-2025								MCF Advisors LLC	50 E RIVERCENTER BLVD.	SUITE 300	COVINGTON	KY	41011	13F HOLDINGS REPORT	028-16138	000130372	801-62765	N	
0001729847-25-000006	30-SEP-2025								Nikulski Financial, Inc.	4275 ONTARIO DRIVE		BETTENDORF	IA	52722	13F HOLDINGS REPORT	028-18302			N	
0001079935-25-000004	30-SEP-2025								SIGNATURE ESTATE & INVESTMENT ADVISORS LLC	2121 AVENUE OF THE STARS	SUITE 1600	LOS ANGELES	CA	90067	13F HOLDINGS REPORT	028-15248			N	
0001398344-25-020376	30-SEP-2025	N							LOWE BROCKENBROUGH & CO INC	920 LIBBIE AVE	SUITE 201	RICHMOND	VA	23226	13F HOLDINGS REPORT	028-01206	000105142	801-6691	N	
0001977992-25-000015	30-SEP-2025								Trivant Custom Portfolio Group, LLC	600 W BROADWAY #225		SAN DIEGO	CA	92101	13F HOLDINGS REPORT	028-23277			N	
0001398344-25-020370	30-SEP-2025	N							ALPS ADVISORS INC	1290 BROADWAY, SUITE 1000		Denver	CO	80203	13F COMBINATION REPORT	028-12230	000134340	801-67135	N	
0001899703-25-000006	30-SEP-2025								Paladin Advisory Group, LLC	13375 UNIVERSITY AVENUE	SUITE 300	CLIVE	IA	50325	13F HOLDINGS REPORT	028-21439			N	
0001789382-25-000005	30-SEP-2025	N							Arkfeld Wealth Strategies, L.L.C.	3512 N. 163RD PLAZA		OMAHA	NE	68116	13F HOLDINGS REPORT	028-19671	000293175	801-114011	N	
0002009275-25-000011	30-SEP-2025								a16z Perennial Management, L.P.	2865 SAND HILL ROAD	SUITE 101	MENLO PARK	CA	94025	13F HOLDINGS REPORT	028-23598	000324429	028-23598	N	
0001697934-25-000007	30-SEP-2025								Moloney Securities Asset Management, LLC	13537 BARRETT PARKWAY DRIVE	SUITE 300	MANCHESTER	MO	63021	13F HOLDINGS REPORT	028-17870	000282448		N	
0001991835-25-000006	30-SEP-2025								Canada Post Corp Registered Pension Plan	1 DUNDAS STREET WEST	SUITE 700	TORONTO	Z4	M5G 2L5	13F HOLDINGS REPORT	028-25090			N	
0001059187-25-000020	30-SEP-2025								TWIN CAPITAL MANAGEMENT INC	3244 WASHINGTON RD	SUITE 202	MCMURRAY	PA	15317	13F HOLDINGS REPORT	028-07078			N	
0001172661-25-004589	30-SEP-2025	N							Trace Wealth Advisors, LLC	2572 Basil Lane		Los Angeles	CA	90077	13F HOLDINGS REPORT	028-25277	000317542	801-122954	N	
0001420506-25-003005	30-SEP-2025	N							Heritage Wealth Management, Inc. /CA/	11440 W BERNARDO CT	STE 390	SAN DIEGO	CA	92127	13F HOLDINGS REPORT	028-23941			N	
0001506071-25-000007	30-SEP-2025								Wellington Shields Capital Management, LLC	60 BROAD STREET	39TH FLOOR	NEW YORK	NY	10004	13F HOLDINGS REPORT	028-14047			N	
0001330463-25-000007	30-SEP-2025								Ironwood Investment Counsel, LLC	THE SCOTTSDALE FORUM	6263 N. SCOTTSDALE ROAD, SUITE 200	SCOTTSDALE	AZ	85250	13F HOLDINGS REPORT	028-11471	000110623	801-60073	N	
0002043538-25-000009	30-SEP-2025								Elyxium Wealth, LLC	400 SOUTH BEVERLY DRIVE	PENTHOUSE SUITE	BEVERLY HILLS	CA	90212	13F HOLDINGS REPORT	028-24449			N	
0001017284-25-000009	30-SEP-2025								THOMPSON DAVIS & CO., INC.	9030 STONY POINT PKWY, STE 100	16TH FLOOR	RICHMOND	VA	23235	13F HOLDINGS REPORT	028-15833	000041353	801-120472	N	
0001506073-25-000003	30-SEP-2025								Wellington Shields & Co., LLC	60 BROAD STREET		NEW YORK	NY	10004	13F HOLDINGS REPORT	028-14518			N	
0001928999-25-000006	30-SEP-2025								Fortitude Advisory Group L.L.C.	7195 WAGNER WAY NW, STE 104		GIG HARBOR	WA	98335	13F HOLDINGS REPORT	028-22547			N	
0002072075-25-000006	30-SEP-2025								Koesten, Hirschmann & Crabtree, INC.	10000 COLLEGE BLVD	SUITE 260	OVERLAND PARK	KS	66210	13F HOLDINGS REPORT	028-22885	000107212	801-57971	N	
0001986156-25-000009	30-SEP-2025								Altiora Financial Group, LLC	1607 MARIETTA DRIVE		LEBANON	OH	45036	13F HOLDINGS REPORT	028-23304	000292008	801-112389	N	
0001566801-25-000006	30-SEP-2025								Aft, Forsyth & Sober, LLC	4355 LYNX PAW TRAIL		VALRICO	FL	33596	13F HOLDINGS REPORT	028-19775	000162858	801-76925	N	
0000762152-25-000014	30-SEP-2025								STATE OF MICHIGAN RETIREMENT SYSTEM	2501 COOLIDGE ROAD	SUITE 400	EAST LANSING	MI	48823	13F HOLDINGS REPORT	028-01462			N	
0001632553-25-000005	30-SEP-2025								Eukles Asset Management	425 WALNUT STREET	SUITE 2260	CINCINNATI	OH	45202	13F HOLDINGS REPORT	028-18971	000156649		N	
0001814214-25-000007	30-SEP-2025								Concord Wealth Partners	955 WEST MAIN STREET		ABINGDON	VA	24210	13F HOLDINGS REPORT	028-21007	000118643	801-79249	N	
0001193125-25-266364	30-SEP-2025	N							MMA ASSET MANAGEMENT LLC	1166 AVENUE OF THE AMERICAS		NEW YORK	NY	10036	13F HOLDINGS REPORT	028-20624	000155426	801-71975	N	
0001398344-25-020350	30-SEP-2025	N							Capital Investment Advisory Services, LLC	P.O. BOX 32249		RALEIGH	NC	27622	13F HOLDINGS REPORT	028-17635	000149124	801-69846	N	
0001214659-25-015961	30-SEP-2025	N							Prime Capital Investment Advisors, LLC	6201 College Blvd.	Suite 150	Overland Park	KS	66211	13F HOLDINGS REPORT	028-18542			N	
0001437749-25-033205	30-SEP-2025								Next Capital Management LLC	ELEVEN TIMES SQUARE	15TH FLOOR	NEW YORK	NY	10036	13F HOLDINGS REPORT	028-19131			N	
0001764049-25-000012	30-SEP-2025								SlateStone Wealth, LLC	661 UNIVERSITY BLVD	SUITE 100	JUPITER	FL	33458	13F HOLDINGS REPORT	028-19177	000286669	801-110003	N	
0001987314-25-000003	30-SEP-2025	N							CORNERSTONE ENTERPRISES, LLC	158 E NORTHLAND AVE		APPLETON	WI	54911	13F HOLDINGS REPORT	028-24838	000324255	801-127126	N	
0001967640-25-000003	30-SEP-2025								DDFG, Inc	515 MARIN ST	SUITE 406	THOUSAND OAKS	CA	91360	13F HOLDINGS REPORT	028-23155	000317862	801-122983	N	
0001006407-25-000011	30-SEP-2025								FISHMAN JAY A LTD/MI	901 WILSHIRE DRIVE	SUITE 555	TROY	MI	48084	13F HOLDINGS REPORT	028-05212	000105609	801-6618	N	
0001945037-25-000005	30-SEP-2025								Coston, McIsaac & Partners	38 RODICK STREET		BAR HARBOR	ME	04609	13F HOLDINGS REPORT	028-22656			N	
0001424717-25-000013	30-SEP-2025								Plante Moran Financial Advisors, LLC	3000 TOWN CENTER DR.	SUITE 100	SOUTHFIELD	MI	48075	13F HOLDINGS REPORT	028-13061			N	
0001213900-25-106515	30-SEP-2025	N							IQ EQ FUND MANAGEMENT (IRELAND) Ltd	76 SIR JOHN ROGERSON'S QUAY		DUBLIN 2	L2	D02 C9D0	13F HOLDINGS REPORT	028-16641			N	
0001799284-25-000005	30-SEP-2025								Modus Advisors, LLC	23505 SMITHTOWN ROAD	#290	EXCELSIOR	MN	55331	13F HOLDINGS REPORT	028-19655			N	
0002048885-25-000002	30-SEP-2025								Prasad Wealth Partners, LLC	6050 OAK TREE BLVD.	SUITE 100	INDEPENDENCE	OH	44131	13F HOLDINGS REPORT	028-24742	000332507	801-130984	N	
0001737871-25-000006	30-SEP-2025								LFA - Lugano Financial Advisors SA	VIA F. PELLI 3		LUGANO	V8	6900	13F HOLDINGS REPORT	028-18897			N	
0001104659-25-106807	30-SEP-2025	N							Poehling Capital Management, INC.	525 Junction Rd.	Suite 8900	Madison	WI	53717	13F HOLDINGS REPORT	028-18383	000131668	801-63189	N	
0001737987-25-000002	30-SEP-2025	N							Wells Trecaso Financial Group, LLC	3560 WEST MARKET STREET	SUITE 340	AKRON	OH	44333	13F HOLDINGS REPORT	028-18726	000289899	801-112139	N	
0001765690-25-000013	30-SEP-2025								MONECO Advisors, LLC	2150 POST ROAD		FAIRFIELD	CT	06824	13F HOLDINGS REPORT	028-19342	000171922	801-80027	N	
0000089014-25-000015	30-SEP-2025								SENTRY INVESTMENT MANAGEMENT LLC	1800 North Point Drive		Stevens Point	WI	54481	13F HOLDINGS REPORT	028-00870			N	
0001104659-25-106799	30-SEP-2025	N							LEGACY FINANCIAL GROUP, INC.	1425 E 41st Place, Suite 100		Tulsa	OK	74105	13F HOLDINGS REPORT	028-23107	000135059	801-64293	N	
0000825293-25-000008	30-SEP-2025								CAPITAL MANAGEMENT ASSOCIATES /NY/	CAPITAL MANAGEMENT ASSOC	60 BROAD STREET, 39TH FLOOR	NEW YORK	NY	10004	13F HOLDINGS REPORT	028-02183			N	
0001911766-25-000005	30-SEP-2025								Vantage Financial Partners, LLC	13230 WATERTOWN PLANK ROAD		ELM GROVE	WI	53122	13F HOLDINGS REPORT	028-22350	000315828	801-122083	N	
0001420506-25-002994	30-SEP-2025	N							RMR Wealth Builders	111 Grove Street	Suite 203	Montclair	NJ	07042	13F HOLDINGS REPORT	028-20194			N	
0002063364-25-000268	30-SEP-2025								Hobbs Wealth Management, LLC	75 N. MAIN STREET		ZIONSVILLE	IN	46077	13F HOLDINGS REPORT	028-25043	000325374	801-132062	N	
0001691766-25-000007	30-SEP-2025								FLAGSHIP HARBOR ADVISORS, LLC	346 COMMERCIAL STREET		BOSTON	MA	02109	13F HOLDINGS REPORT	028-18078	000155733	801-71997	N	
0001616034-25-000010	30-SEP-2025								HighPoint Advisor Group LLC	2651 WARRENVILLE RD	SUITE 200	DOWNERS GROVE	IL	60515	13F HOLDINGS REPORT	028-16828			N	
0001104659-25-106781	30-SEP-2025	N							Waterloo Capital, L.P.	2700 Via Fortuna	Suite 100	Austin	TX	78746	13F HOLDINGS REPORT	028-20294	000133705	801-63975	N	
0001104659-25-106777	30-SEP-2025	N							HARMONY ASSET MANAGEMENT LLC	15169 N. Scottsdale Road	Suite 205	Scottsdale	AZ	85254	13F HOLDINGS REPORT	028-23648	000116069	801-118731	N	
0001759236-25-000007	30-SEP-2025								Black Diamond Financial, LLC	305 W PENNSYLVANIA AVE		TOWSON	MD	21204-4413	13F HOLDINGS REPORT	028-19171	000145108	801-96172	N	
0001104659-25-106756	30-SEP-2025	N							TITLEIST ASSET MANAGEMENT, LLC	777 E. Sonterra Blvd.	Suite 330	San Antonio	TX	78258	13F HOLDINGS REPORT	028-23276	000323567	801-126953	N	
0002085853-25-000233	30-SEP-2025	N							ELCO Management Co., LLC	369 Lexington Avenue	3rd Floor	New York	NY	10017	13F HOLDINGS REPORT	028-17577			N	
0002085853-25-000232	30-SEP-2025	N							Portside Wealth Group, LLC	3507 N University Ave	Suite 150	Provo	UT	84604	13F HOLDINGS REPORT	028-23317	000325175	801-27529	N	
0001561082-25-000019	30-SEP-2025								ABN AMRO Bank N.V.	GUSTAV MAHLERLAAN 10		AMSTERDAM	P7	1082PP	13F HOLDINGS REPORT	028-25703			Y	As from Q3 Hauck Aufhauser Lampe (HAL) is part of the ABNAMRO Group, the eligible holdings in section 13F securities are reported jointly.
0001172661-25-004582	30-SEP-2025	N							Linscomb Wealth, Inc.	1333 West Loop South	Suite 1500	Houston	TX	77027	13F HOLDINGS REPORT	028-11251	000106779	801-48855	N	
0001104659-25-106724	30-SEP-2025	N							SouthState Bank Corp	1101 FIRST STREET SOUTH, SUITE 202		WINTER HAVEN	FL	33880	13F HOLDINGS REPORT	028-14854			N	
0000930413-25-003379	30-SEP-2025	N							BESSEMER GROUP INC	100 WOODBRIDGE CENTER DRIVE		WOODBRIDGE	NJ	07095-1195	13F HOLDINGS REPORT	028-07806			N	
0001398344-25-020333	30-SEP-2025	N							IMG Wealth Management, Inc.	8771 PERIMETER PARK CT.	SUITE 102	JACKSONVILLE	FL	32216	13F HOLDINGS REPORT	028-24863	000285966	801-129719	N	
0002056690-25-000013	30-SEP-2025								TRIGLAV INVESTMENTS, D.O.O.	DUNAJSKA CESTA 20		LJUBLJANA	2A	1000	13F HOLDINGS REPORT	028-25151			N	
0001778131-25-000008	30-SEP-2025								BI Asset Management Fondsmaeglerselskab A/S	BREDGADE 40		KOBENHAVN	G7	1260	13F HOLDINGS REPORT	028-20206			N	
0001754960-25-000751	30-JUN-2025								Fearless Solutions, LLC dba Best Invest	16118 VIA SHAVANO	SUITE 100	SAN ANTONIO	TX	78249	13F HOLDINGS REPORT	028-25816			N	
0001744373-25-000003	30-SEP-2025	N							Machina Capital S.A.S.	10, RUE DE CASTIGLIONE		PARIS	I0	75001	13F HOLDINGS REPORT	028-19449	000289445	802-120631	N	
0001851815-25-000007	30-SEP-2025								SBI Securities Co., Ltd.	IZUMI GARDEN TOWER	1-6-1 ROPPONGI MINATO-KU	TOKYO	M0	1066019	13F HOLDINGS REPORT	028-24778			N	
0001857144-25-000002	30-SEP-2025	N							FLYNN ZITO CAPITAL MANAGEMENT, LLC	585 STEWART AVE	SUITE 620	GARDEN CITY	NY	11530	13F HOLDINGS REPORT	028-21741			N	
0001754960-25-000750	30-SEP-2025								Fearless Solutions, LLC dba Best Invest	16118 VIA SHAVANO	SUITE 100	SAN ANTONIO	TX	78249	13F HOLDINGS REPORT	028-25816			N	
0001214659-25-015924	30-SEP-2025	N							ENVESTNET ASSET MANAGEMENT INC	1000 Chesterbrook Boulevard	Suite 250	Berwyn	PA	19312	13F HOLDINGS REPORT	028-13411			N	
0001598186-25-000003	30-SEP-2025	N							Checchi Capital Advisers, LLC	9720 WILSHIRE BLVD, 4TH FLOOR		BEVERLY HILLS	CA	90212	13F HOLDINGS REPORT	028-15706	000143478	801-67727	N	
0001066816-25-000009	30-SEP-2025								EVERMAY WEALTH MANAGEMENT LLC	3901 FAIRFAX DRIVE	SUITE 400	ARLINGTON	VA	22203	13F HOLDINGS REPORT	028-07230	000149230	801-70170	N	
0001803426-25-000009	30-SEP-2025								BEAM WEALTH ADVISORS, INC.	72096 RAMOS AVENUE	SUITE D	COVINGTON	LA	70433	13F HOLDINGS REPORT	028-20005	000109867	801-60334	N	
0001398344-25-020331	30-SEP-2025	N							HOWE & RUSLING INC	165 CULVER RD	SUITE 100	ROCHESTER	NY	14620	13F HOLDINGS REPORT	028-01563	000104627	801-294	N	
0002054476-25-000002	30-SEP-2025	N							Post Resch Tallon Group Inc.	1163 PITTSFORD-VICTOR RD	BUILDING 4, SUITE 240	PITTSFORD	NY	14534	13F HOLDINGS REPORT	028-24732	000156302	801-73147	N	
0001754960-25-000749	30-SEP-2025								Lokken Investment Group LLC	1413 SAVANNAH ROAD	SUITE 4	LEWES	DE	19958	13F HOLDINGS REPORT	028-20609			N	
0001482880-25-000003	30-SEP-2025	N							Savant Capital, LLC	190 BUCKLEY DRIVE		ROCKFORD	IL	61107	13F HOLDINGS REPORT	028-13912			N	
0001877829-25-000006	30-SEP-2025								Cherry Creek Investment Advisors, Inc.	68 INVERNESS LANE EAST #206		ENGLEWOOD	CO	80112	13F HOLDINGS REPORT	028-21331			N	
0001960749-25-000012	30-SEP-2025								Gallacher Capital Management LLC	10465 PARK MEADOWS DRIVE	#107	LONE TREE	CO	80124	13F HOLDINGS REPORT	028-22729	000113189	801-68279	N	
0001404763-25-000002	30-SEP-2025	N							J.W. COLE ADVISORS, INC.	4301 ANCHOR PLAZA PARKWAY	SUITE 450	TAMPA	FL	33634	13F HOLDINGS REPORT	028-19681	000112294	801-60722	N	
0001071061-25-000016	30-SEP-2025								HANTZ FINANCIAL SERVICES, INC.	26200 AMERICAN DRIVE	FIFTH FLOOR	SOUTHFIELD	MI	48034	13F HOLDINGS REPORT	028-22576			N	
0001754960-25-000752	31-MAR-2025								Fearless Solutions, LLC dba Best Invest	16118 VIA SHAVANO	SUITE 100	SAN ANTONIO	TX	78249	13F HOLDINGS REPORT	028-25816			N	
0001941040-25-000591	30-SEP-2025	N							Peregrine Asset Advisers, Inc.	9755 SW Barnes Rd Suite 610		Portland	OR	97225	13F HOLDINGS REPORT	028-14608	000115738	801-60608	N	
0001567889-25-000005	30-SEP-2025								Telos Capital Management, Inc.	13480 EVENING CREEK DRIVE NORTH	SUITE 250	SAN DIEGO	CA	92128	13F HOLDINGS REPORT	028-15179	000149108	801-69837	N	
0001398344-25-020324	30-SEP-2025	N							Ashton Thomas Private Wealth, LLC	8605 E. RAINTREE DRIVE	SUITE 280	SCOTTSDALE	AZ	85260	13F HOLDINGS REPORT	028-24069	000153902	801-71512	N	
0001172661-25-004581	30-SEP-2025	N							Valley Brook Capital Group, Inc.	538 Valley Brook Road	Suite 100	Venetia	PA	15367	13F HOLDINGS REPORT	028-21115	000122460	801-113710	N	
0001999925-25-000005	30-SEP-2025								Premier Path Wealth Partners, LLC	7 GIRALDA FARMS	SUITE 190	MADISON	NJ	07940	13F HOLDINGS REPORT	028-23504			N	
0001538383-25-000006	30-SEP-2025								Westside Investment Management, Inc.	2444 WILSHIRE BLVD STE 303		SANTA MONICA	CA	90403	13F HOLDINGS REPORT	028-18045			N	
0001801619-25-000006	30-SEP-2025								BELLEVUE ASSET MANAGEMENT, LLC	11400 SE 8TH STREET	SUITE 270	BELLEVUE	WA	98004	13F HOLDINGS REPORT	028-19980	000129194	801-62579	N	
0001593324-25-000009	30-SEP-2025								Penserra Capital Management LLC	4 ORINDA WAY	SUITE 100-A	ORINDA	CA	94563	13F COMBINATION REPORT	028-17117			N	
0002043186-25-000006	30-SEP-2025								SGL Investment Advisors, Inc.	283 W FRONT STREET	SUITE 302	MISSOULA	MT	59802	13F HOLDINGS REPORT	028-24503	000047511	8-51816	N	
0001921196-25-000006	30-SEP-2025								Strengthening Families & Communities, LLC	603 MASSACHUSETTS AVE	SUITE 200	BOSTON	MA	02118	13F HOLDINGS REPORT	028-22399	000282573	801-117778	N	
0000922439-25-000013	30-SEP-2025								HARTFORD INVESTMENT MANAGEMENT CO	ONE HARTFORD PLAZA	NP6	HARTFORD	CT	06155	13F HOLDINGS REPORT	028-06652			N	
0001172661-25-004578	30-SEP-2025	N							Elm Partners Management LLC	50 S 16th St.	Suite 1700	Philadelphia	PA	19102	13F HOLDINGS REPORT	028-18958	000167225	801-78018	N	
0002053756-25-000008	30-SEP-2025								Atala Financial Inc	23912 ASPEN WAY		CALABASAS	CA	91302	13F HOLDINGS REPORT	028-24847			N	
0001822587-25-000005	30-SEP-2025								Cornerstone Planning Group LLC	350 PASSAIC AVENUE, SUITE 201		FAIRFIELD	NJ	07004	13F HOLDINGS REPORT	028-23045			N	
0001053292-25-000007	30-SEP-2025								DROMS STRAUSS ADVISORS INC /MO/ /ADV	501 NORTH LINDBERGH BOULEVARD		ST. LOUIS	MO	63141	13F HOLDINGS REPORT	028-19451	000108620	801-55207	N	
0002039088-25-000008	30-SEP-2025								Compass Financial Services Inc	4801 WESTOWN PARKWAY		WEST DES MOINES	IA	50266	13F HOLDINGS REPORT	028-24639			N	
0001795173-25-000005	30-SEP-2025								Physician Wealth Advisors, Inc.	6820 SOUTH 900 EAST, SUITE 200		MIDVALE	UT	84047	13F HOLDINGS REPORT	028-19642			N	
0001398344-25-020310	30-SEP-2025	N							Wallace Hart LLC	1792 ALYSHEBA WAY	SUITE 390	LEXINGTON	KY	40509	13F HOLDINGS REPORT	028-24163	000285981	801-108930	N	
0001104659-25-106233	30-SEP-2025	N							Shakespeare Wealth Management, LLC	N22 W27847 EDGEWATER DR.	SUITE 101	PEWAUKEE	WI	53072	13F HOLDINGS REPORT	028-18885	000111950	801-92171	N	
0001104659-25-106232	30-SEP-2025	N							BROWN WEALTH MANAGEMENT, LLC	1700 PARK STREET	SUITE 106	NAPERVILLE	IL	60563	13F HOLDINGS REPORT	028-23327	000324695	801-127594	N	
0001193125-25-264422	30-SEP-2025	N							Allianz Asset Management GmbH	SEIDLSTRASSE 24-24A		MUNICH	2M	D-80335	13F HOLDINGS REPORT	028-15014			N	
0001911726-25-000007	30-SEP-2025								Raleigh Capital Management Inc.	117 EDINBURGH SOUTH DRIVE, SUITE 110		CARY	NC	27511	13F HOLDINGS REPORT	028-22260	000149538	801-121781	N	
0000860857-25-000003	30-SEP-2025								DELTA ASSET MANAGEMENT LLC/TN	700 COLONIAL ROAD	STE 220	MEMPHIS	TN	38117	13F HOLDINGS REPORT	028-02668			N	
0001929071-25-000002	30-SEP-2025	N							Finer Wealth Management, Inc.	530 LORING AVENUE	SUITE 302	SALEM	MA	01970	13F HOLDINGS REPORT	028-22554			N	
0002013703-25-000006	30-SEP-2025								Transcendent Capital Group LLC	1008 S BRYANT AVE STE 250		EDMOND	OK	73034	13F HOLDINGS REPORT	028-24001			N	
0001938970-25-000004	30-SEP-2025	N							Callan Family Office, LLC	201 KING OF PRUSSIA ROAD	SUITE 650	RADNOR	PA	19087	13F HOLDINGS REPORT	028-23141	000317446	801-122987	N	
0001062993-25-016443	30-SEP-2025	N							RAELIPSKIE PARTNERSHIP	20 ERB STREET WEST SUITE 201		WATERLOO	A6	N2L1T2	13F HOLDINGS REPORT	028-24192			N	
0002012034-25-000005	30-SEP-2025								Sollinda Capital Management LLC	200 FIRST AVE. NW	SUITE 303A	HICKORY	NC	28601	13F HOLDINGS REPORT	028-23829	000321742	801-127144	N	
0002045252-25-000006	30-SEP-2025								Lord & Richards Wealth Management, LLC	8744 KENDRICK CASTILLO WAY	STE 100	HIGHLANDS RANCH	CO	80129	13F HOLDINGS REPORT	028-24691			N	
0001376474-25-000901	30-SEP-2025								Parker Investment Management, LLC	PO Box 1088		Menlo Park	CA	94026-1088	13F HOLDINGS REPORT	028-17431			N	
0000716851-25-000006	30-SEP-2025	N							MONEY CONCEPTS CAPITAL CORP	11440 NORTH JOG ROAD		PALM BEACH GARDENS	FL	33418-3764	13F HOLDINGS REPORT	028-21255	000012963	801-39736	N	
0001104659-25-106156	30-SEP-2025	N							Atlantic Union Bankshares Corp	4300 Cox Road		Glen Allen	VA	23060	13F HOLDINGS REPORT	028-16124			N	
0002055363-25-000003	30-SEP-2025								Guerra Advisors Inc	6401 SW 87TH AVE.	STE. 119	MIAMI	FL	33173	13F HOLDINGS REPORT	028-25226			N	
0000714364-25-000008	30-SEP-2025								OGOREK ANTHONY JOSEPH /NY/ /ADV	6400 SHERIDAN DR. STE 132	SUITE 132	WILLIAMSVILLE	NY	14221	13F HOLDINGS REPORT	028-16473			N	
0002056697-25-000006	30-SEP-2025								Peak Retirement Planning, Inc.	3600 OLENTANGY RIVER RD	BUILDING 501	COLUMBUS	OH	43214	13F HOLDINGS REPORT	028-25389	000317592		N	
0001172661-25-004574	30-SEP-2025	N							MISSION WEALTH MANAGEMENT, LP	1111 Chapala Street	3rd Floor	Santa Barbara	CA	93101	13F HOLDINGS REPORT	028-16965	000113057	801-61230	N	
0001214659-25-015846	30-SEP-2025	N							Processus Wealth & Capital Management, LLC	1635 Valle Verde Drive		Brentwood	TN	37027	13F HOLDINGS REPORT	028-24004			N	
0000945621-25-001012	30-SEP-2025	N							AGF MANAGEMENT LTD	CIBC SQUARE, TOWER ONE	81 BAY STREET, SUITE 3900	TORONTO	A6	M5J 0G1	13F HOLDINGS REPORT	028-23074			N	
0001580642-25-006974	30-SEP-2025	N							Convergence Investment Partners, LLC	3801 PGA Blvd.	SUITE 1001	Palm Beach Gardens	FL	33410	13F HOLDINGS REPORT	028-13404			N	
0001104659-25-106118	30-SEP-2025	N							United Community Bank	200 E Camperdown Way		Greenville	SC	29601	13F HOLDINGS REPORT	028-23442			N	
0001895362-25-000011	30-SEP-2025								Badgley Phelps Wealth Managers, LLC	1420 FIFTH AVENUE	SUITE 3200	SEATTLE	WA	98101	13F HOLDINGS REPORT	028-21427	000315440	801-121830	N	
0002052970-25-000006	30-SEP-2025								Illumine Investment Management, LLC	19225 8TH AVE NE	STE 201-0902	POULSBO	WA	98370	13F HOLDINGS REPORT	028-24766			N	
0001962086-25-000007	30-SEP-2025								SP Asset Management LLC	20380 TOWN CENTER LANE, STE 205		CUPERTINO	CA	95014	13F HOLDINGS REPORT	028-22787	000323369	801-126698	N	
0001906799-25-000004	30-SEP-2025								Peterson Wealth Services	1523 E. SKYLINE DRIVE SUITE C		SOUTH OGDEN	UT	84405	13F HOLDINGS REPORT	028-21546			N	
0001800513-25-000008	30-SEP-2025								TSFG, LLC	1052 N WESTERN AVE		LAKE FOREST	IL	60045	13F HOLDINGS REPORT	028-19689			N	
0001398344-25-020294	30-SEP-2025	N							WOODMONT INVESTMENT COUNSEL LLC	3825 BEDFORD AVE	SUITE 202	NASHVILLE	TN	37215	13F HOLDINGS REPORT	028-06045	000109779	801-57961	N	
0001705819-25-000077	30-SEP-2025	N							Murphy, Middleton, Hinkle & Parker, Inc.	240 South Hansell St.		Thomasville	GA	31792	13F HOLDINGS REPORT	028-18328	000107861	801-43509	N	
0001166716-25-000007	30-SEP-2025								STRATEGY ASSET MANAGERS LLC	790 E. COLORADO BLVD	SUITE 200	PASADENA	CA	91101	13F HOLDINGS REPORT	028-10030	000109939	801-60049	N	
0002041220-25-000003	30-SEP-2025								Greykasell Wealth Strategies, Inc.	145 E. PROSPECT	SUITE 202	DANVILLE	CA	94526	13F HOLDINGS REPORT	028-24853			N	
0001193125-25-264057	30-SEP-2025	N							JONES FINANCIAL COMPANIES LLLP	12555 Manchester Road		DES PERES	MO	63131	13F HOLDINGS REPORT	028-14470			N	
0001482935-25-000006	30-SEP-2025								Van Cleef Asset Management,Inc	3201 ENTERPRISE PARKWAY	SUITE 140	BEACHWOOD	OH	44122	13F HOLDINGS REPORT	028-13694	000105768	801-32604	N	
0002012421-25-000010	30-SEP-2025								Pineridge Advisors LLC	1520 SOUTH 5TH STREET	SUITE 300	ST. CHARLES	MO	63303	13F HOLDINGS REPORT	028-23998			N	
0001965201-25-000004	30-SEP-2025								TFB Advisors LLC	4801 W 110TH ST	STE 200	OVERLAND PARK	KS	66211	13F HOLDINGS REPORT	028-23101			N	
0001999371-25-016817	30-SEP-2025	N							Essex Bank	176 WESTBROOK RD	SUITE 1	Essex	CT	06426	13F HOLDINGS REPORT	028-19005			N	
0001835206-25-000006	30-SEP-2025								Gimbal Financial	620 N. RANGELINE ROAD		CARMEL	IN	46032	13F HOLDINGS REPORT	028-23574	000159003	801-110875	N	
0002023168-25-000007	30-SEP-2025								Atlatl Advisers LLC	2921 LANDMARK PL SUITE 501		MADISON	WI	53713	13F HOLDINGS REPORT	028-24702	000284036	801-129418	N	
0001104659-25-106059	30-SEP-2025	N							Midwest Professional Planners, LTD.	2610 Stewart Ave	Suite 100	Wausau	WI	54401	13F HOLDINGS REPORT	028-18384	000112995	801-72649	N	
0001697300-25-000010	30-SEP-2025								Meridian Wealth Management, LLC	100 W. MAIN STREET, SUITE 450		LEXINGTON	KY	40507	13F HOLDINGS REPORT	028-17734	000151523	801-70676	N	
0001140361-25-040287	30-SEP-2025	N							OAKWORTH CAPITAL, INC.	850 SHADES CREEK PARKWAY		BIRMINGHAM	AL	35209	13F HOLDINGS REPORT	028-15704			N	
0002085853-25-000230	31-MAR-2025	N							Gibbs Wealth Management	3980 Old Milton Parkway		Alpharetta	GA	30005	13F HOLDINGS REPORT	028-25712			N	
0002085853-25-000229	31-DEC-2024	N							Gibbs Wealth Management	3980 Old Milton Parkway		Alpharetta	GA	30005	13F HOLDINGS REPORT	028-25712			N	
0001126328-25-000057	30-SEP-2025	N							PRINCIPAL FINANCIAL GROUP INC	711 HIGH STREET		DES MOINES	IA	50392	13F COMBINATION REPORT	028-10106			N	
0001811240-25-000006	30-SEP-2025								Souders Financial Advisors	5968 BRIDGETOWN ROAD		CINCINNATI	OH	45248	13F HOLDINGS REPORT	028-20245			N	
0001944755-25-000006	30-SEP-2025								Heritage Wealth Management, Inc.	9110 MONTGOMERY RD		CINCINNATI	OH	45242	13F HOLDINGS REPORT	028-24362	000312545	801-121624	N	
0001214659-25-015832	30-SEP-2025	N							Prostatis Group LLC	7580 BUCKINGHAM BLVD.	STE. 180	HANOVER	MD	21076	13F HOLDINGS REPORT	028-23163			N	
0001801467-25-000004	30-SEP-2025								AXS Investments LLC	181 WESTCHESTER AVE	SUITE 402	PORT CHESTER	NY	10573	13F HOLDINGS REPORT	028-21176			N	
0002054278-25-000005	30-SEP-2025								Chung Wu Investment Group, LLC	1415 LAKE POINTE PARKWAY		SUGAR LAND	TX	77478	13F HOLDINGS REPORT	028-24801			N	
0001114739-25-000006	30-SEP-2025								SENTINEL TRUST CO LBA	C/O SENTINEL TRUST CO	2001 KIRBY DR. #1210	HOUSTON	TX	77019	13F HOLDINGS REPORT	028-05787			N	
0000897069-25-001618	30-SEP-2025	N							Mediolanum International Funds Ltd	4TH FLOOR, THE EXCHANGE	GEORGE'S DOCK, I.F.S.C.	DUBLIN 1	L2	D01 P2V6	13F HOLDINGS REPORT	028-24094			N	
0001986152-25-000100	30-SEP-2025								Mutual Advisors, LLC	9140 W DODGE RD	SUITE 230	OMAHA	NE	68140	13F HOLDINGS REPORT	028-18374	000167658	801-78089	N	
0001986152-25-000099	30-SEP-2025								UPTICK PARTNERS, LLC	777 EAST AUSTIN ST.		NACOGDOCHES	TX	75965	13F HOLDINGS REPORT	028-23827	000324250	801-127235	N	
0001986152-25-000098	30-SEP-2025								RIK SAYLOR FINANCIAL, INC.	1241 NILLES ROAD		FAIRFIELD	OH	45014	13F HOLDINGS REPORT	028-24628	000165484	31-1618013	N	
0000933429-25-000028	30-SEP-2025								UMB Bank, n.a.	PO BOX 219716		Kansas City	MO	64121	13F HOLDINGS REPORT	028-03395			N	
0001172661-25-004566	30-SEP-2025	N							Frank, Rimerman Advisors LLC	1801 Page Mill road		Palo Alto	CA	94304	13F HOLDINGS REPORT	028-23252	000124147	801-62201	Y	The remainder of our 13F reportable holdings are reported through a sub-advisory relationship with Aperio Group.  Aperio is an indirect wholly-owned subsidiary of BlackRock, Inc..  Thus, Aperio's holdings are reported on BlackRock's quarterly 13F filings.
0001104659-25-106007	30-SEP-2025	N							Centric Wealth Management	333 W. WACKER DRIVE	6TH FLOOR	CHICAGO	IL	60606	13F HOLDINGS REPORT	028-19443	000133877	801-63837	N	
0001420506-25-002978	30-SEP-2025	N							Flaharty Asset Management, LLC	311 PARK PLACE BLVD	STE 150	CLEARWATER	FL	33759	13F HOLDINGS REPORT	028-17966			N	
0001104659-25-106002	30-SEP-2025	N							FORTEM FINANCIAL GROUP, LLC	44801 Village Court #201		Palm Desert	CA	92260	13F HOLDINGS REPORT	028-19346	000291662	801-112300	N	
0001104659-25-106000	30-SEP-2025	N							PAX Financial Group, LLC	270 N Loop 1604 E	Suite 200	San Antonio	TX	78232	13F HOLDINGS REPORT	028-20173	000284164	801-107918	N	
0001420506-25-002975	30-SEP-2025	N							Jacksonville Wealth Management, LLC	8075 GATE PARKWAY W	SUITE 101	JACKSONVILLE	FL	32216	13F HOLDINGS REPORT	028-24578	000309312	801-120427	N	
0001398344-25-020269	30-SEP-2025	N							Topsail Wealth Management, LLC	PO BOX 77105		CHARLOTTE	NC	28271	13F HOLDINGS REPORT	028-25200	000331098	801-130245	N	
0001487438-25-000005	30-SEP-2025								DONALDSON CAPITAL MANAGEMENT, LLC	20 NORTHWEST FIRST STREET	5TH FLOOR	EVANSVILLE	IN	47708	13F HOLDINGS REPORT	028-15535	000106131	801-48479	N	
0001172661-25-004564	30-SEP-2025	N							Martin Investment Management, LLC	2000 PGA BLVD	SUITE 4440	PALM BEACH GARDENS	FL	33408	13F HOLDINGS REPORT	028-14087	000105381	801-32896	N	
0001172661-25-004563	30-SEP-2025	N							Lee Financial Co	8350 N. Central Expressway	Suite 1800	Dallas	TX	75206	13F HOLDINGS REPORT	028-17878	000105910	801-10722	N	
0001062993-25-016436	30-SEP-2025	N							Independent Advisor Alliance	11215 N. COMMUNITY HOUSE ROAD	SUITE 775	CHARLOTTE	NC	28277	13F HOLDINGS REPORT	028-17950			N	
0002056691-25-000006	30-SEP-2025								Fourth Dimension Wealth, LLC	16600 SPRAGUE ROAD	SUITE 450	MIDDLEBURG HEIGHTS	OH	44130	13F HOLDINGS REPORT	028-25361	000306703	801-127881	N	
0001776082-25-000008	30-SEP-2025								TRANSCEND CAPITAL ADVISORS, LLC	7 GIRALDA FARMS	SUITE 300	MADISON	NJ	07940	13F HOLDINGS REPORT	028-20168	000299723	801-114435	N	
0000046392-25-000008	30-SEP-2025								HAZLETT, BURT & WATSON, INC.	1300 CHAPLINE STREET		WHEELING	WV	26003	13F HOLDINGS REPORT	028-22456	000000396		N	
0001193125-25-263690	30-SEP-2025	N							Thrivent Financial for Lutherans	901 Marquette Avenue	Suite 2500	Minneapolis	MN	55402-3211	13F HOLDINGS REPORT	028-00545	000115785	801-60701	N	
0002085853-25-000224	30-SEP-2025	N							Victrix Investment Advisors	823 Se Osceola St		Stuart	FL	34994	13F HOLDINGS REPORT	028-25228			N	
0002085853-25-000221	30-SEP-2025	N							Columbia Asset Management	924 North Main Street	Suite 1	Ann Arbor	MI	48104	13F HOLDINGS REPORT	028-15791	000124174	801-62115	N	
0002085853-25-000219	30-SEP-2025	N							Centerpoint Advisory Group	7450 W. 130th Street, Suite 410		Overland Park	KS	66213	13F HOLDINGS REPORT	028-24688			N	
0001951757-25-001268	30-SEP-2025								Tyche Wealth Partners LLC	5700 GRANITE PARKWAY	330	PLANO	TX	75024	13F HOLDINGS REPORT	028-23553			N	
0002085853-25-000218	30-SEP-2025	N							Everhart Financial Group, Inc.	5200 Rings Road		Dublin	OH	43017	13F HOLDINGS REPORT	028-21127	000107091	801-50786	N	
0001951757-25-001267	30-SEP-2025								Arcadia Wealth Management, Inc.	10 EDGEWOOD AVENUE		SMITHTOWN	NY	11787	13F HOLDINGS REPORT	028-25439			N	
0001214659-25-015817	30-SEP-2025	N							L.M. KOHN & COMPANY	10151 CARVER RD.	SUITE 100	CINCINNATI	OH	45242	13F HOLDINGS REPORT	028-22550			N	
0001089877-25-000084	30-SEP-2025								KEYBANK NATIONAL ASSOCIATION/OH	OH-01-49-0303	4900 TIEDEMAN ROAD	BROOKLYN	OH	44144	13F HOLDINGS REPORT	028-06343			N	
0001754960-25-000747	30-SEP-2025								Werba Rubin Papier Wealth Management	1732 N 1ST STREET	SUITE 220	SAN JOSE	CA	95112	13F HOLDINGS REPORT	028-23165			N	
0001989834-25-000007	30-SEP-2025								HOGE FINANCIAL SERVICES, LLC	400 SOUTHPOINTE BLVD.	PLAZA ONE, SUITE 420	CANONSBURG	PA	15317	13F HOLDINGS REPORT	028-23662	000148209	801-69665	N	
0001807283-25-000007	30-SEP-2025								High Note Wealth, LLC	18258 MINNETONKA BOULEVARD	SUITE 200	DEEPHAVEN	MN	55391-3359	13F HOLDINGS REPORT	028-20506	000305768	801-117495	N	
0001808163-25-000011	30-SEP-2025								Zeit Capital LLC	4950 S YOSEMITE ST.	STE F2, PMB #311	GREENWOOD VILLAGE	CO	80111	13F HOLDINGS REPORT	028-20518	000150149	801-121663	N	
0001700481-25-000005	30-SEP-2025	N							Bryn Mawr Trust Advisors, LLC	1818 Market Street	22nd Floor	PHILADELPHIA	PA	19103	13F COMBINATION REPORT	028-18001	000285359	801-108434	Y	On June 30, 2025, BMTA changed its legal name and business name from Bryn Mawr Capital Management, LLC to Bryn Mawr Trust Advisors, LLC. This name change is reflected throughout the entire document.
0001814234-25-000003	30-SEP-2025	N							Atlas Private Wealth Advisors	14 CLIFFWOOD AVENUE	SUITE 250	MATAWAN	NJ	07747	13F HOLDINGS REPORT	028-20328	000283744	801-107919	N	
0001754960-25-000748	30-SEP-2025								Privium Fund Management B.V.	GUSTAV MAHLERPLEIN 3		AMSTERDAM	P7	1082 MS	13F HOLDINGS REPORT	028-21695			N	
0002079687-25-000005	30-SEP-2025								WINNOW WEALTH LLC	200 W HWY 6	STE 330	WACO	TX	76712	13F HOLDINGS REPORT	028-25701			N	
0001974438-25-000005	30-SEP-2025	N							OneAscent Investment Solutions LLC	23 INVERNESS CENTER PARKWAY		BIRMINGHAM	AL	35242	13F HOLDINGS REPORT	028-25568			N	
0000105495-25-000002	30-SEP-2025	N							WELCH & FORBES LLC	45 SCHOOL STREET		Boston	MA	02108	13F HOLDINGS REPORT	028-00262	000115119	801-60532	N	
0001965078-25-000002	30-SEP-2025	N							Core Wealth Partners LLC	576 B STREET, SUITE 2G		SANTA ROSA	CA	95401	13F HOLDINGS REPORT	028-22951	000322365	801-126601	N	
0001484265-25-000003	30-SEP-2025	N							McKinley Carter Wealth Services, Inc.	2100 MARKET STREET		WHEELING	WV	26003	13F HOLDINGS REPORT	028-13853	000135184	801-64584	N	
0001733173-25-000002	30-SEP-2025	N							Howard Capital Management Inc.	1145 HEMBREE RD.		ROSWELL	GA	30076	13F HOLDINGS REPORT	028-18796	000118070	801-69763	N	
0001674117-25-000003	30-SEP-2025	N							Cornerstone Wealth Management, LLC	7417 MEXICO RD. #104		ST. PETERS	MO	63376	13F HOLDINGS REPORT	028-17458			N	
0001608046-25-000018	30-SEP-2025								National Pension Service	180,GIJI-RO,DEOKJIN-GU		JEONJU-SI, JEOLLABUK-DO	M5	54870	13F HOLDINGS REPORT	028-16287			N	
0001140361-25-040228	30-SEP-2025	N							AlphaQuest LLC	110 EAST 59TH STREET	36TH FLOOR	New York	NY	10022	13F HOLDINGS REPORT	028-23668			N	
0001580642-25-006952	30-SEP-2025	N							TOWNSQUARE CAPITAL LLC	TRAVERSE RIDGE CENTER II	3450 TRIUMPH BLVD	LEHI	UT	84043	13F COMBINATION REPORT	028-19141	000288576	801-110591	N	
0000897069-25-001611	30-SEP-2025	N							ARIZONA STATE RETIREMENT SYSTEM	3300 NORTH CENTRAL AVENUE	14TH FLOOR	PHOENIX	AZ	85012	13F HOLDINGS REPORT	028-15059			N	
0001962615-25-000006	30-SEP-2025								Trifecta Capital Advisors, LLC	400 SKOKIE BLVD, SUITE 455		NORTHBROOK	IL	60062	13F HOLDINGS REPORT	028-22731			N	
0002053348-25-000006	30-SEP-2025								IFC Advisors LLC	11601 WILSHIRE BLVD.	SUITE 1725	LOS ANGELES	CA	90025	13F HOLDINGS REPORT	028-25314	000332157	801-130735	N	
0001893143-25-000003	30-SEP-2025								Atlantic Private Wealth, LLC	308 WEST ROSEMARY STREET	SUITE 301	CHAPEL HILL	NC	27516	13F HOLDINGS REPORT	028-21457			N	
0001688666-25-000009	30-SEP-2025								Knights of Columbus Asset Advisors LLC	1 COLUMBUS PLAZA		NEW HAVEN	CT	06510	13F COMBINATION REPORT	028-17560	000174129	028-17560	N	
0001649339-25-000007	30-SEP-2025	N							Scion Asset Management, LLC	20665 4th Street	Suite 201	Saratoga	CA	95070	13F HOLDINGS REPORT	028-17276	000167772	801-113529	N	
0001034886-25-000013	30-SEP-2025								PITTENGER & ANDERSON INC	5533 SOUTH 27TH	SUITE 201	LINCOLN	NE	68512	13F HOLDINGS REPORT	028-06252			N	
0001398344-25-020214	30-SEP-2025	N							SYM FINANCIAL Corp	801 PARK AVE		WINONA LAKE	IN	46590	13F HOLDINGS REPORT	028-18543	000107517	801-23944	N	
0001426851-25-000010	30-SEP-2025								Argent Advisors, Inc.	1609 STUBBS AVENUE		MONROE	LA	71201	13F HOLDINGS REPORT	028-20066	112028112	801-60187	N	
0001984555-25-000006	30-SEP-2025								Impact Partnership Wealth, LLC	1688 WHITE CIRCLE NW		MARIETTA	GA	30066	13F COMBINATION REPORT	028-23300			N	
0001172661-25-004557	30-SEP-2025	N							Cypress Capital Group	251 Royal Palm Way	Suite 500	Palm Beach	FL	33480	13F HOLDINGS REPORT	028-11820	000121923	801-61733	N	
0001936603-25-000003	30-SEP-2025								Ritter Daniher Financial Advisory LLC / DE	7661 BEECHMONT AVENUE	SUITE 200	CINCINNATI	OH	45255	13F HOLDINGS REPORT	028-22602			N	
0001580830-25-000008	30-SEP-2025								Alpha Cubed Investments, LLC	1124 BRISTOL ST.		COSTA MESA	CA	92626	13F HOLDINGS REPORT	028-16098	000159347	801-77372	N	
0002045414-25-000003	30-SEP-2025								Pandora Wealth, Inc.	1 MID AMERICA PLAZA	FLOOR 3	OAKBROOK TERRACE	IL	60181	13F HOLDINGS REPORT	028-25559	000331816	801-130622	N	
0001697953-25-000008	30-SEP-2025								Summit Global Investments	620 S. MAIN STREET		BOUNTIFUL	UT	84010	13F HOLDINGS REPORT	028-17937	000157091		N	
0001398344-25-020204	30-SEP-2025	N							MTM Investment Management, LLC	812 EAST MAIN STREET		SPARTANBURG	SC	29302	13F HOLDINGS REPORT	028-20468	000297500	801-113650	N	
0001776033-25-000009	30-SEP-2025								Golden State Wealth Management, LLC	201 E. SANDPOINTE AVE	#460	SANTA ANA	CA	92707	13F HOLDINGS REPORT	028-19519			N	
0001743404-25-000008	30-SEP-2025	N							Foundations Investment Advisors, LLC	4050 E. COTTON CENTER BLVD.	SUITE 40	PHOENIX	AZ	85040	13F HOLDINGS REPORT	028-18893	000175083	801-100512	N	
0002060492-25-000004	30-SEP-2025								Cloud Capital Management, LLC	450 ALASKAN WAY S.	SUITE 200	SEATTLE	WA	98104	13F HOLDINGS REPORT	028-25518			N	
0001161722-25-000011	30-SEP-2025								HOLLENCREST CAPITAL MANAGEMENT	100 BAYVIEW CIRCLE, SUITE 500		NEWPORT BEACH	CA	92660	13F HOLDINGS REPORT	028-06753	000046217	801-55904	N	
0001172661-25-004551	30-SEP-2025	N							Strategic Advisors LLC	1776 Broadway	Suite 1900	New York	NY	10019	13F HOLDINGS REPORT	028-15246	000125882	801-64228	N	
0001799719-25-000007	30-SEP-2025								Paragon Advisors, LLC	215 ROCK PRAIRIE RD.		COLLEGE STATION	TX	77845	13F HOLDINGS REPORT	028-19654	000143721	801-67813	N	
0001731837-25-000008	30-SEP-2025								GPS Wealth Strategies Group, LLC	6484 SOUTH QUEBEC STREET		CENTENNIAL	CO	80111	13F HOLDINGS REPORT	028-20575			N	
0001798686-25-000007	30-SEP-2025								Kapitalo Investimentos Ltda	AVENIDA BRIGADEIRO FARIA LIMA, 3144	11TH FLOOR	SAO PAULO	D5	01451-000	13F HOLDINGS REPORT	028-24037			N	
0002009591-25-000003	30-SEP-2025								Tidemark, LLC	5405 MOREHOUSE DR.	SUITE 345	SAN DIEGO	CA	92121	13F HOLDINGS REPORT	028-23679	000327611	801-128758	N	
0001697723-25-000007	30-SEP-2025								AE Wealth Management LLC	2950 SW MCCLURE RD.	SUITE B	TOPEKA	KS	66614	13F COMBINATION REPORT	028-17779			N	
0001162044-25-001133	30-SEP-2025	N							Archer Investment Corp	11711 N. COLLEGE Avenue	# 200	Carmel	IN	46032	13F HOLDINGS REPORT	028-20171	000136403		N	
0001420506-25-002968	30-SEP-2025	N							Addison Capital Co	20 Ash Street	Suite 330	Conshohocken	PA	19428	13F HOLDINGS REPORT	028-15672	000144853	801-68352	N	
0002023325-25-000006	30-SEP-2025								LRI Investments, LLC	3825 PGA BOULEVARD	SUITE 303	PALM BEACH GARDENS	FL	33410	13F HOLDINGS REPORT	028-24148	000323556	801-127277	N	
0001997602-25-000006	30-SEP-2025								Financial Security Advisor, Inc.	477 VIKING DRIVE	SUITE 305	VIRGINIA BEACH	VA	23452	13F HOLDINGS REPORT	028-23426		028-23426	N	
0001883006-25-000003	30-SEP-2025								Private Wealth Asset Management, LLC	411 6TH AVENUE SE	STE. 360	CEDAR RAPIDS	IA	52401	13F HOLDINGS REPORT	028-25592			N	
0001883134-25-000008	30-SEP-2025								Activest Wealth Management	20900 NE 30TH AVENUE	SUITE 311	AVENTURA	FL	33180	13F HOLDINGS REPORT	028-21369	000156150	801-113430	N	
0001078013-25-000008	30-SEP-2025								GREAT LAKES ADVISORS, LLC	231 S. LASALLE STREET	4TH FLOOR	CHICAGO	IL	60604	13F HOLDINGS REPORT	028-05229	000110757	801-16937	N	
0001962755-25-000002	30-SEP-2025								FIDELIS CAPITAL PARTNERS, LLC	4221 W BOY SCOUT BLVD	STE 730	TAMPA	FL	33607-5765	13F HOLDINGS REPORT	028-22747			N	
0001172661-25-004544	30-JUN-2025	Y	1	RESTATEMENT	N				C2P Capital Advisory Group, LLC d.b.a. Prosperity Capital Advisors	30400 Detroit Road, Suite 201		Westlake	OH	44145	13F HOLDINGS REPORT	028-23072	000156480	801-72187	N	
0001398344-25-020169	30-SEP-2025	N							one8zero8, LLC	5 CORPORATE CENTER CT	SUITE 100	GREENSBORO	NC	27408	13F HOLDINGS REPORT	028-24852	000332702	801-131397	N	
0001802224-25-000012	30-SEP-2025								JSF Financial, LLC	6300 WILSHIRE BOULEVARD	SUITE 2100	LOS ANGELES	CA	90048	13F HOLDINGS REPORT	028-19902	000114025	801-71250	N	
0001725547-25-004216	30-SEP-2025	N							Coastal Bridge Advisors, LLC	54 WILTON ROAD, 1ST FLOOR		WESTPORT	CT	06880	13F HOLDINGS REPORT	028-17126	000152569	801-70943	N	
0001172661-25-004543	30-SEP-2025	N							Traynor Capital Management, Inc.	418 E King Street		Malvern	PA	19355	13F HOLDINGS REPORT	028-17267	000138881	801-78760	N	
0001594492-25-000007	30-SEP-2025								Field & Main Bank	140 N MAIN STREET	PO BOX 5	HENDERSON	KY	42419	13F HOLDINGS REPORT	028-15884			N	
0001694164-25-000013	30-SEP-2025								AustralianSuper Pty Ltd	LEVEL 30	130 LONSDALE STREET	MELBOURNE	C3	3000	13F HOLDINGS REPORT	028-18188			N	
0000905148-25-003736	30-SEP-2025	N							Mirae Asset Global Investments Co., Ltd.	TOWER 1, 33, JONG-RO JONGNO-GU		SEOUL	M5	03159	13F COMBINATION REPORT	028-15178			N	
0001998414-25-000002	30-SEP-2025								Annis Gardner Whiting Capital Advisors, LLC	511 W. BAY ST.	SUITE 310	TAMPA	FL	33606	13F HOLDINGS REPORT	028-23427			N	
0000810265-25-000025	30-SEP-2025								NEW YORK STATE COMMON RETIREMENT FUND	OFFICE OF THE STATE COMPTROLLER	14TH FLOOR, 110 STATE STREET	ALBANY	NY	12236	13F HOLDINGS REPORT	028-01892			N	
0002052595-25-000070	30-SEP-2025	N							TD Waterhouse Canada Inc.	66 WELLINGTON STREET WEST	15TH FLOOR, TD TOWER	TORONTO	A6	M5K 1A2	13F HOLDINGS REPORT	028-23436			N	
0001759578-25-000015	30-SEP-2025								Crumly & Associates Inc.	214 SOUTH GRAND AVE WEST		SPRINGFIELD	IL	62704	13F HOLDINGS REPORT	028-19832	000168998	801-81175	N	
0001390777-25-000160	30-SEP-2025								Bank of New York Mellon Corp	240 GREENWICH STREET		NEW YORK	NY	10286	13F COMBINATION REPORT	028-12592			N	
0001172661-25-004541	30-SEP-2025	N							Ballentine Partners, LLC	230 3rd Avenue	6th Floor	Waltham	MA	02451	13F HOLDINGS REPORT	028-12011	000152802	801-71062	N	
0001989672-25-000006	30-SEP-2025								RAM Investment Partners, LLC	10655 NE 4TH STREET	SUITE 500	BELLEVUE	WA	98004	13F COMBINATION REPORT	028-23354	000161077	801-73301	N	
0001172661-25-004538	30-SEP-2025	N							Rockline Wealth Management, LLC	2701 Sunrise Hwy		Islip Terrace	NY	11752	13F HOLDINGS REPORT	028-23503	000324004	801-127867	N	
0001722641-25-000007	30-SEP-2025								Valeo Financial Advisors, LLC	10 W CARMEL DRIVE, STE 400		CARMEL	IN	46032	13F HOLDINGS REPORT	028-18177	000127132	801-66402	N	
0001633896-25-000006	30-SEP-2025								Cypress Capital Management LLC (WY)	PO BOX J		SHERIDAN	WY	82801	13F HOLDINGS REPORT	028-16730			N	
0001214659-25-015751	30-SEP-2025	N							American Institute for Advanced Investment Management, LLP	7337 E Doubletree Ranch Rd. Ste 195		Scottsdale	AZ	85258	13F HOLDINGS REPORT	028-20209			N	
0001623632-25-001496	30-SEP-2025	N							FEDERATED HERMES, INC.	1001 LIBERTY AVENUE		PITTSBURGH	PA	15222	13F HOLDINGS REPORT	028-04375			Y	Federated Hermes, Inc.(Federated Hermes) is affiliated with the institutional investment managerslisted on the summary page of this Form 13F in the manner described below.By virtue of Rule 13F-1(b) under the Securities Exchange Act of 1934, Federated Hermes is deemed to share investmentdiscretion over all investments reported herein.This filing does not constitute an admission that suchinvestment discretion does in fact exist, but is made solely to comply with applicable law.Theinformation set forth below is numbered to correspond with the names of the other parties withrespect to which this schedule is filed as listed at the bottom of the cover page hereof: 1.FederatedInvestment Counseling (FIC) is an Investment Adviser to certain Federated Funds, FederatedInternational Funds, PLC, Federated Unit Trust, and certain private investment accounts.FIC is awholly-owned subsidiary of Federated Hermes.Federated Hermes exercises investment discretionover certain investments as reported by FIC.FIC exercises investment discretion over theinvestments identified with the number 1 under Item 7 in the attached tables.This filing is made onbehalf of FIC with respect to all investments over which it exercises investmentdiscretion.2.Federated Investment Management Company (FIM) is the Investment Adviser to certainFederated Funds.FIM is a wholly-owned subsidiary of Federated Hermes.Subject to guidelinesestablished by the Boards of Trustees or Directors of the aforementioned Funds, FIM exercisesinvestment discretion over the investments identified with the number 2 under Item 7 in the attachedtables.This filing is made on behalf of FIM with respect to all investments over which it exercisesinvestment discretion.8.Federated Advisory Services Company (FASC) is an Investment Adviser thatprovides investment advice and other services to related advisers.9.Federated Equity ManagementCompany of Pennsylvania (FEMCOPA) is the Investment Adviser to certain FederatedFunds.FEMCOPA is a wholly-owned subsidiary of Federated Hermes.Subject to guidelinesestablished by the Boards of Trustees or Directors of the aforementioned Funds, FEMCOPAexercises investment discretion over the investments identified with the number 9 under Item 7 in theattached tables.This filing is made on behalf of FEMCOPA with respect to all investments over whichit exercises investment discretion.21.Federated Global Investment Management Corp.(Global) is theInvestment Adviser to certain Federated Funds and certain private investment accounts.Global is awholly-owned subsidiary of Federated Hermes.Subject to guidelines established by the Board ofTrustees or Directors of the aforementioned Funds, Global exercises investment discretion over theinvestments identified with the number 21 under Item 7 in the attached tables.This filing is made onbehalf of Global with respect to all investments over which it exercises investmentdiscretion.22.Federated MDT Advisers (MDT) is the Investment Adviser to certain Federated Fundsand certain private investment accounts.MDT is a wholly-owned subsidiary of FederatedHermes.Subject to guidelines established by the Boards of Trustees or Directors of theaforementioned Funds, MDT exercises investment discretion over the investments identified with thenumber 22 under Item 7 in the attached tables.This filing is made on behalf of MDT with respect toall investments over which it exercises investment discretion.23.Hermes Investment ManagementLimited (HIML) is the Investment Adviser to certain registered and non-registered funds and privateinvestment accounts.HIML is a wholly-owned subsidiary of Federated Hermes Limited (formerlyHermes Fund Managers Limited), which Federated Hermes indirectly owns a 100% interest.HIMLexercises investment discretion over certain investments identified with number 23.This filing ismade on behalf of HIML with respect to some investments over which it exercises investmentdiscretion.
0001172661-25-004531	30-SEP-2025	N							HOWARD WEALTH MANAGEMENT, LLC	7 Madison Avenue		Madison	CT	06443	13F HOLDINGS REPORT	028-19748	000299052	801-114237	N	
0001214659-25-015748	30-SEP-2025	N							Stonehage Fleming Financial Services Holdings Ltd	2 The Forum, Grenville Street		St. Helier	Y9	JE1 4HH	13F HOLDINGS REPORT	028-19583			N	
0000092230-25-000158	30-SEP-2025								TRUIST FINANCIAL CORP	214 NORTH TRYON STREET		CHARLOTTE	NC	28202	13F HOLDINGS REPORT	028-03501			N	
0001951757-25-001265	30-SEP-2025								ADAMSBROWN WEALTH CONSULTANTS LLC	358 N MAIN STREET	SUITE 100	WICHITA	KS	67202	13F HOLDINGS REPORT	028-22279			N	
0001398344-25-020156	30-SEP-2025	N							EPG Wealth Management LLC	309 EAST PACES FERRY RD NE	STE 900	ATLANTA	GA	30305	13F HOLDINGS REPORT	028-20045	000302075	801-116719	N	
0001951757-25-001264	30-SEP-2025								NOVARE CAPITAL MANAGEMENT LLC	521 EAST MOREHEAD STREET	SUITE 510	CHARLOTTE	NC	28202	13F HOLDINGS REPORT	028-12095			N	
0001951757-25-001260	30-SEP-2025								Inman Jager Wealth Management, LLC	140 MAYFAIR ROAD	SUITE 1000	HATTIESBURG	MS	39402	13F HOLDINGS REPORT	028-24623			N	
0001951757-25-001259	30-SEP-2025								AGP FRANKLIN, LLC	3326 ASPEN GROVE DRIVE	SUITE 602	FRANKLIN	TN	37067	13F HOLDINGS REPORT	028-25085			N	
0001456228-25-000008	30-SEP-2025								DekaBank Deutsche Girozentrale	GROSSE GALLUSSTRASSE 16		FRANKFURT	2M	60315	13F HOLDINGS REPORT	028-13421			N	
0001376474-25-000888	30-SEP-2025								Core Alternative Capital	3930 EAST JONES BRIDGE ROAD, SUITE 380		PEACHTREE CORNERS	GA	30092	13F HOLDINGS REPORT	028-20295			N	
0001951757-25-001250	30-SEP-2025								Principle Wealth Partners LLC	670 BOSTON POSTROAD		MADISON	CT	06443	13F HOLDINGS REPORT	028-19590			N	
0002061010-25-000002	30-SEP-2025	N							AGH Wealth Advisors, LLC	301 N. Main Street	Suite 1700	Wichita	KS	67202	13F HOLDINGS REPORT	028-25480	000146796	801-69091	N	
0001951757-25-001247	30-SEP-2025								Stablepoint Partners, LLC	45 BRAINTREE HILL PARK	SUITE #402	BRAINTREE	MA	02184	13F HOLDINGS REPORT	028-23690			N	
0001890222-25-000008	30-SEP-2025								J. Safra Sarasin Holding AG	WALLSTRASSE 1		BASEL	V8	4002	13F COMBINATION REPORT	028-24245			N	
0001951757-25-001244	30-SEP-2025								Investment Advisory Group, LLC	51 MILL STREET	BUILDING D, SUITE 101	HANOVER	MA	02339	13F HOLDINGS REPORT	028-21817			N	
0001951757-25-001243	30-SEP-2025								One Wealth Advisors, LLC	766 VALENCIA STREET	2ND FLOOR	SAN FRANCISCO	CA	94110	13F HOLDINGS REPORT	028-18550			N	
0001951757-25-001242	30-SEP-2025								WEALTHSPAN PARTNERS, LLC	5025 UTICA RIDGE RD	SUITE 101	DAVENPORT	IA	52807	13F HOLDINGS REPORT	028-22220			N	
0001178913-25-003635	30-SEP-2025	N							Phoenix Financial Ltd.	53 Derech Ha'shalom St.		Givatayim	L3	53454	13F HOLDINGS REPORT	028-18650			Y	"The securities reported herein are beneficially owned by Phoenix Financial Ltd. (the ""Phoenix"") or various direct or indirect, majority or wholly-owned subsidiaries of the Phoenix (the ""Subsidiaries""), including The Phoenix Investments House Ltd. (""Phoenix Investments House"") and Phoenix Investments House's subsidiary, Ksm Mutual Funds Ltd.. The Subsidiaries manage their own funds and/or the funds of others, including for holders of exchange-traded funds or various insurance policies, members of pension or provident funds, unit holders of mutual funds, and portfolio management clients. The Phoenix and each of the Subsidiaries operates under independent management and makes its own independent voting and investment decisions.  Neither the filing of this Form 13F nor any of its contents shall be deemed to constitute an admission by either persons filing this Form 13F or by any of the Subsidiaries that a group exists for purposes of Section 13(d) of the Securities Exchange Act of 1934 or for any other purpose, and each reporting person disclaims the existence of any such group. In addition, each of the persons filing this Form 13F and the Subsidiaries disclaims any beneficial ownership of the securities covered by this report in excess of their actual pecuniary interest therein.  This Statement shall not be construed as an admission by the persons filing this Form 13F or by the Subsidiaries that they are the beneficial owners of any of the Ordinary Shares covered by this Form 13F, and each of the persons filing this Form 13F and the Subsidiaries disclaims beneficial ownership of any such Ordinary Shares. Per informal guidance received from the Division of Investment Management, section 13(f) securities that are dual listed on a U.S. stock exchange and the Tel Aviv Stock Exchange were included in this Form 13F only if they were purchased in the U.S."
0001951757-25-001237	30-SEP-2025								YARGER WEALTH STRATEGIES, LLC	140 DORCHESTER SQUARE S.	SUITE B	WESTERVILLE	OH	43081	13F HOLDINGS REPORT	028-22217			N	
0001951757-25-001236	30-SEP-2025								BARLOW WEALTH PARTNERS, INC.	3700 BROWNSBORO ROAD		LOUISVILLE	KY	40207	13F HOLDINGS REPORT	028-23613			N	
0001951757-25-001235	30-SEP-2025								CCG WEALTH MANAGEMENT, LLC	12255 EL CAMINO REAL	SUITE 125	SAN DIEGO	CA	92130	13F HOLDINGS REPORT	028-19488			N	
0001951757-25-001234	30-SEP-2025								Stonegate Investment Group, LLC	2005 STONEGATE TRAIL	SUITE 101	BIRMINGHAM	AL	35242	13F HOLDINGS REPORT	028-21778			N	
0001951757-25-001232	30-SEP-2025								CFM WEALTH PARTNERS LLC	3500 JEFFERSON STREET	SUITE 315	AUSTIN	TX	78731	13F HOLDINGS REPORT	028-19713			N	
0001951757-25-001231	30-SEP-2025								Clarendon Private LLC	131 CLARENDON STREET	4TH FLOOR	BOSTON	MA	02116	13F HOLDINGS REPORT	028-24582			N	
0001951757-25-001230	30-SEP-2025								Northstar Advisory Group, LLC	1555 ZION ROAD		NORTHFIELD	NJ	08225	13F HOLDINGS REPORT	028-20433			N	
0001172661-25-004529	30-SEP-2025	N							Paragon Private Wealth Management, LLC	300 W. Vine Street, Suite 2201		Lexington	KY	40507	13F HOLDINGS REPORT	028-22430	000312817	801-120682	N	
0001172661-25-004528	30-SEP-2025	N							EFG Asset Management (North America) Corp.	1211 Sw Fifth Avenue	Suite 2840	Portland	OR	97204	13F HOLDINGS REPORT	028-22292	000313103	801-120586	N	
0002085853-25-000217	30-SEP-2025	N							Alta Wealth Advisors LLC	400 Tradecenter Drive, Suite 4810		Woburn	MA	01801	13F HOLDINGS REPORT	028-20599	000293675	801-112848	N	
0002085853-25-000216	30-SEP-2025	N							Triton Financial Group Inc	14614 Bogert Pkwy		Oklahoma City	OK	73134	13F HOLDINGS REPORT	028-20478	000309294	801-119672	N	
0002085853-25-000214	30-SEP-2025	N							KPP Advisory Services LLC	9300 Shelbyville Rd.	Suite 1310	Louisville	KY	40222	13F HOLDINGS REPORT	028-23440	000289507	801-111709	N	
0002085853-25-000211	30-SEP-2025	N							Straight Path Wealth Management	7699 Georgetown Center Dr		Jenison	MI	49428	13F HOLDINGS REPORT	028-21497	000148897	801-120307	N	
0002012674-25-000009	30-SEP-2025								Pilgrim Partners Asia Pte Ltd	137, TELOK AYER STREET	#04-07	SINGAPORE	U0	068602	13F HOLDINGS REPORT	028-25006	000299450	802-114585	N	
0001721242-25-000007	30-SEP-2025								Belpointe Asset Management LLC	500 DAMONTE RANCH, PARKWAY BUILDING 700	UNIT 700	RENO	NV	89521	13F HOLDINGS REPORT	028-18182	000143440	801-69329	N	
0001727336-25-000006	30-SEP-2025								First Command Advisory Services, Inc.	1 FIRSTCOMM PLAZA		FORT WORTH	TX	76132	13F HOLDINGS REPORT	028-18603			N	
0000904454-25-000547	30-SEP-2025	N							Alta Advisers Ltd	ELSLEY HOUSE	24-30 GREAT TITCHFIELD STREET	LONDON	X0	W1W 8BF	13F HOLDINGS REPORT	028-14709			N	
0002085853-25-000210	30-SEP-2025	N							NWF Advisory Services Inc.	11835 W. Olympic Blvd.	#1155 E.	Los Angeles	CA	90064	13F HOLDINGS REPORT	028-25587			N	
0001104659-25-104935	30-SEP-2025	N							Bank of Jackson Hole Trust	990 West Broadway	Suite 200	Jackson	WY	83001	13F HOLDINGS REPORT	028-24700			N	
0001056859-25-000005	30-SEP-2025								CHILTON CAPITAL MANAGEMENT LLC	1177 WEST LOOP SOUTH	SUITE 1750	HOUSTON	TX	77027-9062	13F HOLDINGS REPORT	028-03569			N	
0001959790-25-000007	30-SEP-2025								Fortis Capital Advisors, LLC	7301 MISSION ROAD	SUITE 326	PRAIRIE VILLAGE	KS	66208	13F HOLDINGS REPORT	028-23063	000309709	801-119354	N	
0001725547-25-004212	30-SEP-2025								POINCIANA ADVISORS GROUP, LLC	3300 PGA BOULEVARD	SUITE 200	PALM BEACH GARDENS	FL	33410	13F HOLDINGS REPORT	028-24850	000137423	801-118568	N	
0001977723-25-000006	30-SEP-2025								National Wealth Management Group, LLC	11260 CHESTER ROAD	SUITE 250	CINCINNATI	OH	45246	13F HOLDINGS REPORT	028-23267	000174883	801-80983	N	
0001976010-25-000009	30-SEP-2025								INSTRUMENTAL WEALTH, LLC	1 N DALE MABRY HWY	STE 1000	TAMPA	FL	33609	13F HOLDINGS REPORT	028-23202	000310788		N	
0002058771-25-000005	30-SEP-2025								Copia Wealth Management	572 SW BLUFF DR.	#100	BEND	OR	97702	13F HOLDINGS REPORT	028-25442	000281873	801-131499	N	
0002001473-25-000005	30-SEP-2025								White Wing Wealth Management	10001 WOODLOCH FOREST DRIVE	SUITE 515	THE WODLANDS	TX	77380	13F HOLDINGS REPORT	028-23532			N	
0001119032-25-000014	30-SEP-2025								HARVEY CAPITAL MANAGEMENT INC	400 ROYAL PALM WAY	SUITE 400	PALM BEACH	FL	33480	13F HOLDINGS REPORT	028-06067			N	
0001005441-25-000004	30-SEP-2025	N							Avantax Planning Partners, Inc.	3390 ASBURY ROAD		DUBUQUE	IA	52002	13F HOLDINGS REPORT	028-17669	000106237	801-50939	N	
0001771605-25-000002	30-SEP-2025	N							SAGE RHINO CAPITAL LLC	101 JEFFERSON DRIVE		MENLO PARK	CA	94025	13F HOLDINGS REPORT	028-19473	000290148	801-112150	N	
0001016683-25-000002	30-SEP-2025	N							CABOT WEALTH MANAGEMENT INC	PO BOX 150		SALEM	MA	01970	13F HOLDINGS REPORT	028-05694	000107327	801-19708	N	
0002051471-25-000007	30-SEP-2025								Sovran Advisors, LLC	3131 CAMINO DEL RIO N	SUITE 800	SAN DIEGO	CA	92108	13F HOLDINGS REPORT	028-24653			N	
0001844707-25-000005	30-SEP-2025	N							OneAscent Wealth Management LLC	23 INVERNESS CENTER PARKWAY		BIRMINGHAM	AL	35242	13F HOLDINGS REPORT	028-20595			N	
0001841768-25-000007	30-SEP-2025	N							PATRON PARTNERS, LLC	11700 KATY FREEWAY	SUITE 100	HOUSTON	TX	77079	13F HOLDINGS REPORT	028-21091			N	
0001780985-25-000006	30-SEP-2025	Y	1	NEW HOLDINGS					OneAscent Financial Services LLC	23 INVERNESS CENTER PARKWAY		BIRMINGHAM	AL	35242	13F HOLDINGS REPORT	028-19577			N	
0001845688-25-000006	30-SEP-2025	N							CFS Investment Advisory Services, LLC	97 LACKAWANNA AVENUE		TOTOWA	NJ	07512	13F HOLDINGS REPORT	028-20676			N	
0002021272-25-000002	30-SEP-2025	N							Guardian Asset Advisors, LLC	5000 RITTER RD	SUITE 202-GAA	MECHANICSBURG	PA	17055	13F HOLDINGS REPORT	028-24095	000144958	801-120536	N	
0001464811-25-000004	30-SEP-2025	N							B. Riley Wealth Advisors, Inc.	40 S. MAIN ST.	SUITE 1600	MEMPHIS	TN	38103	13F HOLDINGS REPORT	028-13634			N	
0001420506-25-002957	30-SEP-2025	N							Vanguard Personalized Indexing Management, LLC	1611 TELEGRAPH AVE	SUITE 1100	OAKLAND	CA	94612	13F HOLDINGS REPORT	028-20247	000285366	801-114487	N	
0001539994-25-000019	30-SEP-2025								AEGON ASSET MANAGEMENT UK Plc	3 LOCHSIDE CRESCENT		EDINBURGH	X0	EH12 9SA	13F HOLDINGS REPORT	028-14990			N	
0001062993-25-016410	30-SEP-2025	N							INTACT INVESTMENT MANAGEMENT INC.	2020 ROBERT-BOURASSA BLVD	SUITE 1400	MONTREAL	A8	H3A 2A5	13F HOLDINGS REPORT	028-13194			N	
0001725547-25-004211	30-SEP-2025	N							LBP AM SA	36, Quai Henri IV		Paris	I0	75004	13F HOLDINGS REPORT	028-23257			N	
0001193125-25-260483	30-SEP-2025	N							MUTUAL OF AMERICA CAPITAL MANAGEMENT LLC	320 Park Avenue		New York	NY	10022	13F HOLDINGS REPORT	028-04274	000106523	801-43897	N	
0001398344-25-020099	30-SEP-2025	N							WealthShield Partners, LLC	2500 REGENCY PARKWAY		CARY	NC	27518	13F HOLDINGS REPORT	028-18492	000169584	801-78937	N	
0001172661-25-004526	30-SEP-2025	N							Estate Counselors, LLC	414 N. Main Street		Thiensville	WI	53092	13F COMBINATION REPORT	028-15056	000123452	801-62584	N	
0001835252-25-000007	30-SEP-2025								EWA, LLC	381 MANSFIELD AVE	SUITE 200A-B	PITTSBURGH	PA	15220	13F HOLDINGS REPORT	028-23270	000308977	801-118806	N	
0001769302-25-000008	30-SEP-2025								LIBERTY WEALTH MANAGEMENT LLC	411 30TH STREET	2ND FLOOR	OAKLAND	CA	94609	13F HOLDINGS REPORT	028-19450	000286001	801-112351	N	
0000039263-25-000119	30-SEP-2025	N							Cullen/Frost Bankers, Inc.	Post Office Box 1600		San Antonio	TX	78296-1600	13F HOLDINGS REPORT	028-00183			N	
0001683168-25-007863	30-SEP-2025	N							COMMERZBANK AKTIENGESELLSCHAFT /FI	1 KAISERPLATZ		FRANKFURT	2M	60311	13F HOLDINGS REPORT	028-13528			N	
0001999371-25-016646	30-SEP-2025	N							WHITTIER TRUST CO OF NEVADA INC	100 W Liberty Street	Suite 890	Reno	NV	89501-1952	13F HOLDINGS REPORT	028-14907			N	
0001140361-25-039965	30-SEP-2025	N							Retirement Systems of Alabama	P.O. BOX 302150		MONTGOMERY	AL	36130-2150	13F HOLDINGS REPORT	028-16471			N	
0001092203-25-000007	30-SEP-2025								FIRST CITIZENS BANK & TRUST CO	PO BOX 29522	DAC61	RALEIGH	NC	27626	13F HOLDINGS REPORT	028-04913			N	
0001999371-25-016642	30-SEP-2025	N							WHITTIER TRUST CO	1600 Huntington Drive		South Pasadena	CA	91030	13F HOLDINGS REPORT	028-14906			N	
0001398344-25-020096	30-SEP-2025	N							Capital Investment Counsel, Inc	100 E. SIX FORKS ROAD	SUITE 200	RALEIGH	NC	27609	13F HOLDINGS REPORT	028-12623	000104591	801-20824	N	
0001765380-25-000435	30-SEP-2025								TFR Capital, LLC.	5801 TENNYSON PKWY	SUITE 150	PLANO	TX	75024	13F HOLDINGS REPORT	028-25436	000333108	801-131226	N	
0001172661-25-004525	30-SEP-2025	N							1834 INVESTMENT ADVISORS CO	511 N. Broadway St.	Suite 801	Milwaukee	WI	53202	13F HOLDINGS REPORT	028-06523	000105435	801-11335	N	
0001044905-25-000006	30-SEP-2025								PATTEN & PATTEN INC/TN	555 WALNUT STREET	SUITE 280	CHATTANOOGA	TN	37402	13F HOLDINGS REPORT	028-06515			N	
0001389059-25-000007	30-SEP-2025	N							BLB&B Advisors, LLC	103 MONTGOMERY AVE.		MONTGOMERYVILLE	PA	18936	13F HOLDINGS REPORT	028-12136	000139096	801-65840	N	
0001770632-25-000017	30-SEP-2025								Quilter Plc	SENATOR HOUSE	85 QUEEN VICTORIA STREET	LONDON	X0	EC4V 4AB	13F HOLDINGS REPORT	028-19928			N	
0001140361-25-039956	30-SEP-2025	N							Cheviot Value Management, LLC	433 N. CAMDEN DR.	SUITE 800	BEVERLY HILLS	CA	90210	13F HOLDINGS REPORT	028-12964			N	
0001172661-25-004523	30-SEP-2025	N							CIBC Asset Management Inc	81 Bay Street	20th Floor	Toronto	A6	M5J 0E7	13F HOLDINGS REPORT	028-03663	000106508	801-9707	N	
0000887602-25-000006	30-SEP-2025								BARRETT & COMPANY, INC.	THE WILCOX BUILDING	42 WEYBOSSET STREET	PROVIDENCE	RI	02903	13F HOLDINGS REPORT	028-23226	000001175		N	
0002002745-25-000003	30-SEP-2025								Frazier Financial Advisors, LLC	1690 WEST LANE AVENUE		COLUMBUS	OH	43221	13F HOLDINGS REPORT	028-23680			N	
0002056425-25-000006	30-SEP-2025								SAGESPRING WEALTH PARTNERS, LLC	801 CRESCENT CENTRE DRIVE	SUITE 600	FRANKLIN	TN	37067	13F HOLDINGS REPORT	028-25050			N	
0001936420-25-000008	30-SEP-2025								CASTLE WEALTH MANAGEMENT LLC	1880 N CONGRESS AVE	SUITE 302	BOYNTON BEACH	FL	33426	13F HOLDINGS REPORT	028-22582	000118364	801-60871	N	
0001965328-25-000004	30-SEP-2025								Owen LaRue, LLC	109 W. POPLAR STREET		ELIZABETHTOWN	KY	42701	13F HOLDINGS REPORT	028-22958	000289436	801-111041	N	
0001398344-25-020085	30-SEP-2025	N							INVESTMENT HOUSE LLC	210 AVENUE I	SUITE C	REDONDO BEACH	CA	90277	13F HOLDINGS REPORT	028-15213	000163493	801-76547	N	
0001420506-25-002953	30-SEP-2025	N							INTERNATIONAL ASSETS INVESTMENT MANAGEMENT, LLC	111 NORTH ORANGE AVE	SUITE 1000	ORLANDO	FL	32801	13F HOLDINGS REPORT	028-20301			N	
0001420506-25-002952	30-SEP-2025	N							Global Assets Advisory, LLC	111 NORTH ORANGE AVE	SUITE 1000	ORLANDO	FL	32801	13F HOLDINGS REPORT	028-22643			N	
0001104659-25-104752	30-SEP-2025	N							ARK & TLK INVESTMENTS, LLC	7308 N. CLASSEN BLVD.		OKLAHOMA CITY	OK	73116	13F HOLDINGS REPORT	028-23997	000205512	801-96254	N	
0001104659-25-104742	30-SEP-2025	N							CERTIOR FINANCIAL GROUP, LLC	20104 VALLEY FORGE CIRCLE		KING OF PRUSSIA	PA	19406	13F HOLDINGS REPORT	028-25017	000285502	801-108506	N	
0001705655-25-000007	30-SEP-2025	Y	1	RESTATEMENT					Seelaus Asset Management LLC	26 MAIN STREET, SUITE 304		CHATHAM	NJ	07928	13F HOLDINGS REPORT	028-18535			N	
0001104659-25-104735	30-SEP-2025	N							Trek Financial, LLC	8355 East Hartford Drive Suite 105		Scottsdale	AZ	85255	13F HOLDINGS REPORT	028-19440	000109376	801-58087	N	
0001104659-25-104731	30-SEP-2025	N							Acorn Wealth Advisors, LLC	8305 S. Saginaw Street	Suite 2	Grand Blanc	MI	48439	13F HOLDINGS REPORT	028-18522	000170462	801-79211	N	
0001104659-25-104730	30-SEP-2025	N							Virtue Capital Management, LLC	6 CADILLAC DR.	SUITE 310	BRENTWOOD	TN	37027	13F HOLDINGS REPORT	028-18530	000167816	801-79938	N	
0001164478-25-000008	30-SEP-2025								KANAWHA CAPITAL MANAGEMENT LLC	7201 GLEN FOREST DRIVE	SUITE 200	RICHMOND	VA	23226-3759	13F HOLDINGS REPORT	028-10012			N	
0001705655-25-000006	30-SEP-2025								Seelaus Asset Management LLC	26 MAIN STREET, SUITE 304		CHATHAM	NJ	07928	13F HOLDINGS REPORT	028-18535			N	
0001104659-25-104708	30-SEP-2025	N							PARTNERS CAPITAL INVESTMENT GROUP, LLP	600 Atlantic Avenue	30th Floor	Boston	MA	02210	13F HOLDINGS REPORT	028-18074			N	
0001172661-25-004522	30-SEP-2025	N							JFG Wealth Management, LLC	1144 Fifteenth Street	Suite 3950	Denver	CO	80202	13F HOLDINGS REPORT	028-19331	000285023	801-108299	N	
0001398344-25-020071	30-SEP-2025	N							Peachtree Investment Partners, LLC	6001 FLORIDA HIGHWAY A1A	P.O. BOX #8181	INDIAN RIVER SHORES,	FL	32963	13F HOLDINGS REPORT	028-19422	000142839	801-112764	N	
0001398344-25-020069	30-SEP-2025	N							Modera Wealth Management, LLC	56 JEFFERSON AVENUE		WESTWOOD	NJ	07675	13F HOLDINGS REPORT	028-14860	000155649	801-71973	N	
0002085853-25-000204	30-SEP-2025	N							Rockport Wealth LLC	22730 Fairview Center Dr.	Suite 150	Fairview Park	OH	44126	13F HOLDINGS REPORT	028-24123	000297122	801-126796	N	
0001172661-25-004521	30-SEP-2025	N							Taylor Financial Group, Inc.	3102 Brambleton Avenue		Roanoke	VA	24018	13F HOLDINGS REPORT	028-23976	000116744	801-61747	N	
0001754960-25-000741	30-SEP-2025								PFG Investments, LLC	125 FROEHLICH FARM BLVD		WOODBURY	NY	11797	13F HOLDINGS REPORT	028-23228			N	
0001754960-25-000740	30-SEP-2025								Edge Financial Advisors LLC	111 W WESLEY ST	STE 1	WHEATON	IL	60187	13F COMBINATION REPORT	028-24070			N	
0001754960-25-000738	30-SEP-2025								Symphony Financial, Ltd. Co.	4295 SAN FELIPE STREET	SUITE 300	HOUSTON	TX	77027	13F HOLDINGS REPORT	028-20236	000171816	801-79989	N	
0001140361-25-039935	30-SEP-2025	N							GHP Investment Advisors, Inc.	1290 N Broadway, Ste. 1100		Denver	CO	80203	13F HOLDINGS REPORT	028-12544			N	
0001104659-25-104600	30-SEP-2025	N							Resona Asset Management Co.,Ltd.	Fukagawa Gatharia W2 Bldg.	5-65,Kiba 1-Chome,	Koto-ku,Tokyo	M0	135-0042	13F HOLDINGS REPORT	028-25004			N	
0001193125-25-259342	30-SEP-2025	N							Mitsubishi UFJ Trust & Banking Corp	1-4-5 MARUNOUCHI CHIYODA-KU		TOKYO	M0	100-8212	13F COMBINATION REPORT	028-13564	000296868	801-113352	N	
0001104659-25-104568	30-SEP-2025	N							UniSuper Management Pty Ltd	Level 1, 385 Bourke Street		Melbourne, Victoria	C3	3000	13F HOLDINGS REPORT	028-23352			N	
0001754960-25-000737	30-SEP-2025								DRIVE WEALTH MANAGEMENT, LLC	3333 N DIGITAL DRIVE	#700	LEHI	UT	84043	13F COMBINATION REPORT	028-22701			N	
0001846758-25-000003	30-SEP-2025								Orion Capital Management LLC	1330 ORANGE AVENUE	SUITE 302	CORONADO	CA	92118	13F HOLDINGS REPORT	028-21063	000119428	801-119207	N	
0001432529-25-000011	30-SEP-2025								Baker Avenue Asset Management, LP	ONE EMBARCADERO CENTER	STE 2530	SAN FRANCISCO	CA	94111	13F HOLDINGS REPORT	028-13834			N	
0001754960-25-000728	30-SEP-2025								Latitude Advisors, LLC	271 53RD CIRCLE		VERO BEACH	FL	32968	13F HOLDINGS REPORT	028-20566			N	
0001754960-25-000735	30-JUN-2025								Emergent Wealth Advisors, LLC	5500 MAIN ST.	SUITE 260	WILLIAMSVILLE	NY	14221	13F HOLDINGS REPORT	028-25810			N	
0001754960-25-000736	30-SEP-2025								Emergent Wealth Advisors, LLC	5500 MAIN ST.	SUITE 260	WILLIAMSVILLE	NY	14221	13F HOLDINGS REPORT	028-25810			N	
0001214659-25-015612	30-SEP-2025	N							RMG Wealth Management LLC	1290 E. MINERAL ST.		PLATTEVILLE	WI	53818	13F HOLDINGS REPORT	028-25664			N	
0001398344-25-020058	30-SEP-2025	N							Rossmore Private Capital	628 HEBRON AVENUE	SUITE 306	GLASTONBURY	CT	06033	13F HOLDINGS REPORT	028-18691	000288453	801-110562	N	
0001214659-25-015609	30-SEP-2025	N							Envestnet Portfolio Solutions, Inc.	1000 CHESTERBROOK BOULEVARD	SUITE 250	BERWYN	PA	19312	13F HOLDINGS REPORT	028-23431			N	
0001172661-25-004519	30-SEP-2025	N							Trellis Wealth Advisors LLC	1135 Santa Rosa Street	Suite 310	San Luis Obispo	CA	93401	13F HOLDINGS REPORT	028-23337	000154861	801-80089	N	
0002085853-25-000200	30-SEP-2025	N							Gibbs Wealth Management	3980 Old Milton Parkway		Alpharetta	GA	30005	13F HOLDINGS REPORT	028-25712			N	
0000796848-25-000010	30-SEP-2025								TEACHER RETIREMENT SYSTEM OF TEXAS	4655 MUELLER BLVD		AUSTIN	TX	78723	13F HOLDINGS REPORT	028-01797			N	
0001768302-25-000007	30-SEP-2025								ERn Financial, LLC	8215 GREENWAY BOULEVARD	SUITE 540	MIDDLETON	WI	53562	13F HOLDINGS REPORT	028-19425	000297717	801-113774	N	
0001259671-25-000010	30-SEP-2025								WBH ADVISORY INC	1829 REISTERSTOWN ROAD,	SUITE 225	BALTIMORE	MD	21208	13F HOLDINGS REPORT	028-10516	000105289	801-27973	N	
0001676603-25-000002	30-SEP-2025	N							Probity Advisors, Inc.	10000 N. CENTRAL EXPRESSWAY, #1326		DALLAS	TX	75231	13F HOLDINGS REPORT	028-17504			N	
0000102212-25-000029	30-SEP-2025	N							UNIVEST FINANCIAL Corp	14 North Main Street	Po Box 197	SOUDERTON	PA	18964	13F HOLDINGS REPORT	028-03779			N	
0001962236-25-000005	30-SEP-2025								Kingdom Financial Group LLC.	14155 N 83RD AVE SUITE 144		PEORIA	AZ	85022	13F HOLDINGS REPORT	028-23315	000155676	801-113161	N	
0002036117-25-000006	30-SEP-2025								FLAGSHIP WEALTH ADVISORS, LLC	301 EDGEWATER PLACE	SUITE 400	WAKEFIELD	MA	01880	13F HOLDINGS REPORT	028-24873	000131962	801-112001	N	
0001541787-25-000008	30-SEP-2025								Nadler Financial Group, Inc.	155 N PFINGSTEN ROAD	SUITE 160	DEERFIELD	IL	60015	13F HOLDINGS REPORT	028-14666			N	
0001172661-25-004513	30-SEP-2025	N							IronBridge Private Wealth, LLC	6420 Bee Cave Rd	Suite 201	Austin	TX	78746	13F HOLDINGS REPORT	028-21124	000287714	801-115022	N	
0001900481-25-000009	30-SEP-2025								Carmel Capital Partners, LLC	12760 HIGH BLUFF DRIVE, SUITE 210		SAN DIEGO	CA	92130	13F HOLDINGS REPORT	028-21543	000123907	801-64695	N	
0001493152-25-020191	30-SEP-2025	N							iA Global Asset Management Inc.	1080 GRANDE ALLEE WEST.	PO BOX 1907	QUEBEC	A8	G1K 7M3	13F HOLDINGS REPORT	028-23355			N	
0002041943-25-000005	30-SEP-2025								Millstone Evans Group, LLC	4940 PEARL EAST CIRCLE	SUITE 202	BOULDER	CO	80301	13F HOLDINGS REPORT	028-24904	000311142	801-119896	N	
0001802474-25-000006	30-SEP-2025								Lloyd Advisory Services, LLC.	3575 LAWRENCEVILLE SUWANEE ROAD		SUWANEE	GA	30024	13F HOLDINGS REPORT	028-19912	000150582	801-117056	N	
0001455267-25-000009	30-SEP-2025								Parkside Financial Bank & Trust	8112 MARYLAND AVE	SUITE 101	SAINT LOUIS	MO	63105	13F HOLDINGS REPORT	028-14624			N	
0001748271-25-000013	30-SEP-2025								Facet Wealth, Inc.	400 E. PRATT STREET, 8TH FLOOR		BALTIMORE	MD	21202	13F HOLDINGS REPORT	028-21141	000285961	801-108767	N	
0001582151-25-000008	30-SEP-2025								NAPLES GLOBAL ADVISORS, LLC	720 FIFTH AVENUE SOUTH	SUITE 200	NAPLES	FL	34102	13F HOLDINGS REPORT	028-15686			N	
0001725547-25-004204	30-SEP-2025	N							Quadrant Private Wealth Management, LLC	3850 Sierra Circle	Suite 300	Center Valley	PA	18034	13F HOLDINGS REPORT	028-18248	000277044	801-106484	N	
0000820478-25-000020	30-SEP-2025								STRS OHIO	275 E BROAD ST		COLUMBUS	OH	43215	13F HOLDINGS REPORT	028-02144			N	
0002054111-25-000006	30-SEP-2025								Atlas Legacy Advisors, LLC	1999 AVENUE OF THE STARS, SUITE 3350		LOS ANGELES	CA	90067	13F HOLDINGS REPORT	028-24701	000329888	801-129575	N	
0001862067-25-000002	30-SEP-2025								FWG Holdings, LLC	1099 W MORSE BLVD		WINTER PARK	FL	32789	13F HOLDINGS REPORT	028-21336			N	
0002035324-25-000011	30-SEP-2025	Y	1	NEW HOLDINGS					NEW WAVE WEALTH ADVISORS LLC	4403 S THOMPSON ST	STE 1	SPRINGDALE	AR	72764	13F HOLDINGS REPORT	028-24348	000323414	801-126788	N	
0001104659-25-104193	30-SEP-2025	N							EMERALD MUTUAL FUND ADVISERS TRUST	3175 Oregon Pike		Leola	PA	17540	13F HOLDINGS REPORT	028-11623	000135130	801-64204	N	
0001777817-25-000008	30-SEP-2025								Leelyn Smith, LLC	10 N. THIRD STREET		GENEVA	IL	60134	13F HOLDINGS REPORT	028-19762	000110517	801-113460	N	
0001767151-25-000007	30-SEP-2025								Outlook Wealth Advisors, LLC	224 ED ENGLISH DRIVE, STE A		SHENANDOAH	TX	77385	13F HOLDINGS REPORT	028-19162	000291465	801-113512	N	
0001909846-25-000009	30-SEP-2025								Covestor Ltd	100 SUMMER STREET	FL 16 - INTERACTIVE ADVISORS	BOSTON	MA	02110	13F HOLDINGS REPORT	028-21754			N	
0001518364-25-000009	30-SEP-2025								Accredited Investors Inc.	5200 WEST 73RD STREET		EDINA	MN	55439	13F HOLDINGS REPORT	028-14630	000105439	028-14630	N	
0001697717-25-000012	30-SEP-2025								Covenant Asset Management, LLC	125 MAPLE AVENUE		CHESTER	NJ	07930	13F HOLDINGS REPORT	028-17750			N	
0001398344-25-020028	30-SEP-2025	N							WOODARD & CO ASSET MANAGEMENT GROUP INC /ADV	117 KINDERTON BLVD		BERMUDA RUN	NC	27006	13F HOLDINGS REPORT	028-18646	000108199	801-24818	N	
0001590214-25-000007	30-SEP-2025								BIP Wealth, LLC	3575 PIEDMONT ROAD BLDG 15-730		ATLANTA	GA	30305	13F HOLDINGS REPORT	028-23219			N	
0001172661-25-004496	30-SEP-2025	N							Bey-Douglas LLC	1640 Powers Ferry Rd Se	Building 22, Suite 200	Marietta	GA	30067	13F HOLDINGS REPORT	028-23654	000108856	801-126175	N	
0001172661-25-004495	30-SEP-2025	N							FIDUCIENT ADVISORS LLC	500 W. Madison Street	Suite 3260	Chicago	IL	60661	13F HOLDINGS REPORT	028-18349	000106720	801-48820	N	
0001986152-25-000092	30-SEP-2025								TWIN PEAKS WEALTH ADVISORS, LLC	1008 CAROLAN AVE	UNIT 1301	BURLINGAME	CA	94010	13F HOLDINGS REPORT	028-23512	000323817	801-126874	N	
0001140361-25-039810	30-SEP-2025	N							FIRST BUSINESS FINANCIAL SERVICES, INC.	401 CHARMANY DRIVE	PO BOX 44961	MADISON	WI	53744	13F HOLDINGS REPORT	028-15585			N	
0002012717-25-000007	30-SEP-2025								Triad Wealth Partners, LLC	730 NEW HAMPSHIRE STREET	SUITE 222	LAWRENCE	KS	66044	13F HOLDINGS REPORT	028-24074	000326523	801-128150	N	
0001193125-25-257840	30-SEP-2025	N							CNB Bank	PO BOX 42, ONE SOUTH SECOND ST		CLEARFIELD	PA	16830	13F HOLDINGS REPORT	028-18656			N	
0001104659-25-104111	30-SEP-2025	N							EMERALD ADVISERS, LLC	3175 OREGON PIKE		LEOLA	PA	17540	13F HOLDINGS REPORT	028-05618	000107496	801-40263	N	
0001062993-25-016389	30-SEP-2025	N							Simplicity Wealth,LLC	475 SPRINGFIELD AVENUE		SUMMIT	NJ	07901	13F HOLDINGS REPORT	028-22336			N	
0001802084-25-000007	30-SEP-2025								CVA Family Office, LLC	255 FILLMORE STREET	SUITE 500	DENVER	CO	80206	13F HOLDINGS REPORT	028-20166			N	
0001531809-25-000007	30-SEP-2025	Y	1	NEW HOLDINGS					CapWealth Advisors, LLC	4031 ASPEN GROVE DR	SUITE 600	FRANKLIN	TN	37067	13F HOLDINGS REPORT	028-14625			N	
0001140361-25-039802	30-SEP-2025	N							ROGCO, LP	300 W. PATTI PAGE BLVD		CLAREMORE	OK	74017	13F HOLDINGS REPORT	028-23451			N	
0001172661-25-004491	30-SEP-2025	N							BAILARD, INC.	950 Tower Lane Suite 1900		Foster City	CA	94404	13F HOLDINGS REPORT	028-01707	000110550	801-8562	N	
0000898432-25-000856	30-SEP-2025	N							Rakuten Investment Management, Inc.	2-6-21 MINAMIAOYAMA	MINATO-KU	TOKYO	M0	107-0062	13F HOLDINGS REPORT	028-25589			N	
0001818897-25-000007	30-SEP-2025								AM INVESTMENT STRATEGIES LLC	832 GEORGIA AVENUE	STE 100	CHATTANOOGA	TN	37402	13F HOLDINGS REPORT	028-20313			N	
0001398344-25-020010	30-SEP-2025	N							Register Financial Advisors LLC	3500 LENOX ROAD	SUITE 1700	ATLANTA	GA	30326	13F HOLDINGS REPORT	028-23069	000143844	801-81190	N	
0002085853-25-000199	30-SEP-2025	N							Stiles Financial Services Inc	7505 Metro Blvd	Suite 510	Edina	MN	55439	13F HOLDINGS REPORT	028-21679	000117023	801-110176	N	
0000892303-25-000013	30-SEP-2025								STOCK YARDS BANK & TRUST CO	1040 EAST MAIN ST	PO BOX 32890	LOUISVILLE	KY	40232	13F HOLDINGS REPORT	028-01374			N	
0002085853-25-000198	30-SEP-2025	N							MITCHELL MCLEOD PUGH & WILLIAMS INC	2610 DAUPHIN STREET		MOBILE	AL	36606	13F HOLDINGS REPORT	028-16379			N	
0002085853-25-000196	30-SEP-2025	N							Objective Capital Management, LLC	29325 Chagrin Blvd., Suite 204		Pepper Pike	OH	44122	13F HOLDINGS REPORT	028-22421	000156013	801-114315	N	
0002085853-25-000195	30-SEP-2025	N							Avidian Wealth Enterprises, LLC	One Citycentre, 800 Town & Country Blvd.	Suite 220	Houston	TX	77024	13F HOLDINGS REPORT	028-16078	000127186	801-64386	N	
0001214659-25-015562	30-SEP-2025	N							Cornerstone Wealth Group, LLC	16810 KENTON DRIVE, SUITE 200		HUNTERSVILLE	NC	28078	13F HOLDINGS REPORT	028-19485	000289971	801-112164	N	
0002085853-25-000193	30-SEP-2025	N							BRANDYWINE OAK PRIVATE WEALTH LLC	500 Old Forge Lane	Suite 501	Kennett Square	PA	19348	13F HOLDINGS REPORT	028-19207	000297021	801-113624	N	
0002057170-25-000015	30-SEP-2025								Universal- Beteiligungs- und Servicegesellschaft mbH	EUROPA-ALLEE 92-96		FRANKFURT AM MAIN	2M	60486	13F HOLDINGS REPORT	028-25425			N	
0002085853-25-000192	30-SEP-2025	N							Next Level Wealth Planning, LLC	1817 N Lakes Pl, Ste 150		Meridian	ID	83646	13F HOLDINGS REPORT	028-24685			N	
0002085853-25-000190	30-SEP-2025	N							Samalin Investment Counsel, LLC	297 KING STREET		CHAPPAQUA	NY	10514	13F HOLDINGS REPORT	028-19756			N	
0001178913-25-003604	30-SEP-2025	N							Migdal Insurance & Financial Holdings Ltd.	4, EF'AL STREET		Petach Tikva	L3	4951104	13F HOLDINGS REPORT	028-17312			Y	"The securities reported herein are held by Migdal Insurance Company Ltd., Migdal Makefet Pension and Provident Fund Ltd., Migdal Capital Markets (1965) Ltd, Migdal Mutual Funds Ltd, and Migdal Investment Portfolio Management (1998) Ltd. (collectively, the ""Migdal Entities""). Each Migdal Entity is a direct or indirect wholly-owned subsidiary of Migdal Insurance and Financial Holdings Ltd. (""Migdal Holdings""). The beneficial ownership in a portion of the securities covered by this report is held for members of the public through, among others, provident funds, mutual funds, pension funds and insurance policies, which are managed by Migdal Entities. This Form 13F shall not be construed as an admission by Migdal Holdings or by any of the Migdal Entities that it is the beneficial owner of any of such securities covered by this Form 13F."
0001598180-25-000005	30-SEP-2025	N							Waldron Private Wealth LLC	44 ABELE ROAD	SUITE 400	BRIDGEVILLE	PA	15017	13F HOLDINGS REPORT	028-15725			N	
0001964068-25-000002	30-SEP-2025	N							Allegiance Financial Group Advisory Services LLC	374 MAPLE AVENUE EAST, SUITE 204		VIENNA	VA	22180	13F HOLDINGS REPORT	028-22786	000313110	801-122267	N	
0001723115-25-000007	30-SEP-2025								Demars Financial Group, LLC	420 N EVERGREEN RD, STE 300		SPOKANE VALLEY	WA	99216	13F HOLDINGS REPORT	028-19971			N	
0001709632-25-000006	30-SEP-2025	N							Vest Financial, LLC	8350 BROAD STREET	SUITE 240	MCLEAN	VA	22102	13F HOLDINGS REPORT	028-20621	000165976	801-77463	N	
0001926344-25-000002	30-SEP-2025	N							Lanham O'Dell & Company, Inc.	PO BOX 537		HURRICANE	WV	25526	13F HOLDINGS REPORT	028-22484	000105708	801-16856	N	
0001367653-25-000015	30-SEP-2025								Huntleigh Advisors, Inc.	7800 FORSYTH BLVD.	5TH FLOOR	ST. LOUIS	MO	63105	13F HOLDINGS REPORT	028-25497	000113412	801-62677	N	
0001960860-25-000006	30-SEP-2025								Canopy Partners, LLC	3825 EDWARDS ROAD	SUITE 420	CINCINNATI	OH	45209	13F HOLDINGS REPORT	028-23940			N	
0002012033-25-000002	30-SEP-2025	N							Silver Coast Investments LLC	13400 SABRE SPRINGS PARKWAY	SUITE #255	SAN DIEGO	X1	92128	13F HOLDINGS REPORT	028-23956	000167771	801-120024	N	
0002054798-25-000006	30-SEP-2025								Variant Private Wealth, LLC	8350 BROAD ST.	SUITE 220	TYSONS	VA	22102	13F HOLDINGS REPORT	028-24720	000288011	801-110471	N	
0001563525-25-000013	30-SEP-2025								Chicago Partners Investment Group LLC	1 NORTH WACKER DRIVE	SUITE 4075	CHICAGO	IL	60606	13F HOLDINGS REPORT	028-16932	000147662	801-69500	N	
0001599330-25-000005	30-SEP-2025	N							Joel Isaacson & Co., LLC	546 FIFTH AVENUE	22ND FLOOR	NEW YORK	NY	10036	13F HOLDINGS REPORT	028-15803	000152450	801-70880	N	
0001437749-25-032225	30-SEP-2025								Boomfish Wealth Group, LLC	12600 DEERFIELD PARKWAY	SUITE 475	ALPHARETTA	GA	30004	13F HOLDINGS REPORT	028-23664			N	
0001965362-25-000011	30-SEP-2025								Grey Fox Wealth Advisors, LLC	100 SOUTH ROCKLAND FALLS ROAD		ROCKLAND	DE	19732	13F HOLDINGS REPORT	028-23015	000307172	801-122007	N	
0001398344-25-019993	30-SEP-2025	N							Sage Mountain Advisors LLC	945 E PACES FERRY ROAD NE	SUITE 2660	ATLANTA	GA	30326	13F HOLDINGS REPORT	028-20448	000298593	801-114002	N	
0001842054-25-000007	30-SEP-2025								Rede Wealth, LLC	600 PETER JEFFERSON PARKWAY, SUITE 250		CHARLOTTESVILLE	VA	22911	13F HOLDINGS REPORT	028-20795			N	
0001906793-25-000006	30-SEP-2025								Scissortail Wealth Management, LLC	1203 E. 33RD STREET		TULSA	OK	74105-2013	13F HOLDINGS REPORT	028-21603	000297761	801-114094	N	
0001580642-25-006815	30-SEP-2025	N							McAdam, LLC	123 S. Broad Street	Suite 1500	Philadelphia	PA	19109	13F HOLDINGS REPORT	028-17679			N	
0001172661-25-004485	30-SEP-2025	N							CASCADE INVESTMENT GROUP, INC.	444 E. Pikes Peak Avenue	Suite 200	Colorado Springs	CO	80903	13F HOLDINGS REPORT	028-23149	000035844	801-53819	N	
0001727599-25-000007	30-SEP-2025								Dynasty Wealth Management, LLC	200 CENTRAL AVE	FLOOR 15	ST. PETERSBURG	FL	33701	13F HOLDINGS REPORT	028-18636			N	
0001903880-25-000006	30-SEP-2025								JACKSON THORNTON WEALTH MANAGEMENT, LLC	200 COMMERCE STREET		MONTGOMERY	AL	36104	13F HOLDINGS REPORT	028-21624	000116091	801-61445	N	
0001994495-25-000007	30-SEP-2025								Global View Capital Management LLC	N14 W23833 STONE RIDGE DR - SUITE 350		WAUKESHA	WI	53188	13F HOLDINGS REPORT	028-24822	000158292	801-72887	N	
0001830817-25-000008	30-SEP-2025								Platform Technology Partners	400 WALL STREET	17TH FLOOR	NEW YORK	NY	10005	13F HOLDINGS REPORT	028-20420			N	
0001767868-25-000007	30-SEP-2025								Inscription Capital, LLC	2925 RICHMOND AVENUE	SUITE 425	HOUSTON	TX	77098	13F HOLDINGS REPORT	028-19539			N	
0001172661-25-004484	30-SEP-2025	N							Americana Partners, LLC	811 Louisiana Street	Suite 2420	Houston	TX	77002	13F HOLDINGS REPORT	028-19998	000301354	801-115018	N	
0001668256-25-000014	30-SEP-2025								Matisse Capital	15350 SW SEQUOIA PKWY	SUITE 260	PORTLAND	OR	97224	13F HOLDINGS REPORT	028-17404	000155424	801-72004	N	
0001977181-25-000004	30-SEP-2025								Root Financial Partners, LLC	1106 2ND STREET	SUITE 102	ENCINITAS	CA	92024	13F HOLDINGS REPORT	028-23236	000290289	801-125945	N	
0002067954-25-000004	30-SEP-2025								QTR Family Wealth, LLC	605 CRESCENT EXECUTIVE COURT	SUITE 104	LAKE MARY	FL	32746	13F HOLDINGS REPORT	028-25560	000331655	801-130687	N	
0001193125-25-256152	30-SEP-2025	N							Pacific Heights Asset Management LLC	600 Montgomery Street	Suite 4100	San Francisco	CA	94111	13F HOLDINGS REPORT	028-11706		028-11706	N	
0000702007-25-000010	30-SEP-2025								 CALDWELL SUTTER CAPITAL, INC.	PO BOX 190		SAUSALITO	CA	94966-0190	13F HOLDINGS REPORT	028-22901			N	
0000908834-25-000313	30-SEP-2025	N							HORIZON BANCORP INC /IN/	515 FRANKLIN STREET		MICHIGAN CITY	IN	46360	13F HOLDINGS REPORT	028-06479			N	
0001713735-25-000007	30-SEP-2025								Providence First Trust Co	8840 EAST CHAPARRAL ROAD, SUITE 250		SCOTTSDALE	AZ	85250	13F HOLDINGS REPORT	028-18110			N	
0001018674-25-000008	30-SEP-2025								PARSONS CAPITAL MANAGEMENT INC/RI	40 WESTMINSTER STREET	STE 400	PROVIDENCE	RI	02903	13F HOLDINGS REPORT	028-05700	000106295	801-45209	N	
0002034054-25-000008	30-SEP-2025								William B. Walkup & Associates, Inc.	142 ATRIUM WAY		COLUMBIA	SC	29223	13F HOLDINGS REPORT	028-24335			N	
0001800798-25-000006	30-SEP-2025								Arkadios Wealth Advisors	309 EAST PACES FERRY RD	SUITE #1000	ATLANTA	GA	30305	13F HOLDINGS REPORT	028-20081	000288863	801-110833	N	
0001398344-25-019966	30-SEP-2025	N							Turtle Creek Wealth Advisors, LLC	2828 N. HARWOOD STREET	SUITE 1250	DALLAS	TX	75201	13F HOLDINGS REPORT	028-23535	000322998	801-127123	N	
0002035219-25-000008	30-SEP-2025								VISTA INVESTMENT PARTNERS II, LLC	ONE WOODSIDE DRIVE		RICHMOND	IN	47374	13F HOLDINGS REPORT	028-24820	000327983	801-128904	N	
0001398344-25-019962	30-SEP-2025	N							Element Wealth, LLC	800 WOODLANDS PARKWAY	SUITE 201	RIDGELAND	MS	39157	13F HOLDINGS REPORT	028-19903	000114968	801-61758	N	
0001802952-25-000006	30-SEP-2025								Game Plan Financial Advisors, LLC	26600	SUITE 270	WESTLAKE	OH	44145	13F HOLDINGS REPORT	028-19965			N	
0001719305-25-000008	30-SEP-2025								Verdence Capital Advisors LLC	50 SCHILLING ROAD, SUITE 300		HUNT VALLEY	MD	21031	13F HOLDINGS REPORT	028-19708	000288512	801-110722	N	
0002067343-25-000004	30-SEP-2025								WPG Advisers, LLC	3600 O'DONNELL STREET, WEST TOWER	SUITE 860	BALTIMORE	MD	21224	13F HOLDINGS REPORT	028-25590	000291708	801-114047	N	
0001750086-25-000008	30-SEP-2025								HHM Wealth Advisors, LLC	1181 KING STREET		CHATTANOOGA	TN	37403	13F HOLDINGS REPORT	028-19191			N	
0001140361-25-039669	30-SEP-2025	N							ALLSTATE CORP	3100 SANDERS ROAD		NORTHBROOK	IL	60062	13F HOLDINGS REPORT	028-14491			N	
0001172661-25-004482	30-SEP-2025	N							DUDLEY CAPITAL MANAGEMENT, LLC	Po Box 494		Middleburg	VA	20118	13F HOLDINGS REPORT	028-22992	000282958	801-108148	N	
0001214659-25-015496	30-SEP-2025	N							NorthCrest Asset Manangement, LLC	505 NORTH HIGHWAY 169 SUITE 900		PLYMOUTH	MN	55441	13F HOLDINGS REPORT	028-21672			N	
0001941040-25-000578	30-SEP-2025	N							JERICHO FINANCIAL, LLP	38-A COMMERCE PARK DR		WESTERVILLE	OH	43082	13F HOLDINGS REPORT	028-24624	000288801	801-120540	N	
0001214659-25-015495	30-SEP-2025	N							WEALTH ENHANCEMENT ADVISORY SERVICES, LLC	505 NORTH HIGHWAY 169 SUITE 900		PLYMOUTH	MN	55441	13F HOLDINGS REPORT	028-16444			N	
0001172661-25-004480	30-SEP-2025	N							Inspire Advisors, LLC	3597 E. Monarch Sky Ln.	Suite 330	Meridian	ID	83646	13F HOLDINGS REPORT	028-20763	000300279	801-114673	N	
0001172661-25-004479	30-SEP-2025	N							Royal Fund Management, LLC	1515 Buenos Aires Blvd.		Lady Lake	FL	32159	13F HOLDINGS REPORT	028-20238	000144434	801-77918	N	
0001172661-25-004478	30-SEP-2025	N							DeDora Capital, Inc.	1600 Main Street		Napa	CA	94559	13F HOLDINGS REPORT	028-18313	000177523	801-96227	N	
0001812792-25-000002	30-SEP-2025	N							Intrua Financial, LLC	3737 Buffalo Speedway	Suite 400	Houston	TX	77098	13F HOLDINGS REPORT	028-20332	000281554	801-106767	N	
0001705819-25-000071	30-SEP-2025	N							Xcel Wealth Management, LLC	101 2nd Street	Ste 402	Holly Hill	FL	32117	13F HOLDINGS REPORT	028-19613	000158863	801-113826	N	
0001059057-25-000007	30-SEP-2025	Y	1	NEW HOLDINGS					ROVIN CAPITAL /UT/ /ADV	PO BOX 31840		MESA	AZ	85275	13F HOLDINGS REPORT	028-19698			N	
0001919142-25-000002	30-SEP-2025	N							High Net Worth Advisory Group LLC	8880 TAMIAMI TRAIL N.		NAPLES	FL	34108	13F HOLDINGS REPORT	028-22431	000309997	801-119234	N	
0001894921-25-000006	30-SEP-2025								Whelan Financial	7700 N. PALM AVE	SUITE 201	FRESNO	CA	93711	13F HOLDINGS REPORT	028-21428	000107227	801-40071	N	
0001420506-25-002924	30-SEP-2025	N							COURIER CAPITAL LLC	1114 DELAWARE AVENUE		BUFFALO	NY	14209-1604	13F HOLDINGS REPORT	028-05604	000282485	801-107119	N	
0002006870-25-000005	30-SEP-2025								CAP Partners, LLC	109 INTERNATIONAL DRIVE	SUITE 210	FRANKLIN	TN	37067	13F HOLDINGS REPORT	028-23701	000144779	028-23701	N	
0001592613-25-000008	30-SEP-2025								Formidable Asset Management, LLC	221 E. 4TH STREET	SUITE 2700	CINCINNATI	OH	45202	13F HOLDINGS REPORT	028-15660	000167555	801-77975	N	
0002032436-25-000010	30-SEP-2025								Smith Thornton Advisors LLC	626 CLINTON AVENUE WEST	SUITE 100	HUNTSVILLE	AL	35801	13F HOLDINGS REPORT	028-24333	000312537	801-120351	N	
0001964394-25-000005	30-SEP-2025								Glass Jacobson Investment Advisors llc	10711 RED RUN BLVD	101	OWINGS MILLS	MD	21117	13F HOLDINGS REPORT	028-22824	000120141	801-6287	N	
0001651023-25-000007	30-SEP-2025								Florida Trust Wealth Management Co	2450 PERIWINKLE WAY		SANIBEL	FL	33957	13F HOLDINGS REPORT	028-23971			N	
0001172661-25-004477	30-SEP-2025	N							OAK RIDGE INVESTMENTS LLC	10 South Lasalle Street	Suite 2130	Chicago	IL	60603	13F HOLDINGS REPORT	028-06668	000107066	801-35529	N	
0000919192-25-000010	30-SEP-2025								AMALGAMATED BANK	275 SEVENTH AVENUE	6TH FLOOR	NEW YORK	NY	10001	13F HOLDINGS REPORT	028-04148			N	
0001535293-25-000008	30-JUN-2025	Y	1	RESTATEMENT					J.Safra Asset Management Corp	546 FIFTH AVENUE		NEW YORK	NY	10036	13F HOLDINGS REPORT	028-17161			Y	This Amendment No. 1 is being filed to include additional holdings that were inadvertently omitted from the original Form 13F filing for the quarter ending on June 30, 2025 
0001398344-25-019940	30-SEP-2025	N							FAS Wealth Partners, Inc.	4747 WEST 135TH STREET		LEAWOOD	KS	66224	13F HOLDINGS REPORT	028-15702	000109796	801-19282	N	
0001535293-25-000007	31-MAR-2025	Y	1	RESTATEMENT					J.Safra Asset Management Corp	546 FIFTH AVENUE		NEW YORK	NY	10036	13F HOLDINGS REPORT	028-17161			Y	This Amendment No. 1 is being filed to include additional holdings that were inadvertently omitted from the original Form 13F filing for the quarter ending on March 31, 2025.
0000912938-25-000200	30-SEP-2025								MASSACHUSETTS FINANCIAL SERVICES CO /MA/	111 Huntington Avenue		Boston	MA	02199	13F HOLDINGS REPORT	028-04968	000110045	801-17352	Y	Please note that a de minimis portion of those shares listed as having sole voting authority in Column 8 of the Information Table may have non-voting authority. Please also note that positions of interlisted Canadian issuers are aggregates of purchases made on US and Canadian exchanges.
0001172661-25-004476	30-SEP-2025	N							Quantum Portfolio Management LLC	10 E. 53rd Street	Suite 1400	New York	NY	10022	13F HOLDINGS REPORT	028-23542	000326280	801-127936	N	
0001535293-25-000006	30-SEP-2025								J.Safra Asset Management Corp	546 FIFTH AVENUE		NEW YORK	NY	10036	13F HOLDINGS REPORT	028-17161			N	
0001893403-25-000009	30-SEP-2025								DMC Group, LLC	2129 FIRST AVENUE N		BIRMINGHAM	AL	35203	13F HOLDINGS REPORT	028-21536			N	
0001172661-25-004474	30-SEP-2025	N							ADAPT Investment Managers SA	Rue De Lausanne 16BIS		Geneva	V8	CH-1201	13F HOLDINGS REPORT	028-25173	000329885	802-130306	N	
0001803229-25-000003	30-SEP-2025	N							Capital Advisory Group Advisory Services, LLC	10000 N 31st Ave	STE# D216	Phoenix	AZ	85051	13F HOLDINGS REPORT	028-20136	000140551	801-69464	N	
0001172661-25-004471	30-SEP-2025	N							FIDUCIARY FAMILY OFFICE, LLC	150 East Palmetto Park Road	Suite 301	Boca Raton	FL	33432	13F HOLDINGS REPORT	028-24106	000326990	801-128229	N	
0002009427-25-000008	30-SEP-2025								One Wealth Management Investment & Advisory Services, LLC	1200 N FEDERAL HWY	SUITE 300	BOCA RATON	FL	33432	13F HOLDINGS REPORT	028-23531	000288030	801-125814	N	
0002085853-25-000189	30-SEP-2025	N							New Insight Wealth Advisors	111 Deerwood Road	Suite 250	San Ramon	CA	94583	13F HOLDINGS REPORT	028-24111	000318083	801-123002	N	
0002085853-25-000185	30-SEP-2025	N							Beacon Financial Advisory LLC	25825 Science Park Drive	Suite 110	Cleveland	OH	44122	13F HOLDINGS REPORT	028-19683	000174334	801-108381	N	
0002085853-25-000183	30-SEP-2025	N							Resonant Capital Advisors, LLC	33 East Main Street	Suite 440	Madison	WI	53703	13F HOLDINGS REPORT	028-20156	000298451	801-114001	N	
0002085853-25-000182	30-SEP-2025	N							LJI Wealth Management, LLC	6569 Carrollton Ave		Indianapolis	IN	46220	13F HOLDINGS REPORT	028-23484	000145399	801-77820	N	
0001178913-25-003589	30-SEP-2025	N							Harel Insurance Investments & Financial Services Ltd.	HAREL HOUSE, 3 ABBA HILLEL ST.		Ramat Gan	L3	52118	13F HOLDINGS REPORT	028-17288			Y	"Part of the securities reported herein are held for members of the public through, among others, provident funds and/or mutual funds and/or pension funds and/or insurance policies, which are managed by subsidiaries of Harel Insurance Investments & Financial Services Ltd. (""Harel Holdings""), each of which subsidiaries operates under independent management and makes independent voting and investment decisions, with investment discretion over such securities exercised by either Harel Insurance Company Ltd., Harel Mutual Funds Ltd., Harel Sal Ltd. or Harel Finance Asset Management Ltd. (collectively, the ""Harel Entities"") or Harel Holdings. Each Harel Entity is a direct or indirect, wholly-owned subsidiary of Harel Holdings. This Form 13F shall not be construed as an admission by Harel Holdings or by any of the Harel Entities that it is the beneficial owner, or that it shares the power to vote or dispose, of any of such securities covered by this Form 13F, and each of Harel Holdings and the Harel Entities disclaims (i) beneficial ownership of any such securities except to the extent of its pecuniary interest therein and (ii) sharing the power to vote or dispose of any such securities."
0001178913-25-003576	30-SEP-2025	N							BANK HAPOALIM BM	BANK HAPOALIM B M	50 ROTHCHILD BOULEVARD	TEL AVIV	L3	00000	13F HOLDINGS REPORT	028-16115			N	
0001079112-25-000009	30-SEP-2025	N							HOWLAND CAPITAL MANAGEMENT LLC	75 FEDERAL STREET SUITE 1100		BOSTON	MA	02110-1911	13F HOLDINGS REPORT	028-03717			N	
0001754960-25-000719	30-SEP-2025								FINANCIAL MANAGEMENT NETWORK INC	26041 ACERO		MISSION VIEJO	CA	92691	13F HOLDINGS REPORT	028-20608	000110454	801-40473	N	
0001795552-25-000004	30-SEP-2025	N							Maryland State Retirement & Pension System	120 E. BALTIMORE STREET		BALTIMORE	MD	21202	13F HOLDINGS REPORT	028-20562			N	
0001706836-25-000007	30-SEP-2025								BFSG, LLC	2040 MAIN STREET	SUITE 720	IRVINE	CA	92614	13F HOLDINGS REPORT	028-18081	000143617	801-67796	N	
0001085163-25-000002	30-SEP-2025	N							SIGMA INVESTMENT COUNSELORS INC	186 E MAIN ST	SUITE 200	NORTHVILLE	MI	48167	13F HOLDINGS REPORT	028-04089	000104754	801-9529	N	
0001754960-25-000721	30-SEP-2025								HARTLINE INVESTMENT CORP/	460 WINNETKA AVENUE	SUITE 5	WINNETKA	IL	60093	13F HOLDINGS REPORT	028-04984			N	
0002007175-25-000007	30-SEP-2025								Valued Wealth Advisors LLC	3115 EAST LION LANE, SUITE 160		HOLLADAY	UT	84121	13F HOLDINGS REPORT	028-23488	000316746	801-122564	N	
0001754960-25-000722	30-SEP-2025								McBroom & Associates, LLC	1635 VILLAGE CENTER CIRCLE	SUITE 140	LAS VEGAS	NV	89134	13F HOLDINGS REPORT	028-21880			N	
0001599900-25-000004	30-SEP-2025	N							Sequoia Financial Advisors, LLC	3500 Embassy Parkway		Akron	OH	44333	13F HOLDINGS REPORT	028-15819			N	
0001817494-25-000003	30-SEP-2025	N							Walkner Condon Financial Advisors LLC	3418 MONROE STREET		MADISON	WI	53711	13F HOLDINGS REPORT	028-20346	000160109	801-114882	N	
0001542383-25-000002	30-SEP-2025	N							Aviance Capital Partners, LLC	2180 IMMOKALEE ROAD, #301		NAPLES	FL	34110	13F HOLDINGS REPORT	028-14896	000146597	801-68979	N	
0001214659-25-015461	30-SEP-2025	N							Occidental Asset Management, LLC	301 California Dr. #9		Burlingame	CA	94010	13F HOLDINGS REPORT	028-19444			N	
0001214659-25-015448	30-SEP-2025	N							QRG CAPITAL MANAGEMENT, INC.	1000 CHESTERBROOK BOULEVARD	SUITE 250	BERWYN	PA	19312	13F HOLDINGS REPORT	028-23430			N	
0001172661-25-004467	30-SEP-2025	N							EVERGREEN CAPITAL MANAGEMENT LLC	1412 112th Ave NE, Suite 100		Bellevue	WA	98004	13F HOLDINGS REPORT	028-10541	000104931	801-20248	N	
0001963040-25-000006	30-SEP-2025								LODESTAR PRIVATE ASSET MANAGEMENT LLC	3201 DANVILLE BLVD	SUITE 275	ALAMO	CA	94507	13F HOLDINGS REPORT	028-22795	000107638	801-37511	N	
0001701132-25-000010	30-SEP-2025								Sterling Investment Advisors, Ltd.	1055 WESTLAKES DRIVE	SUITE 150	BERWYN	PA	19312	13F HOLDINGS REPORT	028-18056	000140710	801-66769	N	
0001763121-25-000009	30-SEP-2025								Evolution Wealth Advisors, LLC	20900 NE 30TH AVENUE	SUITE 517	AVENTURA	FL	33180	13F HOLDINGS REPORT	028-18990	000285142	801-111646	N	
0000924181-25-000009	30-SEP-2025								LEAVELL INVESTMENT MANAGEMENT, INC.	LEAVELL INVESTMENT MANAGEMENT	210 ST. JOSEPH STREET	MOBILE	AL	36602	13F HOLDINGS REPORT	028-03713			N	
0001904828-25-000006	30-SEP-2025								FOREFRONT WEALTH MANAGEMENT INC.	18 CHURCH ROAD		MALVERN	PA	19355	13F HOLDINGS REPORT	028-21600	000299003	801-114299	N	
0001140361-25-039589	30-SEP-2025	N							NBT BANK N A /NY	52 South Broad Street		Norwich	NY	13815	13F HOLDINGS REPORT	028-03594			N	
0001910411-25-000006	30-SEP-2025								Confluence Wealth Services, Inc.	732 E MCMURRAY ROAD		MCMURRAY	PA	15317	13F HOLDINGS REPORT	028-21727	000311980	801-120711	N	
0001997685-25-000015	30-SEP-2025								Arlington Trust Co LLC	2000 MORRIS AVENUE	SUITE 1300	BIRMINGHAM	AL	35203	13F HOLDINGS REPORT	028-23402			N	
0001172661-25-004465	30-SEP-2025	N							First National Advisers, LLC	14010 Fnb Parkway	Stop 8121	Omaha	NE	68154	13F COMBINATION REPORT	028-22612	000277146	801-103473	N	
0001314440-25-000016	30-SEP-2025	N							Stephens Investment Management Group LLC	111 CENTER STREET		LITTLE ROCK	AR	72201	13F HOLDINGS REPORT	028-11261	000136369	801-64675	N	
0001907826-25-000003	30-SEP-2025	Y	1	RESTATEMENT					BLODGETT WEALTH ADVISORS, LLC	5446 HIDDENWOOD COURT		CONCORD	CA	94521	13F HOLDINGS REPORT	028-21561	000316838	801-122678	N	
0001115055-25-000187	30-SEP-2025	N							Pinnacle Financial Partners Inc	21 Platform Way South		Nashville	TN	37203	13F HOLDINGS REPORT	028-12761			N	
0001907826-25-000002	30-SEP-2025								BLODGETT WEALTH ADVISORS, LLC	5446 HIDDENWOOD COURT		CONCORD	CA	94521	13F HOLDINGS REPORT	028-21561	000316838	801-122678	N	
0001109767-25-000009	30-SEP-2025								NATIONS FINANCIAL GROUP INC, /IA/ /ADV	3925 FOUNTAINS BLVD NE	SUITE 200	CEDAR RAPIDS	IA	52411	13F HOLDINGS REPORT	028-17213			N	
0001654847-25-000006	30-SEP-2025								Community Bank & Trust, Waco, Texas	PO BOX 2303		WACO	TX	76703	13F HOLDINGS REPORT	028-17061			N	
0001172661-25-004462	30-SEP-2025	N							WASHBURN CAPITAL MANAGEMENT, INC.	70 Royal Palm Pointe	Suite C	Vero Beach	FL	32960	13F HOLDINGS REPORT	028-19651	000125708	801-112874	N	
0001861752-25-000006	30-SEP-2025								LCM Capital Management Inc	209 W. JACKSON BOULEVARD, SUITE 777		CHICAGO	IL	60606	13F HOLDINGS REPORT	028-21189	000111074	801-67893	N	
0001437749-25-031920	30-SEP-2025								GOULD ASSET MANAGEMENT LLC /CA/	341 WEST FIRST STREET	SUITE 200	CLAREMONT	CA	91711	13F HOLDINGS REPORT	028-14118			N	
0001172661-25-004458	30-SEP-2025	N							BARON SILVER STEVENS FINANCIAL ADVISORS, LLC	4800 N. Federal Highway	Suite 210-a	Boca Raton	FL	33431	13F HOLDINGS REPORT	028-21116	000126767	801-69482	N	
0001754960-25-000713	30-SEP-2025	Y	1	RESTATEMENT					Kingstone Capital Partners Texas, LLC	6160 WARREN PARKWAY		FRISCO	TX	75034	13F HOLDINGS REPORT	028-25387			N	
0002063364-25-000266	30-SEP-2025								Reliant Investment Partners, LLC	293 OLMSTED BLVD	SUITE 11B-4	PINEHURST	NC	28374	13F HOLDINGS REPORT	028-25617	000297369	801-113515	N	
0001172661-25-004453	30-SEP-2025	N							Sage Capital Management, LLC	102 Sandy Ridge Mt. Airy Rd.		Stockton	NJ	08559	13F HOLDINGS REPORT	028-24242	000108547		N	
0002016972-25-000011	30-SEP-2025								MAINSAIL ASSET MANAGEMENT, LLC	2229 1ST AVE. S.	SUITE 225	BIRMINGHAM	AL	35233	13F HOLDINGS REPORT	028-24050	000128373	801-67485	N	
0001193125-25-253028	30-SEP-2025	N							ASR Vermogensbeheer N.V.	Archimedeslaan 10		Utrecht	P7	3584 BA	13F HOLDINGS REPORT	028-25554			N	
0001715593-25-000005	30-SEP-2025	N							Csenge Advisory Group	4755 EAST BAY DR.		CLEARWATER	FL	33764	13F HOLDINGS REPORT	028-18154	000131167	801-72792	N	
0001848704-25-000002	30-SEP-2025	N							MBA Advisors LLC	295 N. KERRWOOD DRIVE	SUITE 102	HERMITAGE	PA	16148	13F HOLDINGS REPORT	028-21256	000168073	801-114359	N	
0001844314-25-000008	30-SEP-2025								Montis Financial, LLC	230 THIRD AVENUE		WALTHAM	MA	02451	13F HOLDINGS REPORT	028-20655	000163986	801-76534	N	
0001698218-25-000004	30-SEP-2025	N							RITHOLTZ WEALTH MANAGEMENT	24 WEST 40TH STREET	15TH FLOOR	NEW YORK	NY	10018	13F HOLDINGS REPORT	028-17973			N	
0001908378-25-000008	30-SEP-2025								EdgeRock Capital LLC	7001 EAST BELLEVIEW AVENUE	SUITE 800	DENVER	CO	80237	13F HOLDINGS REPORT	028-22584	000312325	801-121314	N	
0001655006-25-000002	30-SEP-2025	N							NWAM LLC	2835 82ND AVE SE	SUITE 100	MERCER ISLAND	WA	98040	13F HOLDINGS REPORT	028-17002	000147923	801-69483	N	
0001279891-25-000042	30-SEP-2025								WOLVERINE ASSET MANAGEMENT LLC	175 WEST JACKSON	SUITE 340	CHICAGO	IL	60604	13F HOLDINGS REPORT	028-10687			N	
0001569118-25-000009	30-SEP-2025								JNBA Financial Advisors	8500 NORMANDALE LAKE BLVD	SUITE 450	BLOOMINGTON	MN	55437	13F HOLDINGS REPORT	028-15159	000106550	801-21522	N	
0001104659-25-103009	30-SEP-2025	N							COUNTRY TRUST BANK	1711 General Electric Road		Bloomington	IL	61704	13F HOLDINGS REPORT	028-10304			N	
0002018007-25-000005	30-SEP-2025								American Capital Advisory, LLC	500 NORTH WASHINGTON AVE	PO BOX 4356	KETCHUM	ID	83340	13F HOLDINGS REPORT	028-24054	000141944		N	
0001832097-25-000010	30-SEP-2025								WOLFF WIESE MAGANA LLC	2131 PALOMAR AIRPORT RD	SUITE 330	CARSLBAD	CA	92011	13F HOLDINGS REPORT	028-20471	000157620	801-72588	N	
0001054425-25-000005	30-SEP-2025								DILLON & ASSOCIATES INC	PO BOX 1347		JACKSON	MI	49204	13F HOLDINGS REPORT	028-03631			N	
0002003557-25-000008	30-SEP-2025								Harbour Trust & Investment Management Co	1024 N KARWICK ROAD		MICHIGAN CITY	IN	46360	13F HOLDINGS REPORT	028-23537			N	
0001731795-25-000007	30-SEP-2025								Inlight Wealth Management, LLC	1175 PEACHTREE STREET NE	SUITE 360	ATLANTA	GA	30361	13F HOLDINGS REPORT	028-25045			N	
0001398344-25-019887	30-SEP-2025	N							Jackson Hole Capital Partners, LLC	110 NORTH ELGIN AVENUE	SUITE 510	TULSA	OK	74120	13F HOLDINGS REPORT	028-19081	000285978	801-113252	N	
0001398344-25-019886	30-SEP-2025	N							Global Trust Asset Management, LLC	11300 U.S. HIGHWAY 1	SUITE 600	PALM BEACH GARDENS	FL	33408	13F HOLDINGS REPORT	028-18247	000143120	801-68778	N	
0001062993-25-016320	30-SEP-2025	N							WRIGHT INVESTORS SERVICE INC	2 CORPORATE DRIVE, SUITE 770		SHELTON	CT	06484	13F HOLDINGS REPORT	028-00825	000106302	801-51257	N	
0000900974-25-000009	30-SEP-2025								Wilmington Savings Fund Society, FSB	500 DELAWARE AVENUE		WILMINGTON	DE	19801	13F HOLDINGS REPORT	028-03674			N	
0002085853-25-000177	30-SEP-2025	N							BXM Wealth LLC	8310 S Valley Highway	Suite 300	Englewood	CO	80112	13F HOLDINGS REPORT	028-24677			N	
0001859388-25-000009	30-SEP-2025								Franchise Capital Ltd	PO BOX 309, UGLAND HOUSE	GRAND CAYMAN KY1-1104	GRAND CAYMAN	E9	KY1-1104	13F HOLDINGS REPORT	028-21208			N	
0001540880-25-000015	30-SEP-2025								FJARDE AP-FONDEN /FOURTH SWEDISH NATIONAL PENSION FUND	P.O. BOX 3069		STOCKHOLM	V7	SE 10361	13F HOLDINGS REPORT	028-14940			N	
0001172661-25-004443	30-SEP-2025	N							Foundation Wealth Management, LLC	168 North Meramec Ave	Suite 100	Clayton	MO	63105	13F HOLDINGS REPORT	028-23133	000168270	801-123756	N	
0002009539-25-000013	30-SEP-2025								Rakuten Securities, Inc.	2-6-21 MINAMI-AOYAMA	MINATO-KU	TOKYO	M0	107-0062	13F HOLDINGS REPORT	028-23558			N	
0001951757-25-001219	30-SEP-2025								Well Done, LLC	85 E 8TH STREET	SUITE 150	HOLLAND	MI	49423	13F HOLDINGS REPORT	028-17539			N	
0001951757-25-001193	30-SEP-2025								Magnus Financial Group LLC	90 PARK AVENUE	18TH FLOOR	NEW YORK	NY	10016	13F HOLDINGS REPORT	028-19196			N	
0000801051-25-000002	30-SEP-2025	N							CONNING INC.	ONE FINANCIAL PLAZA		HARTFORD	CT	06103-2627	13F HOLDINGS REPORT	028-04513	000107423	801-18641	N	
0001951757-25-001218	30-SEP-2025								Procyon Advisors, LLC	1 CORPORATE DRIVE	SUITE 225	SHELTON	CT	06484	13F HOLDINGS REPORT	028-20175			N	
0001951757-25-001222	30-SEP-2025								Octavia Wealth Advisors, LLC	9999 CARVER ROAD, SUITE 130		CINCINNATI	OH	45242	13F HOLDINGS REPORT	028-20709			N	
0001986389-25-000008	30-SEP-2025								LAZARI CAPITAL MANAGEMENT, INC.	6928 OWENSMOUTH AVE #200		WOODLAND HILLS	CA	91303	13F HOLDINGS REPORT	028-23306	000172932	801-112927	N	
0002008703-25-000002	30-SEP-2025	N							Fonville Wealth Management LLC	8001 FRANKLIN FARMS DRIVE	RM 208	RICHMOND	VA	23229	13F HOLDINGS REPORT	028-23565	000155221	801-114868	N	
0001951757-25-001225	30-SEP-2025								Impact Capital Partners LLC	8101 E PRENTICE AVE	SUITE 1080	GREENWOOD VILLAGE	CO	80111	13F HOLDINGS REPORT	028-24841			N	
0001951757-25-001210	30-SEP-2025								FIRST NATIONAL CORP /MA/ /ADV	300 LEDGEWOOD PLACE	SUITE 101	ROCKLAND	MA	02370	13F HOLDINGS REPORT	028-19543			N	
0001951757-25-001202	30-SEP-2025								BLALOCK WILLIAMS, LLC	175 ALIANT PARKWAY		ALEXANDER CITY	AL	35010	13F HOLDINGS REPORT	028-25804			N	
0001951757-25-001199	30-SEP-2025								GERBER, LLC	580 N FOURTH STREET	SUITE 400	COLUMBUS	OH	43215	13F HOLDINGS REPORT	028-24006			N	
0001951757-25-001195	30-SEP-2025								RETIREMENT PLANNING GROUP, LLC / NY	2691 STATE ROUTE 9		MALTA	NY	12020	13F HOLDINGS REPORT	028-25374			N	
0001291318-25-000010	30-SEP-2025								OVERSEA-CHINESE BANKING Corp Ltd	63 CHULIA STREET #10-00		SINGAPORE	U0	049514	13F HOLDINGS REPORT	028-22953			N	
0001911316-25-000002	30-SEP-2025	N							Forbes Financial Planning, Inc.	660 MAIN STREET		EAST GREENWICH	RI	02818	13F HOLDINGS REPORT	028-22282			N	
0001951757-25-001213	30-SEP-2025								BostonPremier Wealth LLC	51 MILL STREET	SUITE 1	HANOVER	MA	02339	13F HOLDINGS REPORT	028-24646			N	
0001951757-25-001197	30-SEP-2025								WEALTH EFFECTS LLC	256 FRANKLIN STREET	SUITE 1702	BOSTON	MA	02110	13F HOLDINGS REPORT	028-21668			N	
0001951757-25-001204	30-SEP-2025								MELFA WEALTH MANAGEMENT, INC.	8 LYMAN STREET		WESTBOROUGH	MA	01581	13F HOLDINGS REPORT	028-22780			N	
0001951757-25-001206	30-SEP-2025								LITTLEJOHN FINANCIAL SERVICES, INC.	2435 NW KLINE STREET	SUITE 200	ROSEBURG	OR	97471	13F HOLDINGS REPORT	028-24672			N	
0001951757-25-001221	30-SEP-2025								SUTTON PLACE INVESTORS LLC	84 BUSINESS PARK DRIVE	SUITE 302	ARMONK	NY	10504	13F HOLDINGS REPORT	028-22551			N	
0001951757-25-001209	30-SEP-2025								SILVERLAKE WEALTH MANAGEMENT LLC	33 BLAIR PARK ROAD	SUITE 100	WILLISTON	VT	05495	13F HOLDINGS REPORT	028-23118			N	
0001951757-25-001215	30-SEP-2025								Sharp Financial Services, LLC	100 TOURNAMENT DRIVE	SUITE 310	HORSHAM	PA	19044	13F HOLDINGS REPORT	028-24222			N	
0001951757-25-001207	30-SEP-2025								UDINE WEALTH MANAGEMENT, INC.	115 E. BOCA RATON RD.	UNIT 313	BOCA RATON	FL	33432	13F HOLDINGS REPORT	028-21694			N	
0001352526-25-000009	30-SEP-2025								Hartford Financial Management Inc.	65 LASALLE ROAD SUITE 307		WEST HARTFORD	CT	06107	13F HOLDINGS REPORT	028-11822	000105039		N	
0000757657-25-000022	30-SEP-2025	N							STEPHENS INC /AR/	111 CENTER STREET		LITTLE ROCK	AR	72201	13F HOLDINGS REPORT	028-01458	000003496	801-15510	N	
0002070972-25-000006	30-SEP-2025								OPTIMA CAPITAL LLC	10940 SW BARNES RD. #127		PORTLAND	OR	97225	13F HOLDINGS REPORT	028-25637	000310146	801-120712	N	
0001735057-25-000007	30-SEP-2025								Versant Capital Management, Inc	2394 E. CAMELBACK RD, STE 100		PHOENIX	AZ	85016	13F HOLDINGS REPORT	028-18720			N	
0001161670-25-000005	30-SEP-2025								CULLINAN ASSOCIATES INC	295 N. HUBBARDS LANE	SUITE 203	LOUISVILLE	KY	40207	13F HOLDINGS REPORT	028-10216			N	
0001398344-25-019845	30-SEP-2025	N							ASHTON THOMAS SECURITIES, LLC	200 CANAL VIEW BLVD.	STE. 204	ROCHESTER	NY	14623	13F HOLDINGS REPORT	028-24293	000016629	801-69225	N	
0001782491-25-000006	30-SEP-2025								Jacobsen Capital Management	101 SOUTH 200 EAST	SUITE 524	SALT LAKE CITY	UT	84111	13F HOLDINGS REPORT	028-19555	000116085	801-63010	N	
0001172661-25-004441	30-SEP-2025	N							Cooper Capital Advisors LLC	280 N Coast Hwy 101		Encinitas	CA	92024	13F HOLDINGS REPORT	028-25489	000305121	801-117210	N	
0001732543-25-000005	30-SEP-2025								Q3 Asset Management	2175 COLE		BIRMINGHAM	MI	48009	13F HOLDINGS REPORT	028-18683			N	
0001016972-25-000007	30-SEP-2025								ARCADIA INVESTMENT MANAGEMENT CORP/MI	161 EAST MICHIGAN AVENUE	SUITE 500 SOUTH	KALAMAZOO	MI	49007	13F HOLDINGS REPORT	028-05696	000104867		N	
0001126395-25-000010	30-SEP-2025								EASTERN BANK	125 HIGH STREET, SUITE 901		BOSTON	MA	02110	13F HOLDINGS REPORT	028-06023			N	
0000905729-25-000172	30-SEP-2025	N							Midwest Capital Advisors, LLC	630 Kenmoor Ave Se	Suite 206	Grand Rapids	MI	49546	13F HOLDINGS REPORT	028-24738	000125389	801-79681	N	
0002030055-25-000007	30-SEP-2025								Argentarii, LLC	3825 EDWARDS ROAD STE 650		CINCINNATI	OH	45209	13F HOLDINGS REPORT	028-24810	000332112	801-130699	N	
0001062993-25-016300	30-SEP-2025	N							One Day In July LLC	77 COLLEGE ST. #3A		BURLINGTON	VT	05401	13F HOLDINGS REPORT	028-20360	000284335		N	
0000906396-25-000006	30-SEP-2025								MOSELEY INVESTMENT MANAGEMENT INC	1724 MANATEE AVE W		BRADENTON	FL	34205	13F HOLDINGS REPORT	028-19497	000124152		N	
0001639943-25-000002	30-SEP-2025								WealthPLAN Partners, LLC	101 SO. 108TH AVE	2ND FLOOR	OMAHA	NE	68154	13F HOLDINGS REPORT	028-16867	000305026	801-117955	N	
0001929986-25-000008	30-SEP-2025								WealthPlan Investment Management, LLC	101 S 108TH AVE	3RD FLOOR	OMAHA	NE	68154	13F HOLDINGS REPORT	028-22654	000311364	801-120004	N	
0001940033-25-000007	30-SEP-2025								Plan Group Financial, LLC	6 NE 63RD STREET		OKLAHOMA CITY	OK	73105	13F HOLDINGS REPORT	028-22609	000116508	801-118599	N	
0001349654-25-000008	30-SEP-2025	N							Obermeyer Wealth Partners	501 RIO GRANDE PLACE #107		ASPEN	CO	81611	13F HOLDINGS REPORT	028-11588	000110069	801-54953	N	
0001954782-25-000009	30-SEP-2025								Hoxton Planning & Management, LLC	8530 SHEPHERDSTOWN PIKE		SHEPHERDSTOWN	WV	25443	13F HOLDINGS REPORT	028-22754			N	
0001484540-25-000005	30-SEP-2025	N							WESPAC Advisors, LLC	4 ORINDA WAY	SUITE 100-B	ORINDA	CA	94563	13F HOLDINGS REPORT	028-13871	000148242	801-69552	N	
0002040353-25-000006	30-SEP-2025								Kera Capital Partners, Inc.	4101 J ST.	STE 230	SACRAMENTO	CA	95819	13F HOLDINGS REPORT	028-24558	000312875	801-120454	N	
0001172661-25-004439	30-SEP-2025	N							GWN SECURITIES INC.	11440 North Jog Road		Palm Beach Gardens	FL	33418-3764	13F HOLDINGS REPORT	028-24862	000128929	801-62547	N	
0001767343-25-000006	30-SEP-2025								DAGCO, INC.	27366 CENTER RIDGE ROAD		WESTLAKE	OH	44145	13F HOLDINGS REPORT	028-19349			N	
0001508195-25-000004	30-SEP-2025	N							Retirement Planning Group, LLC	11460 TOMAHAWK CREEK PKWY	SUITE 400	LEAWOOD	KS	66211	13F HOLDINGS REPORT	028-14171			N	
0001576151-25-000022	30-SEP-2025								EXENCIAL WEALTH ADVISORS, LLC	9108 N. KELLEY AVE.		OKLAHOMA CITY	OK	73131	13F HOLDINGS REPORT	028-15490	000130475	801-62789	N	
0001836266-25-000002	30-SEP-2025	N							David J Yvars Group	7706 SLOANE GARDENS CT		UNIVERSITY PARK	FL	34201	13F HOLDINGS REPORT	028-20440	000328901	801-129169	N	
0001418427-25-000002	30-SEP-2025	N							Robeco Schweiz AG	Josefstrasse 218		ZURICH	V8	8005	13F COMBINATION REPORT	028-12627			N	
0001172661-25-004438	30-SEP-2025	N							Klingman & Associates, LLC	120 West 45th Street	Suite 3800	New York	NY	10036	13F HOLDINGS REPORT	028-17124	000125618	801-67783	N	
0001756759-25-000008	30-SEP-2025								Clarity Asset Management, Inc.	2117 PHILADELPHIA STREET, SUITE 100		AMES	IA	50010	13F HOLDINGS REPORT	028-23969			N	
0001801682-25-000005	30-SEP-2025								PBMares Wealth Management LLC	4801 COURTHOUSE STREET	SUITE 128	WILLIAMSBURG	VA	23188	13F HOLDINGS REPORT	028-19746	000116218	801-62465	N	
0002085853-25-000175	30-SEP-2025	N							Vivid Wealth Management, LLC	2600 Westown Parkway, Ste. 150		West Des Moines	IA	50266	13F HOLDINGS REPORT	028-23539	000322974	801-126577	N	
0002085853-25-000174	30-SEP-2025	N							Concurrent Investment Advisors, LLC	100 S Ashley Drive	Suite 830	Tampa	FL	33602	13F HOLDINGS REPORT	028-24058	000323135	801-126555	N	
0002012031-25-000006	30-SEP-2025								Financial Network Wealth Advisors LLC	118 WEST WINCHESTER STREET	SUITE 101	MURRAY	UT	84107	13F HOLDINGS REPORT	028-23800			N	
0002085853-25-000172	30-SEP-2025	N							PRIMORIS WEALTH ADVISORS, LLC	9250 Alternate A1a, Suite A		North Palm Beach	FL	33403	13F HOLDINGS REPORT	028-21655	000125567	801-119740	N	
0002052595-25-000069	30-SEP-2025	N							TD PRIVATE CLIENT WEALTH LLC	1 VANDERBILT AVENUE, 23RD FLOOR		NEW YORK	NY	10017	13F HOLDINGS REPORT	028-24317			N	
0001398344-25-019816	30-SEP-2025	N							LIBERTY ONE INVESTMENT MANAGEMENT, LLC	1509 N. MILWAUKEE AVE.		LIBERTYVILLE	IL	60048	13F HOLDINGS REPORT	028-20219	000304290	801-116826	N	
0002085853-25-000170	30-SEP-2025	N							CPC Advisors, LLC	1475 Peachtree St. Ne	Suite 750	Atlanta	GA	30309	13F HOLDINGS REPORT	028-20227	000111025	801-11913	N	
0002085853-25-000169	30-SEP-2025	N							American Financial Advisors, LLC	2551 Roswell Road	Suite 310	Marietta	GA	30062	13F HOLDINGS REPORT	028-19419	000115824	801-60761	N	
0002085853-25-000167	30-SEP-2025	N							Bosman Wealth Management, LLC	555 Cajon Street Suite D		Redlands	CA	92373	13F HOLDINGS REPORT	028-25522			N	
0001104659-25-102480	30-SEP-2025	N							FIRST UNITED BANK & TRUST	19 South Second Street		Oakland	MD	21550	13F HOLDINGS REPORT	028-10455			N	
0002085853-25-000166	30-SEP-2025	N							QVR LLC	505 Montgomery Street	Suite 1102	San Francisco	CA	94111	13F HOLDINGS REPORT	028-18719	000288357	801-110989	N	
0001835669-25-000010	30-SEP-2025								Crew Capital Management, Ltd	3881 JESSUP RD		CINCINNATI	OH	45427	13F HOLDINGS REPORT	028-21156	000125402	801-119376	N	
0001975700-25-000005	30-SEP-2025								Decker Retirement Planning Inc.	2889 W. ASHTON BLVD.	SUITE 125	LEVI	UT	84043	13F HOLDINGS REPORT	028-24552	000284281	801-120733	N	
0001321993-25-000009	30-SEP-2025								GRIMES & Co WEALTH MANAGEMENT, LLC	ONE TECHNOLOGY DRIVE, STE 100		WESTBOROUGH	MA	01581	13F HOLDINGS REPORT	028-11551			N	
0001715740-25-000009	30-SEP-2025								Bogart Wealth, LLC	2010 CORPORATE RIDGE, SUITE 900		MCLEAN	VA	22102	13F HOLDINGS REPORT	028-18144	000283886	801-107912	N	
0001912338-25-000007	30-SEP-2025								Quent Capital, LLC	1120 AVENUE OF THE AMERICAS	4TH FLOOR	NEW YORK	NY	10036	13F HOLDINGS REPORT	028-22338	000308203	801-118601	N	
0002059321-25-000062	30-SEP-2025								PKO Investment Management Joint-Stock Co	SWIETOKRZYSKA 36		WARSAW	R9	00-116	13F HOLDINGS REPORT	028-25455			N	
0001738738-25-000006	30-SEP-2025								Pinion Investment Advisors, LLC	1605 N WATERFRONT PARKWAY	SUITE 200	WICHITA	KS	67206	13F HOLDINGS REPORT	028-18765			N	
0001062993-25-016293	30-SEP-2025	N							Belvedere Trading LLC	10 S. RIVERSIDE PLAZA	SUITE 2100	CHICAGO	IL	60606	13F HOLDINGS REPORT	028-16463	000132605	8-66612	N	
0001008895-25-000008	30-SEP-2025								SCHMIDT P J INVESTMENT MANAGEMENT INC	W62 N570 WASHINGTON AVE	PO BOX 148	CEDARBURG	WI	53012	13F HOLDINGS REPORT	028-03627			N	
0001218210-25-000019	30-SEP-2025								NORDEA INVESTMENT MANAGEMENT AB	M 540		STOCKHOLM	V7	SE-10571	13F HOLDINGS REPORT	028-10382			N	
0001352675-25-000008	30-SEP-2025								Bangor Savings Bank	24 HAMLIN WAY		BANGOR	ME	04401	13F HOLDINGS REPORT	028-11702			N	
0001172661-25-004437	30-SEP-2025	N							ZEGA Investments, LLC	3801 Pga Boulevard		Palm Beach Gardens	FL	33410	13F HOLDINGS REPORT	028-24897	000330428	801-130244	N	
0001468792-25-000006	30-SEP-2025								HARBOR INVESTMENT ADVISORY, LLC	2330 W. JOPPA ROAD	SUITE 160	LUTHERVILLE	MD	21093	13F HOLDINGS REPORT	028-19658			N	
0001601384-25-000009	30-SEP-2025								Allen Capital Group, LLC	3032 WEST STOLLEY PARK RD		GRAND ISLAND	NE	68801	13F HOLDINGS REPORT	028-18371	000135879	801-64514	N	
0001321194-25-000010	30-SEP-2025								Argyle Capital Management, LLC	3701 CORPORATE PARKWAY	SUITE 140	CENTER VALLEY	PA	18034	13F HOLDINGS REPORT	028-11319	000106576	801-19780	N	
0001329948-25-000015	30-SEP-2025								Janney Montgomery Scott LLC	1717 ARCH STREET		PHILADELPHIA	PA	19103	13F HOLDINGS REPORT	028-11413			N	
0001398344-25-019801	30-SEP-2025	N							New Republic Capital, LLC	521 EAST MOREHEAD STREET	SUITE 100	CHARLOTTE	NC	28202	13F HOLDINGS REPORT	028-23364	000310907	801-119745	N	
0001398344-25-019800	30-SEP-2025	N							Kiker Wealth Management, LLC	788 W. CHURCH ST		JASPER	GA	30143	13F HOLDINGS REPORT	028-24895	000154405	801-79392	N	
0001696497-25-000010	30-SEP-2025								Stone House Investment Management, LLC	80 WEST TIOGA STREET		TUNKHANNOCK	PA	18657	13F HOLDINGS REPORT	028-17659			N	
0001803456-25-000002	30-SEP-2025								N.E.W. Advisory Services LLC	2200 DICKINSON RD	UNIT 17A	DE PERE	WI	54115	13F HOLDINGS REPORT	028-20048			N	
0001697375-25-000009	30-SEP-2025								Farmers & Merchants Trust Co of Chambersburg PA	1500 NITTERHOUSE DRIVE	PO BOX 6010	CHAMBERSBURG	PA	17201	13F HOLDINGS REPORT	028-17642			N	
0001172661-25-004430	30-SEP-2025	N							TOKIO MARINE ASSET MANAGEMENT CO LTD	1-8-2 Marunouchi	Chiyoda-ku	Tokyo	M0	100-0005	13F HOLDINGS REPORT	028-14025	000175025	802-85191	Y	Tokio Marine Asset Management Co., Ltd.  is a direct wholly-owned subsidiary of Tokio Marine Holdings, Inc.
0000729563-25-000009	30-SEP-2025								GILL CAPITAL PARTNERS, LLC	4582 S ULSTER STREET	SUITE 1400	DENVER	CO	80237	13F HOLDINGS REPORT	028-19774			N	
0001214659-25-015331	30-SEP-2025	N							Sumitomo Mitsui Trust Group, Inc.	1-4-1, MARUNOUCHI		CHIYODA-KU, TOKYO	M0	100-8233	13F COMBINATION REPORT	028-14527			N	
0001736260-25-000010	30-SEP-2025								Cornell Pochily Investment Advisors, Inc.	2415 NORTH TRIPHAMMER ROAD	SUITE 1	ITHACA	NY	14850	13F HOLDINGS REPORT	028-18710	000145355	801-68467	N	
0001172661-25-004429	30-SEP-2025	N							Roger Wittlin Investment Advisory, LLC	1000 Green Street	Ph 1	San Francisco	CA	94133	13F HOLDINGS REPORT	028-22286	000292577	801-121381	N	
0002019946-25-000006	30-SEP-2025								Mowery & Schoenfeld Wealth Management, LLC	475 HALF DAY ROAD	SUITE 500	LINCOLNSHIRE	IL	60069	13F HOLDINGS REPORT	028-24151	000118366	801-126430	N	
0001710207-25-000009	30-SEP-2025								Lattice Capital Management, LLC	1014 MARKET ST.	SUITE 100	KIRKLAND	WA	98033	13F HOLDINGS REPORT	028-21458	000141860	801-79193	N	
0001727917-25-000011	30-SEP-2025								Gradient Capital Advisors, LLC	2125 POINSETTIA DRIVE		SAN DIEGO	CA	92107	13F HOLDINGS REPORT	028-18357	000168912	801-78917	N	
0001622757-25-000008	30-SEP-2025								Elite Wealth Management, Inc.	1014 MARKET STREET	SUITE 100	KIRKLAND	WA	98033	13F HOLDINGS REPORT	028-17534	000132122	801-63310	N	
0000036966-25-000134	30-SEP-2025								FIRST HORIZON CORP	165 MADISON AVENUE		MEMPHIS	TN	38103	13F HOLDINGS REPORT	028-00227			N	
0001544806-25-000008	30-SEP-2025								VICUS CAPITAL	476 ROLLING RIDGE DRIVE	SUITE 315	STATE COLLEGE	PA	16801	13F HOLDINGS REPORT	028-15449	000116021		N	
0000887402-25-000009	30-SEP-2025								GODSEY & GIBB, INC	6806 PARAGON PLACE SUITE 230		RICHMOND	VA	23230	13F HOLDINGS REPORT	028-04813			N	
0001703383-25-000007	30-SEP-2025								Pinnacle Bancorp, Inc.	523 COURT STREET		BEATRICE	NE	68310	13F HOLDINGS REPORT	028-18006			N	
0001172661-25-004428	30-SEP-2025	N							MGO ONE SEVEN LLC	24400 Chagrin Blvd.	Suite 310	Beachwood	OH	44122	13F HOLDINGS REPORT	028-18648	000283087	801-107829	N	
0001398344-25-019773	30-SEP-2025	N							MEEDER ASSET MANAGEMENT INC	6125 MEMORIAL DRIVE		DUBLIN	OH	43017	13F HOLDINGS REPORT	028-01512	000105794	801-9839	N	
0002093055-25-000003	30-JUN-2025								Aventus Investment Advisors, Inc.	780 5TH AVE S, STE 200		NAPLES	FL	34102	13F HOLDINGS REPORT	028-25803	000153390		N	
0000759944-25-000146	30-SEP-2025	N							CITIZENS FINANCIAL GROUP INC/RI	1 CITIZENS PLAZA		PROVIDENCE	RI	02903	13F COMBINATION REPORT	028-05954			N	
0001438574-25-000009	30-SEP-2025								Sterneck Capital Management, LLC	1251 NW BRIARCLIFF PKWY	#95	KANSAS CITY	MO	64116	13F HOLDINGS REPORT	028-13362	000111463		N	
0001398344-25-019768	30-SEP-2025	N							Meeder Advisory Services, Inc.	6125 MEMORIAL DRIVE		DUBLIN	OH	43017	13F HOLDINGS REPORT	028-23090	000106814	801-40023	N	
0001427372-25-000011	30-SEP-2025								Gibson Capital, LLC	6600 BROOKTREE COURT, SUITE 2200		WEXFORD	PA	15090	13F HOLDINGS REPORT	028-12998	000148836	801-69774	N	
0001950158-25-000007	30-SEP-2025								Lodestone Wealth Management LLC	9 S WASHINGTON ST STE 211		SPOKANE	WA	99201	13F HOLDINGS REPORT	028-22872	000151115	801-120040	N	
0001172661-25-004427	30-SEP-2025	N							Westwood Wealth Management	11150 SANTA MONICA BLVD	STE. 740	Los Angeles	CA	90025	13F HOLDINGS REPORT	028-22023	000290658	801-121572	N	
0001967332-25-000003	30-SEP-2025								PANORAMIC INVESTMENT ADVISORS, LLC	650 S. CHERRY ST SUITE 840		DENVER	CO	80246	13F HOLDINGS REPORT	028-23152	000290770	801-112146	N	
0002048892-25-000003	30-SEP-2025								Vantage Point Financial LLC	2443 WARRENVILLE ROAD	SUITE 630	LISLE	IL	60532	13F HOLDINGS REPORT	028-24615	000305016	801-122708	N	
0001395067-25-000006	30-SEP-2025								Marquette Asset Management, LLC	150 SOUTH 5TH STREET	SUITE 2800	MINNEAPOLIS	MN	55402	13F HOLDINGS REPORT	028-12461			N	
0001172661-25-004426	30-SEP-2025	N							TEMA ETFS LLC	200 Vesey St	Brookfield Place, Suite 24106	New York	NY	10281	13F HOLDINGS REPORT	028-25312	000332224	801-131126	N	
0002010098-25-000008	30-SEP-2025								Evergreen Private Wealth LLC	7400 E. ORCHARD ROAD	SUITE 2500N	GREENWOOD VILLAGE	CO	80111	13F HOLDINGS REPORT	028-23647	000324777		N	
0001907092-25-000006	30-SEP-2025								Shore Point Advisors, LLC	402 HIGGINS AVE		BRIELLE	NJ	08730	13F HOLDINGS REPORT	028-21715	000296848		N	
0001966482-25-000007	30-SEP-2025								CONTINUUM WEALTH ADVISORS, LLC	18 DIVISION ST.	SUITE 207B	SARATOGA SPRINGS	NY	12866	13F HOLDINGS REPORT	028-23153	000152895		N	
0001671716-25-000004	30-SEP-2025								Bristlecone Advisors, LLC	10900 NE 4TH STREET, SUITE 1920		BELLEVUE	WA	98004	13F HOLDINGS REPORT	028-17428			N	
0000314969-25-000014	30-SEP-2025								NEW YORK STATE TEACHERS RETIREMENT SYSTEM	10 CORPORATE WOODS DRIVE		ALBANY	NY	12211-2395	13F HOLDINGS REPORT	028-03257			N	
0001595509-25-000008	30-SEP-2025								IRON Financial LLC	630 DUNDEE ROAD	SUITE 300	NORTHBROOK	IL	60062	13F HOLDINGS REPORT	028-15674	000106682	801-46417	N	
0002011145-25-000007	30-SEP-2025								Atlantic Edge Private Wealth Management, LLC	200 W FORSYTH ST	SUITE 1020	JACKSONVILLE	FL	32202	13F HOLDINGS REPORT	028-23652	000327354	801-128750	N	
0001941040-25-000566	30-SEP-2025	N							Reliant Investment Management, LLC	1715 Aaron Brenner Drive	Suite 504	Memphis	TN	38120	13F HOLDINGS REPORT	028-15849	000111220	801-60115	N	
0000861787-25-000027	30-SEP-2025								Washington Trust Bank	Post Office Box 2127		Spokane	WA	99210-2127	13F HOLDINGS REPORT	028-04807			N	
0001798986-25-000006	30-SEP-2025								Cedar Mountain Advisors, LLC	5285 MEADOWS ROAD SUITE 360		LAKE OSWEGO	OR	97035	13F HOLDINGS REPORT	028-19719	000140339	801-68704	N	
0001754960-25-000712	30-SEP-2025								Warwick Investment Management, Inc.	4444 CARTER CREEK PARKWAY	SUITE 109	BRYAN	TX	77802	13F HOLDINGS REPORT	028-22585			N	
0001398344-25-019735	30-SEP-2025	N							Covenant Partners, LLC	P.O. Box 158187		Nashville	TN	37215	13F HOLDINGS REPORT	028-19281	000110137	801-62178	N	
0002063364-25-000262	30-SEP-2025								Axis Wealth Partners, LLC	400 MASSASOIT AVENUE, SUITE 112		EAST PROVIDENCE	RI	02914	13F HOLDINGS REPORT	028-24811	000167122	801-120324	N	
0002048423-25-000009	30-SEP-2025								Bayforest Capital Ltd	3 ORCHARD PL		LONDON	X0	SW1H 0BF	13F HOLDINGS REPORT	028-25191			N	
0001722512-25-000007	30-SEP-2025								Trilogy Capital Inc.	2601 MAIN ST	SUITE 100	IRVINE	CA	92614	13F HOLDINGS REPORT	028-18286			N	
0001739043-25-000007	30-SEP-2025								Winthrop Advisory Group LLC	321 COLUMBUS AVE	3RD FLOOR	BOSTON	MA	02116	13F HOLDINGS REPORT	028-18734	000288178	801-110461	N	
0001962695-25-000005	30-SEP-2025								Olistico Wealth, LLC	2431 E 61ST ST, STE 175		TULSA	OK	74136	13F HOLDINGS REPORT	028-22798			N	
0000007789-25-000175	30-SEP-2025	N							Associated Banc-Corp	433 Main Street		Green Bay	WI	54301	13F HOLDINGS REPORT	028-00967			N	
0001911832-25-000010	30-SEP-2025								Forum Financial Management, LP	1900 S. HIGHLAND AVE.	SUITE 100	LOMBARD	IL	60148	13F HOLDINGS REPORT	028-22291	000145706	801-69970	N	
0001992785-25-000007	30-SEP-2025								CGC Financial Services, LLC	5 CENTERPOINTE DR, SUITE 550		LAKE OSWEGO	OR	97035	13F HOLDINGS REPORT	028-23386	000155446	801-78845	N	
0001838234-25-000003	30-SEP-2025								Hemington Wealth Management	7651 LEESBURG PIKE		FALLS CHURCH	VA	22043	13F HOLDINGS REPORT	028-20505			N	
0002032602-25-000005	30-SEP-2025								ORG Wealth Partners, LLC	5001 SPRING VALLEY RD, STE 810W		DALLAS	TX	75244	13F HOLDINGS REPORT	028-24384			N	
0001792704-25-000002	30-SEP-2025								Avion Wealth	2829 TECHNOLOGY FOREST BLVD #300		THE WOODLANDS	TX	77381	13F HOLDINGS REPORT	028-19603			N	
0001646695-25-000005	30-SEP-2025								Steele Capital Management, Inc.	1000 JACKSON STREET	SUITE 201	DUBUQUE	IA	52001	13F HOLDINGS REPORT	028-23597	000107097	801-50636	N	
0001900406-25-000007	30-SEP-2025								Cross Staff Investments Inc	115 SULLYS TRAIL	SUITE 8	PITTSFORD	NY	14534	13F HOLDINGS REPORT	028-21620	000165984	801-77488	N	
0002033232-25-000009	30-SEP-2025								Fairfield Financial Advisors, LTD	20 WILLIAM ST		WELLESLEY	MA	02481	13F HOLDINGS REPORT	028-24282			N	
0001398344-25-019719	30-SEP-2025	N							Sachetta, LLC	600 MARKET STEET	SUITE 684	LYNNFIELD	MA	01940	13F HOLDINGS REPORT	028-23671	000145713	801-100474	N	
0001979372-25-000008	30-SEP-2025								ORG Partners LLC	13548 ZUBRICK RD		ROANOKE	IN	46783	13F HOLDINGS REPORT	028-23285			N	
0001772483-25-000006	30-SEP-2025								Legacy Trust	99 MONROE AVE, NW	SUITE 600	GRAND RAPIDS	MI	49503	13F HOLDINGS REPORT	028-23169			N	
0001963839-25-000012	30-SEP-2025								Redwood Wealth Management Group, LLC	400 STOKES RD	PO BOX 1057	MEDFORD	NJ	08055	13F HOLDINGS REPORT	028-22784			N	
0001398344-25-019713	30-SEP-2025	N							TFC Financial Management, Inc.	260 FRANKLIN STREET	SUITE 1888	BOSTON	MA	02110	13F HOLDINGS REPORT	028-20374	000105062	801-17784	N	
0001172661-25-004418	30-SEP-2025	N							Purus Wealth Management, LLC	4675 Macarthur Court	Suite 770	Newport Beach	CA	92660	13F HOLDINGS REPORT	028-21066	000174490	801-80854	N	
0002085853-25-000156	30-SEP-2025	N							ACORN FINANCIAL ADVISORY SERVICES INC /ADV	1900 CAMPUS COMMONS DR.	SUITE 600	Reston	VA	20191	13F HOLDINGS REPORT	028-19688	000116763	801-66477	N	
0002085853-25-000154	30-SEP-2025	N							Sonoma Allocations LLC	50 OLD COURTHOUSE SQUARE, SUITE 300		SANTA ROSA	CA	95404	13F HOLDINGS REPORT	028-25802			N	
0001642305-25-000006	30-SEP-2025								Roble, Belko & Company, Inc	1603 CARMODY COURT	SUITE 401	SEWICKLEY	PA	15143	13F HOLDINGS REPORT	028-16890			N	
0002085853-25-000153	30-SEP-2025	N							Catalina Capital Group, LLC	2601 Airport Drive	Suite 375	Torrance	CA	90505	13F HOLDINGS REPORT	028-24081	000172556	801-110269	N	
0002085853-25-000152	30-SEP-2025	N							Mine & Arao Wealth Creation & Management, LLC.	901 CAMPISI WAY	SUITE 140	CAMPBELL	CA	95008	13F HOLDINGS REPORT	028-19861	000118319	801-113885	N	
0000878770-25-000007	30-SEP-2025								WORLD EQUITY GROUP, INC.	425 N MARTINGALE ROAD	SUITE 1200	SCHAUMBURG	IL	60173	13F HOLDINGS REPORT	028-24225	000029087	801-56328	N	
0002075029-25-000006	30-SEP-2025								MASTERINVEST Kapitalanlage GmbH	LANDSTRASSER HAUPTSTRASSE 1 TOP 27		VIENNA	C4	1030	13F HOLDINGS REPORT	028-25762			N	
0001172661-25-004414	30-SEP-2025	N							Hudock, Inc.	400 Market Street	Suite 200	Williamsport	PA	17701	13F HOLDINGS REPORT	028-15331	000149255	801-70772	N	
0001193125-25-249288	30-SEP-2025	N							Sumitomo Mitsui DS Asset Management Company, Ltd	TORANOMON HILLS BUSINESS TOWER 26F	1-17-1 TORANOMON, MINATO-KU	TOKYO	M0	105-6426	13F HOLDINGS REPORT	028-14064	000301509	801-116710	N	
0001894712-25-000005	30-SEP-2025								Cromwell Holdings LLC	255 BUFFALO WAY	OFFICE 305	JACKSON	WY	93001	13F HOLDINGS REPORT	028-24329			N	
0001767384-25-000002	30-SEP-2025	N							Clarity Wealth Advisors, LLC	2160 THE ALAMEDA, SUITE A		SAN JOSE	CA	95126	13F HOLDINGS REPORT	028-19804	000157913	801-79251	N	
0002002628-25-000002	30-SEP-2025	N							Morton Capital Management LLC/CA	27200 AGOURA ROAD	SUITE 200	CALABASAS	CA	91301	13F HOLDINGS REPORT	028-23474	000141250	801-67025	N	
0001840455-25-000005	30-SEP-2025	N							Kesler, Norman & Wride, LLC	2225 WASHINGTON BLVD	SUITE 110	OGDEN	UT	84401	13F HOLDINGS REPORT	028-20536			N	
0001213900-25-101793	30-SEP-2025	N							OREGON PUBLIC EMPLOYEES RETIREMENT FUND	16290 SW UPPER BOONES FERRY ROAD		TIGARD	OR	97224	13F HOLDINGS REPORT	028-13801			N	
0001380443-25-000005	30-SEP-2025	N							Valmark Advisers, Inc.	130 SPRINGSIDE DRIVE	SUITE 300	AKRON	OH	44333	13F HOLDINGS REPORT	028-12433	000108050	801-55564	N	
0002005380-25-000002	30-SEP-2025	N							Trueblood Wealth Management, LLC	2500 SHAWNEE ROAD, SUITE A		LIMA	OH	45806	13F HOLDINGS REPORT	028-23515	000321659	801-125794	N	
0001760578-25-000008	30-SEP-2025								Pasadena Private Wealth, LLC	2 N. LAKE AVE.	STE 520	PASADENA	CA	91101	13F HOLDINGS REPORT	028-19092			N	
0001754960-25-000710	30-SEP-2025								Bay Colony Advisory Group, Inc d/b/a Bay Colony Advisors	86 BAKER AVENUE EXTENSION	SUITE 310	CONCORD	MA	01742	13F HOLDINGS REPORT	028-18862			N	
0001370102-25-000014	30-SEP-2025								State of Alaska, Department of Revenue	333 WILLOUGHBY AVENUE	TREASURY DIVISION 11TH FLOOR	JUNEAU	AK	99801	13F HOLDINGS REPORT	028-11974			N	
0001963536-25-000002	30-SEP-2025	N							Jessup Wealth Management, Inc	35 PARK AVENUE		DAYTON	OH	45419	13F HOLDINGS REPORT	028-22777	000323035	801-127039	N	
0001754960-25-000707	30-SEP-2025								MADDEN SECURITIES Corp	8333 DOUGLAS AVENUE	SUITE 1625	DALLAS	TX	75225	13F HOLDINGS REPORT	028-20182	000018389		N	
0002011267-25-000003	30-SEP-2025	N							SEAMOUNT FINANCIAL GROUP INC	90 SO CASCADE AVENUE	SUITE 970	COLORADO SPRINGS	CO	80903	13F HOLDINGS REPORT	028-23805	000107834	801-56412	N	
0001910934-25-000002	30-SEP-2025	N							Life Planning Partners, Inc	6550 ST. AUGUSTINE ROAD	SUITE 302	JACKSONVILLE	FL	32217	13F HOLDINGS REPORT	028-21823	000129338	801-107568	N	
0001214659-25-015257	30-SEP-2025	N							CONWAY CAPITAL MANAGEMENT, INC.	3500 W. Olive Avenue	Suite 300	Burbank	CA	91505	13F HOLDINGS REPORT	028-24505			N	
0001062993-25-016276	30-SEP-2025	N							Capital Investment Advisors, LLC	10 GLENLAKE PARKWAY	NORTH TOWER SUITE 1000	ATLANTA	GA	30328	13F HOLDINGS REPORT	028-15763	000158055	801-72532	N	
0001908158-25-000006	30-SEP-2025								MILLER WEALTH ADVISORS, LLC	P.O. BOX 627		OURAY	CO	81427	13F HOLDINGS REPORT	028-22591	000171329	801-121737	N	
0002048547-25-000007	30-SEP-2025								Asset Planning,Inc	4281 KATELLA AVENUE	SUITE 203	LOS ALAMITOS	CA	90720	13F HOLDINGS REPORT	028-24675	000111535	801-62993	N	
0001105837-25-000010	30-SEP-2025								WEBSTER BANK, N. A.	WEBSTER PLAZA	123 BANK STREET PB805-2	WATERBURY	CT	06702	13F HOLDINGS REPORT	028-05301			N	
0001398344-25-019666	30-SEP-2025	N							Vermillion Wealth Management, Inc.	15040 CANADA AVE		ROSEMOUNT	MN	55068	13F HOLDINGS REPORT	028-25397	000281978	801-107450	N	
0001172779-25-000006	30-SEP-2025								DOCK STREET ASSET MANAGEMENT INC	2875 SOUTH OCEAN BLVD., STE. 200-46		PALM BEACH	FL	33480	13F HOLDINGS REPORT	028-10201			N	
0001214659-25-015245	30-SEP-2025	N							Legacy Wealth Management, LLC / MS	300 CONCOURSE BLVD.	SUITE 102	RIDGELAND	MS	39157	13F HOLDINGS REPORT	028-24517			N	
0000937615-25-000011	30-SEP-2025								NISA INVESTMENT ADVISORS, LLC	7676 FORSYTH BLVD	SUITE 1100	ST. LOUIS	MO	63105	13F HOLDINGS REPORT	028-04668	000107313	801-45153	N	
0002010029-25-000004	30-SEP-2025								EVOLUTION WEALTH MANAGEMENT INC.	12487 BRANTLEY COMMONS COURT		FORT MYERS	FL	33907	13F HOLDINGS REPORT	028-25771	000307644	801-131761	N	
0001951757-25-001189	30-SEP-2025								StoneCrest Wealth Management, Inc.	118 S KYRENE ROAD	SUITE 4	CHANDLER	AZ	85226	13F HOLDINGS REPORT	028-23519			N	
0001951757-25-001185	30-SEP-2025								HARRELL INVESTMENT PARTNERS, LLC	3814 MEDICAL PARKWAY		AUSTIN	TX	78756	13F HOLDINGS REPORT	028-19944			N	
0002007263-25-000007	30-SEP-2025								BKM Wealth Management, LLC	20300 WATER TOWER BLVD. STE. 250		BROOKFIELD	WI	53045	13F HOLDINGS REPORT	028-23494	000323928	801-127026	N	
0001731876-25-000002	30-SEP-2025								Steigerwald, Gordon & Koch Inc.	893-A HARRISON STREET, SE		LEESBURG	VA	20175	13F HOLDINGS REPORT	028-18900	000111685	801-55694	N	
0001172661-25-004410	30-SEP-2025	N							Clear Harbor Asset Management, LLC	263 Tresser Blvd	15th Floor	Stamford	CT	06901	13F HOLDINGS REPORT	028-14126	000152242	801-70821	N	
0001957394-25-000014	30-SEP-2025								Beaumont Financial Advisors, LLC	250 1ST AVENUE	SUITE 101	NEEDHAM	MA	02494	13F HOLDINGS REPORT	028-22757	000322925	801-126715	N	
0001427351-25-000012	30-SEP-2025								MERIDIAN INVESTMENT COUNSEL INC.	PO BOX 1057		LAFAYETTE	CA	94549	13F HOLDINGS REPORT	028-12994	000131655	801-63191	N	
0001649107-25-000005	30-SEP-2025								Moisand Fitzgerald Tamayo, LLC	300 SOUTH ORANGE AVENUE	SUITE 1170	ORLANDO	FL	32801	13F HOLDINGS REPORT	028-17140			N	
0001492162-25-000007	30-SEP-2025								Lesa Sroufe & Co	801 2ND AVENUE SUITE 304		SEATTLE	WA	98104	13F HOLDINGS REPORT	028-13961			N	
0001987855-25-000008	30-SEP-2025								KINGSWOOD WEALTH ADVISORS, LLC	11440 W. BERNARDO CT.	SUITE300	SAN DIEGO	CA	92127	13F HOLDINGS REPORT	028-23333	000288792		N	
0001163902-25-000010	30-SEP-2025								FOSTER & MOTLEY INC	7755 MONTGOMERY RD.	SUITE 100	CINCINNATI	OH	45236	13F HOLDINGS REPORT	028-10084	000106905	801-53289	N	
0001875525-25-000002	30-SEP-2025	N							STRATEGIC PLANNING GROUP, LLC	190 South Main Street		Bountiful	UT	84010	13F HOLDINGS REPORT	028-24057	000113844	801-112440	N	
0001909760-25-000002	30-SEP-2025	N							Zullo Investment Group, Inc.	132 ADAMS AVENUE		SCRANTON	PA	18503	13F HOLDINGS REPORT	028-22248	000311698	801-120008	N	
0002003615-25-000003	30-SEP-2025	N							Visionary Horizons, LLC	620 Mabry Hood Rd	Suite 301	Knoxville	TN	37932	13F HOLDINGS REPORT	028-23526	000150483	801-79890	N	
0002052222-25-000002	30-SEP-2025	N							SLT Holdings LLC	20707 N. PIMA ROAD	SUITE 205	SCOTTSDALE	AZ	85255	13F HOLDINGS REPORT	028-24814	000328450	801-129050	N	
0001755785-25-000012	30-SEP-2025								Canton Hathaway, LLC	ONE WEST EXCHANGE STREET, SUITE 3202		PROVIDENCE	RI	02903	13F HOLDINGS REPORT	028-18907			N	
0001172661-25-004409	30-SEP-2025	N							Chokshi & Queen Wealth Advisors, Inc	4510 Executive Drive	Suite 203	San Diego	CA	92121	13F HOLDINGS REPORT	028-25410	000313833	801-120967	N	
0001666363-25-000008	30-SEP-2025								Venturi Wealth Management, LLC	3600 N. CAPITAL OF TEXAS HIGHWAY	BUILDING B, SUITE 200	AUSTIN	TX	78746	13F HOLDINGS REPORT	028-17181	000169576	801-78932	N	
0001172661-25-004406	30-SEP-2025	N							Birch Hill Investment Advisors LLC	One International Place	Suite 770	Boston	MA	02110	13F HOLDINGS REPORT	028-12685	000014375	801-67818	N	
0001451623-25-000012	30-SEP-2025								BENJAMIN EDWARDS INC	ONE NORTH BRENTWOOD BOULEVARD	SUITE 850	Clayton	MO	63105	13F HOLDINGS REPORT	028-19533			N	
0001818391-25-000002	30-SEP-2025	N							Independent Solutions Wealth Management, LLC	305 Spindrift Drive		Williamsville	NY	14221	13F HOLDINGS REPORT	028-24522	000144733	801-69708	N	
0001193125-25-248293	30-SEP-2025	N							United Asset Strategies, Inc.	377 Oak Street/STE 403		Garden City	NY	11530	13F HOLDINGS REPORT	028-15136	000107434	801-41464	N	
0002045974-25-000002	30-SEP-2025	N							CATHY PARETO & ASSOCIATES, INC	901 PONCE DE LEON BLVD.	SUITE 501	CORAL GABLES	FL	33134	13F HOLDINGS REPORT	028-24584	000145919	801-110395	N	
0001954242-25-000007	30-SEP-2025								Ethos Financial Group, LLC	2200 RENAISSANCE BOULEVARD	SUITE 340	KING OF PRUSSIA	PA	19406	13F HOLDINGS REPORT	028-22870			N	
0001313360-25-000008	30-SEP-2025								SG Americas Securities, LLC	245 PARK AVENUE		NEW YORK	NY	10167	13F HOLDINGS REPORT	028-11048			N	
0001525865-25-000010	30-SEP-2025								Clean Yield Group	16 BEAVER MEADOW RD.		NORWICH	VT	05055	13F HOLDINGS REPORT	028-14512			N	
0002001434-25-000009	30-SEP-2025								Burford Brothers, Inc.	7001 PRESTON RD. STE. 405		DALLAS	TX	75205	13F HOLDINGS REPORT	028-23973	000306574	801-117819	N	
0001858740-25-000006	30-SEP-2025								Spire Wealth Management	7901 JONES BRANCH DR.	SUITE #800	MCLEAN	VA	22102	13F HOLDINGS REPORT	028-21171	000113908	801-60468	N	
0002058270-25-000005	30-SEP-2025								Barnes Dennig Private Wealth Management LLC	150 EAST 4TH STREET	THIRD FLOOR	CINCINNATI	OH	45202	13F HOLDINGS REPORT	028-25512	000328496	801-130851	N	
0001990849-25-000009	30-SEP-2025								LECAP ASSET MANAGEMENT LTD	MICHELIN HOUSE	81 FULHAM ROAD	LONDON	X0	SW3 6RD	13F HOLDINGS REPORT	028-23546			N	
0001172661-25-004399	30-SEP-2025	N							Investmark Advisory Group LLC	3 Enterprise Drive	Fourth Floor	Shelton	CT	06484	13F HOLDINGS REPORT	028-22445	000121060	801-76505	N	
0001172661-25-004398	30-SEP-2025	N							HB Wealth Management, LLC	3550 Lenox Rd.	Suite 2700	Atlanta	GA	30026	13F HOLDINGS REPORT	028-22228	000316731	801-122595	N	
0001768130-25-000006	30-SEP-2025								HOWARD FINANCIAL SERVICES, LTD.	8350 MEADOW ROAD	SUITE 181	DALLAS	TX	75231	13F HOLDINGS REPORT	028-19410	000107978	801-46741	N	
0001420506-25-002900	30-SEP-2025	N							Caldwell Trust Co	1400 Center Road		Venice	FL	34292	13F HOLDINGS REPORT	028-25778			N	
0001824694-25-000003	30-SEP-2025	N							Signature Wealth Management Partners, LLC	85 CHESTNUT RIDGE ROAD	SUITE 201	MONTVALE	NJ	07645	13F HOLDINGS REPORT	028-20996			N	
0001737089-25-000011	30-SEP-2025								CX Institutional	200 EAST 7TH STREET		AUBURN	IN	46706	13F HOLDINGS REPORT	028-18844			N	
0001767821-25-000008	30-SEP-2025								Strategic Blueprint, LLC	2200 CENTURY PARKWAY, STE.500		ATLANTA	GA	30345	13F HOLDINGS REPORT	028-19167			N	
0001800379-25-000006	30-SEP-2025								SkyOak Wealth, LLC	28411 NORTHWESTERN HIGHWAY	SUITE 760	SOUTHFIELD	MI	48034	13F HOLDINGS REPORT	028-19736	000299564	801-114715	N	
0001849561-25-000005	30-SEP-2025								CHILDRESS CAPITAL ADVISORS, LLC	952 ECHO LANE	SUITE 365	HOUSTON	TX	77024	13F HOLDINGS REPORT	028-21104	000310277	801-119348	N	
0001071640-25-000020	30-SEP-2025								PARK AVENUE SECURITIES LLC	10 HUDSON YARDS		NEW YORK	NY	10001	13F HOLDINGS REPORT	028-16353			N	
0001172661-25-004391	30-SEP-2025	N							RPG Investment Advisory, LLC	6600 Koll Center Pkwy	#100	Pleasanton	CA	94566	13F HOLDINGS REPORT	028-17376	000172173	801-80481	N	
0001398344-25-019615	30-SEP-2025	N							Realta Investment Advisors	1201 N ORANGE ST STE 729		WILMINGTON	DE	19801	13F HOLDINGS REPORT	028-19535	000134952	801-68000	N	
0002085853-25-000149	30-SEP-2025	N							Moran Wealth Management, LLC	5801 Pelican Bay Blvd	Suite 110	Naples	FL	34108	13F HOLDINGS REPORT	028-22945	000319208	801-123682	N	
0002085853-25-000146	30-SEP-2025	N							WMG Financial Advisors, LLC	620 Mabry Hood Road, Suite 101		Knoxville	TN	37932	13F COMBINATION REPORT	028-21993	000285824	801-116718	N	
0001875645-25-000008	30-SEP-2025								JTC Employer Solutions Trustee Ltd	28 ESPLANADE		ST HELIER	Y9	JE2 3QA	13F HOLDINGS REPORT	028-21314			N	
0001717443-25-000010	30-SEP-2025								KLP KAPITALFORVALTNING AS	POSTBOKS 400 SENTRUM		OSLO	Q8	0103	13F HOLDINGS REPORT	028-24906			N	
0001777469-25-000006	30-SEP-2025								E Fund Management (Hong Kong) Co., Ltd.	SUITES 3501-02,	35/F TWO INTERNATIONAL FINANCE CENTRE	CENTRAL	K3	852	13F HOLDINGS REPORT	028-20248			N	
0001104659-25-101654	30-SEP-2025	N							SECURIAN ASSET MANAGEMENT, INC	400 Robert Street North		St Paul	MN	55101	13F HOLDINGS REPORT	028-06644	000109905	801-47262	N	
0001902826-25-000003	30-SEP-2025	N							INTEGRAL INVESTMENT ADVISORS, INC.	605 E MAIN STREET		TURLOCK	CA	95380	13F HOLDINGS REPORT	028-21513			N	
0001941040-25-000558	30-SEP-2025	N							Sentry LLC	6070 Poplar Avenue	Suite 700	Memphis	TN	38119	13F COMBINATION REPORT	028-23576	000150593	801-70290	N	
0001172661-25-004386	30-SEP-2025	N							AVALON CAPITAL MANAGEMENT	495 Seaport Court	Suite 106	Port Of Redwood City	CA	94063-2785	13F HOLDINGS REPORT	028-14108	000107501	801-41657	N	
0001580642-25-006682	30-SEP-2025	N							O'Brien Wealth Partners LLC	51 Sawyer Rd.	Suite 600	Waltham	MA	02453	13F HOLDINGS REPORT	028-17558			N	
0001104659-25-101562	30-SEP-2025	N							ADAMS DIVERSIFIED EQUITY FUND, INC.	500 East Pratt Street	Suite 1300	Baltimore	MD	21202	13F HOLDINGS REPORT	028-00597			N	
0001193125-25-246783	30-SEP-2025	N							MassMutual Private Wealth & Trust, FSB	200 Great Pond Drive	Suite 150	Windsor	CT	06095	13F HOLDINGS REPORT	028-15866			Y	MassMutual Private Wealth & Trust is a wholly-owned subsidiary of Massachusetts Mutual Life Insurance Company (MassMutual). MassMutual Private Wealth & Trust has indicated that it exercises investment discretion with respect to the positions reported on this Form 13F, such positions shall be deemed reported on behalf of MassMutual to the extent that MassMutual is deemed to share investment discretion over the positions as a result of MassMutual's direct ownership interest in MassMutual Private Wealth & Trust.
0001566475-25-000018	30-SEP-2025	N							Cerity Partners LLC	99 Park Avenue	16th Floor	New York	NY	10016	13F HOLDINGS REPORT	028-17754	000151559	801-70719	N	
0001140361-25-038924	30-SEP-2025	N							Crews Bank & Trust	1100 TAMIAMI TRAIL		PORT CHARLOTTE	FL	33953	13F HOLDINGS REPORT	028-24595			N	
0001398344-25-019564	30-SEP-2025	N							Cardinal Strategic Wealth Guidance	9750 ORMSBY STATION RD	SUITE 102	LOUISVILLE	KY	40223	13F HOLDINGS REPORT	028-19750	000283226	801-107417	N	
0001964652-25-000007	30-SEP-2025								New England Capital Financial Advisors LLC	79 MAIN STREET		MERIDEN	CT	06451	13F HOLDINGS REPORT	028-22810	000109203	801-57122	N	
0001701714-25-000003	30-SEP-2025								McIlrath & Eck, LLC	3325 SMOKEY POINT DRIVE	SUITE 201	ARLINGTON	WA	98223	13F HOLDINGS REPORT	028-18695	000145252	801-70488	N	
0001941040-25-000557	30-SEP-2025	N							Gunderson Capital Management Inc.	2072 Willbrook Ln.		Mt. Pleasant	SC	29466	13F HOLDINGS REPORT	028-19627	000140795	801-122484	N	
0001062993-25-016264	30-SEP-2025	N							MIZUHO SECURITIES USA LLC	1271 AVENUE OF THE AMERICAS	FLOORS - 2,3,4,18,19	NEW YORK	NY	10020	13F HOLDINGS REPORT	028-25682			N	
0001304229-25-000009	30-SEP-2025	N							SeaBridge Investment Advisors LLC	450 SPRINGFIELD AVENUE, SUITE 301		SUMMIT	NJ	07901-2610	13F HOLDINGS REPORT	028-12671	000108681	801-55009	N	
0002044575-25-000004	30-SEP-2025	N							WASHINGTON GROWTH STRATEGIES LLC	1200 G STREET NW	8TH FLOOR	WASHINGTON	DC	20005	13F HOLDINGS REPORT	028-24469			N	
0001902501-25-000005	30-SEP-2025								CoreCap Advisors, LLC	27777 FRANKLIN ROAD	SUITE 700	SOUTHFIELD	MI	48034	13F HOLDINGS REPORT	028-21729	000158819	801-72687	N	
0001766791-25-000006	30-SEP-2025	N							Grandview Asset Management LLC	4200 CRUMS MILL ROAD	FLOOR 2	HARRISBURG	PA	17112	13F HOLDINGS REPORT	028-19022			N	
0001062993-25-016263	30-SEP-2025	N							North Star Investment Management Corp.	20 N. WACKER DRIVE	SUITE # 1416	CHICAGO	IL	60606	13F HOLDINGS REPORT	028-12641			N	
0001765595-25-000007	30-SEP-2025	N							Bernardo Wealth Planning LLC	272 RUTH RD.		HARLEYSVILLE	PA	19438	13F HOLDINGS REPORT	028-19278			N	
0001780985-25-000005	30-SEP-2025	N							OneAscent Financial Services LLC	23 INVERNESS CENTER PARKWAY		BIRMINGHAM	AL	35242	13F HOLDINGS REPORT	028-19577			N	
0001794543-25-000010	30-SEP-2025								Kathmere Capital Management, LLC	435 DEVON PARK DRIVE	SUITE 715	WAYNE	PA	19087	13F HOLDINGS REPORT	028-19983	000305118	801-117215	N	
0001844709-25-000008	30-SEP-2025	N							San Luis Wealth Advisors LLC	735 TANK FARM ROAD	SUITE 264	SAN LUIS OBISPO	CA	93401	13F HOLDINGS REPORT	028-20584			N	
0001537191-25-000007	30-SEP-2025								Louisiana State Employees Retirement System	P.O. BOX 44213		BATON ROUGE	LA	70804	13F HOLDINGS REPORT	028-15732			N	
0001214659-25-015191	30-SEP-2025	N							Yoder Wealth Management, Inc.	2033 N MAIN ST #1060		WALNUT CREEK	CA	94596	13F HOLDINGS REPORT	028-23266	000291826	801-115215	N	
0000049969-25-000016	30-SEP-2025								CIGNA INVESTMENTS INC /NEW	900 COTTAGE GROVE ROAD	A5LGL	BLOOMFIELD	CT	06002	13F HOLDINGS REPORT	028-00318			N	
0002063364-25-000256	30-SEP-2025								Milestone Asset Management Group, LLC	302 WEST MAIN STREET, SUITE 206		AVON	CT	06001	13F HOLDINGS REPORT	028-25474	000282896	801-128334	N	
0002000324-25-003954	30-SEP-2025								Hennion & Walsh Asset Management, Inc.	2001 Route 46	Waterview Plaza	Parsippany	NJ	07054	13F HOLDINGS REPORT	028-21238			N	
0001352860-25-000007	30-SEP-2025								BLUE BELL PRIVATE WEALTH MANAGEMENT, LLC	BLUE BELL EXECUTIVE CAMPUS	470 NORRISTOWN ROAD, SUITE 305	BLUE BELL	PA	19422	13F HOLDINGS REPORT	028-11658	000134184	801-64005	N	
0001911322-25-000008	30-SEP-2025								Byrne Asset Management LLC	4420 ROUTE 27, SUITE 3	PO BOX 573	KINGSTON	NJ	08528	13F HOLDINGS REPORT	028-22312			N	
0001162170-25-000007	30-SEP-2025								GREENLEAF TRUST	211 SOUTH ROSE STREET		KALAMAZOO	MI	49007	13F HOLDINGS REPORT	028-10142			N	
0001764754-25-000015	30-SEP-2025								Geneos Wealth Management Inc.	9635 MAROON CIR	SUITE 100	ENGLEWOOD	CO	80112	13F HOLDINGS REPORT	028-21259			N	
0002022908-25-000006	30-SEP-2025								SPIREPOINT PRIVATE CLIENT, LLC	830 AZALEA LANE		VERO BEACH	FL	32963	13F HOLDINGS REPORT	028-24128			N	
0001172661-25-004378	30-SEP-2025	N							GARRISON POINT ADVISORS, LLC	1600 S Main Street	Suite 195	Walnut Creek	CA	94596	13F HOLDINGS REPORT	028-19080	000292016	801-112623	N	
0001172661-25-004377	30-SEP-2025	N							Gladstone Institutional Advisory LLC	1545 US-206	Suite 300	Bedminster	NJ	07921	13F HOLDINGS REPORT	028-19151	000250787	801-101532	N	
0001213900-25-101113	30-SEP-2025	N							GRIES FINANCIAL LLC	1300 East Ninth St	Suite 1900	Cleveland	OH	44114	13F HOLDINGS REPORT	028-06572	000110031	801-56552	N	
0001911621-25-000007	30-SEP-2025								Autumn Glory Partners, LLC	8235 DOUGLAS AVE		DALLAS	TX	75225	13F HOLDINGS REPORT	028-22254	000288250	801-110630	N	
0002003287-25-000006	30-SEP-2025								Financial Perspectives, Inc	3300 FERNBROOK LN N	SUITE 250	MINNEAPOLIS	MN	55447	13F HOLDINGS REPORT	028-23491	000135549	801-97343	N	
0001508120-25-000005	30-SEP-2025								Cohen Capital Management, Inc.	770 TAMALPAIS DRIVE	SUITE 318	CORTE MADERA	CA	94925	13F HOLDINGS REPORT	028-14053			N	
0002008851-25-000002	30-SEP-2025	N							Capital Management Associates, Inc	7900 XERXES AVE S	SUITE 500	MINNEAPOLIS	MN	55431	13F HOLDINGS REPORT	028-23530	000105010	801-18361	N	
0001680613-25-000005	30-SEP-2025	N							Almanack Investment Partners, LLC.	656 E SWEDESFORD ROAD	SUITE 301	WAYNE	PA	19087	13F HOLDINGS REPORT	028-17983	000282428	801-107186	N	
0002085853-25-000141	30-SEP-2025	N							Chicago Capital, LLC	135 S Lasalle St	Suite 4200	Chicago	IL	60603	13F HOLDINGS REPORT	028-18746	000291624	801-112280	N	
0001964358-25-000002	30-SEP-2025	N							Worth Financial Advisory Group, LLC	2020 S.TRYON STREET	SUITE 2B	CHARLOTTE	NC	28203	13F HOLDINGS REPORT	028-22941	000156564	801-120877	N	
0001418773-25-000002	30-SEP-2025	N							Robeco Institutional Asset Management B.V.	WEENA 850		ROTTERDAM	P7	3014DA	13F COMBINATION REPORT	028-12635			N	
0001866189-25-000003	30-SEP-2025	N							Keystone Wealth Services, LLC	73575 EL PASEO	SUITE 2300	PALM DESERT	CA	92260	13F HOLDINGS REPORT	028-22010	000301924	801-121495	N	
0001839122-25-000002	30-SEP-2025	N							Bouvel Investment Partners, LLC	1220 VALLEY FORGE ROAD	SUITE 43	PHOENIXVILLE	PA	19460	13F HOLDINGS REPORT	028-20515	000108436	801-79817	N	
0001771687-25-000002	30-SEP-2025	N							KG&L Capital Management,LLC	PO BOX 1220		ST. FRANCISVILLE	LA	70775	13F HOLDINGS REPORT	028-19452	000164500	801-112461	N	
0001080107-25-000014	30-SEP-2025								D.A. DAVIDSON & CO.	8 THIRD ST NORTH		GREAT FALLS	MT	59401	13F HOLDINGS REPORT	028-07602			N	
0001667134-25-000006	30-SEP-2025								CWA Asset Management Group, LLC	9130 GALLERIA COURT	THIRD FLOOR	NAPLES	FL	34109	13F HOLDINGS REPORT	028-17349	000158940	801-79715	N	
0000903783-25-000003	30-SEP-2025								OLD SECOND NATIONAL BANK OF AURORA	37 S RIVER ST		AURORA	IL	60507	13F HOLDINGS REPORT	028-13244			N	
0002085853-25-000135	30-SEP-2025	N							Kercheville Advisors, LLC	15750 Ih-10 West		San Antonio	TX	78249	13F HOLDINGS REPORT	028-21407	000169471	801-92169	N	
0002085853-25-000132	30-SEP-2025	N							LS Investment Advisors, LLC	39533 Woodward Ave	Suite 307	Bloomfield Hills	MI	48304	13F HOLDINGS REPORT	028-13360	000146829	801-69340	N	
0000726854-25-000174	30-SEP-2025								CITY HOLDING CO	25 GATEWATER ROAD	P O BOX 7520	CHARLESTON	WV	25313	13F HOLDINGS REPORT	028-15676			N	
0001172661-25-004370	30-SEP-2025	N							KILEY JUERGENS WEALTH MANAGEMENT, LLC	2409 Pacific Avenue Se		Olympia	WA	98501	13F HOLDINGS REPORT	028-18360	000151088	801-70467	N	
0002082673-25-000007	30-SEP-2025								Prospera Capital Management, LLC	2772 EAST CAROB DRIVE		GILBERT	AZ	85298	13F HOLDINGS REPORT	028-25770	000330390		N	
0002085853-25-000129	30-SEP-2025	N							FORONJY FINANCIAL LLC	Po Box 6177		Los Osos	CA	93412	13F HOLDINGS REPORT	028-25737			N	
0001172661-25-004369	30-SEP-2025	N							Blue Sky Capital Consultants Group, Inc.	14259 Danielson St		Poway	CA	92064	13F HOLDINGS REPORT	028-25379			N	
0001306333-25-000009	30-SEP-2025								MOTCO	1177 N.E. LOOP 410	P.O. BOX 17001-TRUST	SAN ANTONIO	TX	78209-0001	13F HOLDINGS REPORT	028-11025			N	
0002085853-25-000127	30-SEP-2025	N							Family Investment Center, Inc.	3805 Beck Road		Saint Joseph	MO	64506	13F HOLDINGS REPORT	028-22743	000113799	801-63744	N	
0001172661-25-004368	30-SEP-2025	N							Summit Financial Strategies, Inc.	4111 Worth Ave. #510		Columbus	OH	43219-3599	13F HOLDINGS REPORT	028-16537	000110112	801-50616	N	
0002085853-25-000126	30-SEP-2025	N							Crown Wealth Group, LLC	2108 South Boulevard, Suite 300		Charlotte	NC	28203	13F HOLDINGS REPORT	028-22565	000299732	801-120589	N	
0001839307-25-000008	30-SEP-2025								GoalVest Advisory LLC	4 WORLD TRADE CENTER	SUITE 2908	NEW YORK	NY	10007	13F HOLDINGS REPORT	028-20482	000285374	801-116790	N	
0002085853-25-000125	30-SEP-2025	N							Centennial Wealth Advisory LLC	701 Third Street		Traverse City	MI	49684	13F HOLDINGS REPORT	028-20457	000138054	801-113464	N	
0001398344-25-019523	30-SEP-2025	N							WestEnd Advisors, LLC	1001 MOREHEAD SQUARE DRIVE	SUITE 600	CHARLOTTE	NC	28203	13F HOLDINGS REPORT	028-11741	000133279	801-63626	N	
0001398344-25-019519	30-SEP-2025	N							WEST PACES ADVISORS INC.	3284 NORTHSIDE PARKWAY, SUITE 485		ATLANTA	GA	30327	13F HOLDINGS REPORT	028-23479	000175512	801-96230	N	
0001382646-25-000010	30-SEP-2025	N							Ifrah Financial Services, Inc.	17300 Chenal Parkway	Suite 150	Little Rock	AR	72223	13F HOLDINGS REPORT	028-12063	000136925	801-64962	N	
0001162044-25-001034	30-SEP-2025	N							Park Place Capital Corp	2728 19th Place South	Suite 160	Homewood	AL	35209	13F HOLDINGS REPORT	028-23005	000107952		N	
0001172661-25-004364	30-SEP-2025	N							WESPAC Advisors SoCal, LLC	201 S. Lake Avenue	Suite 509	Pasadena	CA	91101	13F HOLDINGS REPORT	028-17399			N	
0001802136-25-000006	30-SEP-2025								Investment Research & Advisory Group, Inc.	1230 PEACHTREE STREET NE	SUITE 3800	ATLANTA	GA	30309	13F HOLDINGS REPORT	028-20017	000126246		N	
0001956824-25-000009	30-SEP-2025								DAYMARK WEALTH PARTNERS, LLC	9675 MONTGOMERY ROAD	STE 201	CINCINNATI	OH	45242	13F HOLDINGS REPORT	028-22755			N	
0001172661-25-004361	30-SEP-2025	N							TriaGen Wealth Management LLC	23801 Calabasas Road	Suite 1010	Calabasas	CA	91302	13F HOLDINGS REPORT	028-20526	000308457	801-118681	N	
0000312272-25-000021	30-SEP-2025								COMMONWEALTH EQUITY SERVICES, LLC	29 SAWYER ROAD	ONE UNIVERSITY OFFICE PARK	WALTHAM	MA	02453-3483	13F HOLDINGS REPORT	028-18352	000008032	801-41541	N	
0001172661-25-004358	30-SEP-2025	N							Leslie Global Wealth, LLC	500 Park Blvd	Suite 1440	Itasca	IL	60143	13F HOLDINGS REPORT	028-24251	000128202		N	
0001172661-25-004355	30-SEP-2025	N							Sandy Cove Advisors, LLC	37 Derby Street	Suite 5	Hingham	MA	02043	13F HOLDINGS REPORT	028-21605	000152482	801-107724	N	
0001909380-25-000006	30-SEP-2025								Disciplined Equity Management, Inc.	200 1ST STREET	SUITE 204	NEPTUNE BEACH	FL	32266	13F HOLDINGS REPORT	028-22070			N	
0001876326-25-000005	30-SEP-2025								Five Oceans Advisors	2719 4TH ST		SANTA MONICA	CA	90405-4273	13F HOLDINGS REPORT	028-21379			N	
0002017692-25-000006	30-SEP-2025								Glass Wealth Management Co LLC	1020 NE LOOP 410 STE. 802		SAN ANTONIO	TX	78209	13F HOLDINGS REPORT	028-24088	000114097	801-112949	N	
0001193125-25-245791	30-SEP-2025	N							DT Investment Partners, LLC	Brandywine Five	1 Dickinson Drive, suite 103	Chadds Ford	PA	19317	13F HOLDINGS REPORT	028-14628	000157646	801-72325	N	
0001757706-25-000016	30-SEP-2025								Benchmark Financial Wealth Advisors, LLC	2351 NW BOCA RATON BLVD.	SUITE 100	BOCA RATON	FL	33431	13F HOLDINGS REPORT	028-18917	000287966	801-110764	N	
0001905663-25-000009	30-SEP-2025								EARNED WEALTH ADVISORS, LLC	165 LENNON LANE	SUITE 200	WALNUT CREEK	CA	94598	13F COMBINATION REPORT	028-21527	000108052	801-57727	N	
0001906023-25-000008	30-SEP-2025								ENDEAVOR PRIVATE WEALTH, INC.	TOWNSITE PLAZA 3, 120 SE 6TH AVE	SUITE 110	TOPEKA	KS	66603	13F HOLDINGS REPORT	028-24571	000313053	801-120702	N	
0001193125-25-245770	30-SEP-2025								Asset Management One Co., Ltd.	TEKKO BUILDING	8-2, MARUNOUCHI 1-CHOME, CHIYODA-KU	TOKYO	M0	100-0005	13F HOLDINGS REPORT	028-07332	000110843	801-55047	N	
0001398344-25-019500	30-SEP-2025	N							Viewpoint Capital Management LLC	1421 34TH AVENUE, SUITE 214		SEATTLE	WA	98122	13F HOLDINGS REPORT	028-22028	000158899	801-117685	N	
0001754960-25-000704	30-SEP-2025								Boyce & Associates Wealth Consulting, Inc.	3109 KENAI DR., STE 107		CEDAR PARK	TX	78613	13F HOLDINGS REPORT	028-22438			N	
0001602730-25-000008	30-SEP-2025								Abacus Planning Group, Inc.	2500 DEVINE STREET		COLUMBIA	SC	29205	13F HOLDINGS REPORT	028-18676	000107994	801-55414	N	
0001847343-25-000005	30-SEP-2025								InTrack Investment Management Inc	1233 SHELBURNE ROAD, SUITE D6B		SOUTH BURLINGTON	VT	05403	13F HOLDINGS REPORT	028-21062	000106450	801-79488	N	
0001780507-25-000012	30-SEP-2025								WT Wealth Management	20865 N 90TH PL, STE. 105		SCOTTSDALE	AZ	85255	13F HOLDINGS REPORT	028-19605	000169566	801-112701	N	
0001756959-25-000004	30-SEP-2025	N							McGuire Investment Group, LLC	105 MAIN STREET		WAKEFIELD	RI	02879	13F HOLDINGS REPORT	028-18921			N	
0001843581-25-000007	30-SEP-2025								Fountainhead AM, LLC	10 INDEPENDENCE BLVD		WARREN	NJ	07059	13F HOLDINGS REPORT	028-20706	000289000	801-110874	N	
0001846177-25-000004	30-SEP-2025	N							WOODWARD DIVERSIFIED CAPITAL, LLC	5401 BUSINESS PARK SOUTH	#217	BAKERSFIELD	CA	93309	13F HOLDINGS REPORT	028-20911	000306299	801-117741	N	
0001843294-25-000004	30-SEP-2025	N							Wealth Management Partners, LLC	1980 E RIVER ROAD	SUITE 120	TUCSON	AZ	85718	13F HOLDINGS REPORT	028-20563	000309790	801-119566	N	
0001954480-25-000003	30-SEP-2025	N							Western Financial Corp/CA	13400 SABRE SPRINGS PARKWAY	SUITE 170	SAN DIEGO	CA	92128	13F HOLDINGS REPORT	028-22742	000006118	801-117841	N	
0001661245-25-000006	30-SEP-2025								Moss Adams Wealth Advisors LLC	999 THIRD AVE STE 2800		SEATTLE	WA	98104	13F COMBINATION REPORT	028-23480	000108917	801-58074	N	
0001915687-25-000002	30-SEP-2025	N							Clay Northam Wealth Management, LLC	16400 PACIFIC COAST HIGHWAY	SUITE 207	HUNTINGTON BEACH	CA	92649	13F HOLDINGS REPORT	028-22380			N	
0001907666-25-000003	30-SEP-2025	N							Eagle Strategies LLC	51 MADISON AVE	FLOOR 3B, ROOM 0304	NEW YORK	NY	10010	13F HOLDINGS REPORT	028-21851	000110826	801-32987	N	
0001114618-25-000004	30-SEP-2025	N							GATEWAY INVESTMENT ADVISERS LLC	312 Walnut Street	Suite 3500	CINCINNATI	OH	45202	13F HOLDINGS REPORT	028-05733	000146681		N	
0001193125-25-245278	30-SEP-2025	N							Fifth Third Wealth Advisors LLC	38 Fountain Square Plaza		Cincinnati	OH	45263	13F HOLDINGS REPORT	028-23191	000313015	801-122096	N	
0002011201-25-000005	30-SEP-2025								Elm3 Financial Group, LLC	5755 NORTH POINT PARKWAY	SUITE 92	ALPHARETTA	GA	30022	13F HOLDINGS REPORT	028-24626	007497497	801-126278	N	
0001123812-25-000016	30-SEP-2025								PROFFITT & GOODSON INC	PO BOX 11629		KNOXVILLE	TN	37939-1629	13F HOLDINGS REPORT	028-11414			N	
0002032544-25-000006	30-SEP-2025								Christensen, King & Associates Investment Services, Inc.	1334 JADWIN AVENUE		RICHLAND	WA	99354	13F HOLDINGS REPORT	028-24280	000116556	801-111829	N	
0001580642-25-006659	30-SEP-2025	N							Global Retirement Partners, LLC	4340 Redwood Highway	Suite B-60	San Rafael	CA	94903	13F HOLDINGS REPORT	028-18865			N	
0001561330-25-000005	30-SEP-2025								Saxony Capital Management, LLC	11152 S TOWNE SQUARE		ST. LOUIS	MO	63123	13F HOLDINGS REPORT	028-23549	000122692		N	
0001546865-25-000007	30-SEP-2025								Ascent Wealth Partners, LLC	89 GENESEE STREET		NEW HARTFORD	NY	13413	13F HOLDINGS REPORT	028-19148			N	
0000860828-25-000007	30-SEP-2025								CAPITAL ADVISORS INC/OK	2222 SOUTH UTICA PLACE	STE 300	TULSA	OK	74114	13F HOLDINGS REPORT	028-04953			N	
0001811806-25-000007	30-SEP-2025								Davis Capital Management	4788 HODGES BLVD	SUITE 201	JACKSONVILLE	FL	32224	13F HOLDINGS REPORT	028-20251	000149014		N	
0001839545-25-000007	30-SEP-2025								GraniteShares Advisors LLC	222 BROADWAY	21ST FLOOR	NEW YORK	NY	10038	13F HOLDINGS REPORT	028-21644			N	
0001193125-25-244959	30-SEP-2025	N							Fulton Bank, N.A.	One Penn Square	PO Box 3215	Lancaster	PA	17602	13F HOLDINGS REPORT	028-03045			N	
0002011427-25-000004	30-SEP-2025								 FOGEL CAPITAL MANAGEMENT, INC.	453 RIVERSIDE DRIVE		STUART	FL	34994	13F HOLDINGS REPORT	028-23810	000108212	801-49135	N	
0001272164-25-000006	30-SEP-2025								AMERICAN NATIONAL BANK & TRUST	2732 MIDWESTERN PARKWAY		WICHITA FALLS	TX	76308	13F HOLDINGS REPORT	028-10767			N	
0001913842-25-000008	30-SEP-2025								apricus wealth, LLC	PO BOX 2151		BEAUFORT	SC	29901	13F HOLDINGS REPORT	028-22362			N	
0001616026-25-000007	30-SEP-2025								Tradewinds Capital Management, LLC	2211 RIMLAND DRIVE	SUITE 401	BELLINGHAM	WA	98226	13F HOLDINGS REPORT	028-16264	000145934	801-68789	N	
0001639695-25-000010	30-SEP-2025								TruNorth Capital Management, LLC	1090 NORTH 10TH STREET	SUITE 210	KALAMAZOO	MI	49009	13F HOLDINGS REPORT	028-24202	000165285	801-119211	N	
0001692038-25-000013	30-SEP-2025								SIMON QUICK ADVISORS, LLC	360 MOUNT KEMBLE AVE		MORRISTOWN	NJ	07960	13F HOLDINGS REPORT	028-17599	000132330	801-63357	N	
0001536755-25-000015	30-SEP-2025								Commonwealth Financial Services, LLC	373 TIMBERLINE PARKWAY		VIENNA	WV	26105	13F HOLDINGS REPORT	028-16359	000324930	801-127499	N	
0001996154-25-000014	30-SEP-2025								UNICOM Systems, Inc.	59 PROMONTORY RIDGE DRIVE		LAS VEGAS	NV	89135	13F HOLDINGS REPORT	028-24654			N	
0001965814-25-000009	30-SEP-2025								BOS Asset Management, LLC	3400 WABASH AVE		SPRINGFIELD	IL	62711	13F HOLDINGS REPORT	028-23011	000310632	801-119836	N	
0001062993-25-016244	30-SEP-2025	N							Bell Bank	520 MAIN AVENUE		FARGO	ND	58103	13F HOLDINGS REPORT	028-05106			N	
0001104659-25-101147	30-SEP-2025	N							Western Pacific Wealth Management, LP	263 Market Square, Suite B		Lake Forest	IL	60045	13F HOLDINGS REPORT	028-22128	000152714		N	
0001996846-25-000017	30-SEP-2025								Financiere des Professionnels - Fonds d'investissement inc.	2 COMPLEXE DESJARDINS	TOUR DE L'EST, 31IEME ETAGE C.P. 1116	MONTREAL	A8	H5B1C2	13F COMBINATION REPORT	028-23428			N	
0001172661-25-004345	30-SEP-2025	N							Hedeker Wealth, LLC	One Overlook Point	Suite 610	Lincolnshire	IL	60069	13F HOLDINGS REPORT	028-16617	000124341	801-61654	N	
0000838618-25-000008	30-SEP-2025								PDS Planning, Inc	475 METRO PL S., STE 460		DUBLIN	OH	43017	13F HOLDINGS REPORT	028-18459	000106895	801-33041	N	
0001193125-25-244741	30-SEP-2025	N							NTV Asset Management LLC	170 Summers Street	Suite 200	Charleston	WV	25301	13F HOLDINGS REPORT	028-11081	000111062	801-58140	N	
0001840084-25-000015	30-SEP-2025								Brown Miller Wealth Management, LLC	8280 GREENSBORO DR	SUITE 220	MCLEAN	VA	22102	13F HOLDINGS REPORT	028-20464			N	
0001699080-25-000007	30-SEP-2025								Synergy Asset Management, LLC	13215 SE MILL PLAIN BLVD	SUITE C8-321	VANCOUVER	WA	98684	13F HOLDINGS REPORT	028-20757	000117201	801-64132	N	
0001456048-25-000009	30-SEP-2025								SIGNATUREFD, LLC	1230 PEACHTREE STREET	SUITE 1800	ATLANTA	GA	30309	13F HOLDINGS REPORT	028-13425	000112758	801-60393	N	
0001214659-25-015139	30-SEP-2025	N							QUATTRO FINANCIAL ADVISORS LLC	1725 Hughes Landing Blvd.	Suite 845	The Woodlands	TX	77380	13F HOLDINGS REPORT	028-18064			N	
0001172661-25-004341	30-SEP-2025	N							Thoma Capital Management LLC	401 JEFFERSON AVENUE		TOWSON	MD	21286	13F HOLDINGS REPORT	028-25461			N	
0002055836-25-000005	30-SEP-2025								CROWLEY WEALTH MANAGEMENT, INC.	3201-B MILLCREEK ROAD		WILMINGTON	DE	19808	13F HOLDINGS REPORT	028-24909			N	
0001660694-25-000007	30-SEP-2025								Grey Ledge Advisors, LLC	1 PARK STREET		GUILFORD	CT	06437	13F HOLDINGS REPORT	028-17980	000124867	801-61932	N	
0001665518-25-000004	30-SEP-2025								PHYSICIANS FINANCIAL SERVICES, INC.	PO BOX 10973		RALEIGH	NC	27605	13F HOLDINGS REPORT	028-17129	000118519	801-66583	N	
0001957124-25-000007	30-SEP-2025								UNIQUE WEALTH, LLC	4830 W KENNEDY BLVD	SUITE 100	TAMPA	FL	33609	13F HOLDINGS REPORT	028-22762			N	
0001172661-25-004340	30-SEP-2025	N							GAM Holding AG	Hardstrasse 201		Zurich	V8	8037	13F HOLDINGS REPORT	028-13808			N	
0001172661-25-004339	30-SEP-2025	N							C2P Capital Advisory Group, LLC d.b.a. Prosperity Capital Advisors	30400 Detroit Road, Suite 201		Westlake	OH	44145	13F HOLDINGS REPORT	028-23072	000156480	801-72187	N	
0002066812-25-000006	30-SEP-2025								Brookwood Investment Group LLC	3930 E. RAY RD.	SUITE 155	PHOENIX	AZ	85044	13F HOLDINGS REPORT	028-25535	000316544		N	
0001894302-25-000007	30-SEP-2025								SJS Investment Consulting Inc.	6711 MONROE ST	BUILDING IV, SUITE A	SYLVANIA	OH	43560	13F HOLDINGS REPORT	028-21784			N	
0002021208-25-000012	30-SEP-2025								Cascade Financial Partners, LLC	3579 VALLEY CENTRE DRIVE	SUITE 125	SAN DIEGO	CA	92130	13F HOLDINGS REPORT	028-24143	000326620	801-128042	N	
0001376474-25-000852	30-SEP-2025								SOA Wealth Advisors, LLC.	120 WEST 45 STREET SUITE 1400		NEW YORK	NY	10036	13F HOLDINGS REPORT	028-21109	000310448	801-119603	N	
0002063364-25-000246	30-SEP-2025								Fischer Financial Services, Inc.	4431 NORTH FRONT STREET	STE. 105	HARRISBURG	PA	17110	13F HOLDINGS REPORT	028-25487	000104616	801-31434	N	
0001801926-25-000002	30-SEP-2025	N							Mayfair Advisory Group, LLC	110 OFFICE PARK DRIVE, SUITE 220		BIRMINGHAM	AL	35223	13F HOLDINGS REPORT	028-19865	000304668	801-117219	N	
0001965271-25-000004	30-SEP-2025	N							WATERSHED PRIVATE WEALTH LLC	1415 W. 22nd St	Suite 550	Oak Brook	IL	60523	13F COMBINATION REPORT	028-22886	000316408	801-122309	N	
0001315059-25-000009	30-SEP-2025								Suncoast Equity Management	5550 W. EXECUTIVE DRIVE	SUITE 320	TAMPA	FL	33609	13F COMBINATION REPORT	028-11066	000108289	801-62262	N	
0001801868-25-000003	30-SEP-2025	N							SteelPeak Wealth, LLC	21650 OXNARD STREET, SUITE 2300		WOODLAND HILLS	CA	91367	13F HOLDINGS REPORT	028-19772			N	
0001793691-25-000008	30-SEP-2025								Relyea Zuckerberg Hanson LLC	ONE LANDMARK SQUARE	11TH FLOOR	STAMFORD	CT	06901	13F HOLDINGS REPORT	028-19656	000125696		N	
0002001520-25-000005	30-SEP-2025								PUREfi Wealth, LLC	10 POST OFFICE SQUARE, SUITE 710		BOSTON	MA	02109	13F HOLDINGS REPORT	028-24678			N	
0001804116-25-000004	30-SEP-2025	N							KOM Wealth Management Group, LLC	3601 EAST EVERGREEN DRIVE	SUITE 100	APPLETON	WI	54913	13F HOLDINGS REPORT	028-20172	000142682	801-67464	N	
0002077718-25-000002	30-SEP-2025								Sullivan Wood Capital Management LLC	1100 H ST NW SUITE 910		WASHINGTON	DC	20005	13F HOLDINGS REPORT	028-25661	000124146		N	
0001900584-25-000007	30-SEP-2025								Amplius Wealth Advisors, LLC	1787 SENTRY PARKWAY WEST	VEVA 16, SUITE 100	BLUE BELL	PA	19422	13F HOLDINGS REPORT	028-21517			N	
0001939831-25-000005	30-SEP-2025								PRESILIUM PRIVATE WEALTH, LLC	150 NORTH RADNOR CHESTER ROAD	SUITE F110	RADNOR	PA	19087	13F HOLDINGS REPORT	028-22843			N	
0002085853-25-000124	30-SEP-2025	N							CV Advisors LLC	19495 Biscayne Boulevard	Suite PH1	Aventura	FL	33180	13F HOLDINGS REPORT	028-22141	000164817	801-77002	N	
0002085853-25-000123	30-SEP-2025	N							Global Financial Private Client, LLC	6000 Cattleridge Drive	Suite 200	Sarasota	FL	34232	13F HOLDINGS REPORT	028-24180			N	
0002056795-25-000007	30-JUN-2025								Three Magnolias Financial Advisors, LLC	110 OAKWOOD DRIVE	STE 480	WINSTON-SALEM	NC	27103	13F HOLDINGS REPORT	028-25326			N	
0002056795-25-000006	30-SEP-2025								Three Magnolias Financial Advisors, LLC	110 OAKWOOD DRIVE	STE 480	WINSTON-SALEM	NC	27103	13F HOLDINGS REPORT	028-25326			N	
0001398344-25-019410	30-SEP-2025	N							Wagner Wealth Management, LLC	3 LEGACY PARK RD		GREENVILLE	SC	29607	13F HOLDINGS REPORT	028-18658	000171260	801-79660	N	
0001080576-25-000010	30-SEP-2025								SILVER OAK SECURITIES, INCORPORATED	403 N. PARKWAY	STE 101	JACKSON	TN	38305	13F HOLDINGS REPORT	028-22469			N	
0001845003-25-000006	30-SEP-2025								Golden State Equity Partners	201 E SANDPOINTE AVE. SUITE 460		SOUTH COAST METRO	CA	92707	13F HOLDINGS REPORT	028-20606			N	
0001725547-25-004185	30-SEP-2025								MATTERN CAPITAL MANAGEMENT, LLC	165 S. UNION BLVD	SUITE 780	LAKEWOOD	CO	80228	13F HOLDINGS REPORT	028-19975	000299342	801-114522	N	
0001966033-25-000008	30-SEP-2025								True Wealth Design, LLC	700 GHENT ROAD	SUITE 100	AKRON	OH	44333	13F HOLDINGS REPORT	028-23114	000143194	801-113277	N	
0001123292-25-000576	30-SEP-2025	N							Generali Asset Management SPA SGR	VIA MACHIAVELLI 4		TRIESTE	L6	34132	13F HOLDINGS REPORT	028-24866			N	
0001531809-25-000006	30-SEP-2025								CapWealth Advisors, LLC	4031 ASPEN GROVE DR	SUITE 600	FRANKLIN	TN	37067	13F HOLDINGS REPORT	028-14625			N	
0001062993-25-016238	30-SEP-2025	N							Hubbell Strickland Wealth Management, LLC	1100 POYDRAS STREET	SUITE 1150	NEW ORLEANS	LA	71063	13F HOLDINGS REPORT	028-19601			N	
0000928568-25-000005	30-SEP-2025								GUYASUTA INVESTMENT ADVISORS INC	285 KAPPA DRIVE	SUITE 220	PITTSBURGH	PA	15238	13F HOLDINGS REPORT	028-04474	000108400		N	
0001062993-25-016236	30-SEP-2025	N							Coastline Trust Co	90 ELM STREET		PROVIDENCE	RI	02903	13F HOLDINGS REPORT	028-11343			N	
0001214659-25-015125	30-SEP-2025	N							Wealth Management Associates, Inc.	1909 Route 70 East	Suite 100	Cherry Hill	NJ	08003	13F HOLDINGS REPORT	028-25622			N	
0001908623-25-000006	30-SEP-2025								PayPay Securities Corp	YOTSUYA TOWER	1-6-1 YOTSUYA, SHINJUKU-KU	TOKYO	M0	160-0004	13F COMBINATION REPORT	028-22802			N	
0001766156-25-000008	30-SEP-2025								Salomon & Ludwin, LLC	1401 GASKINS ROAD		RICHMOND	VA	23238	13F HOLDINGS REPORT	028-19163	000292456	801-112494	N	
0001713112-25-000004	30-SEP-2025	N							Mokosak Advisory Group, LLC	2900 100TH STREET, SUITE 102		URBANDALE	IA	50322	13F HOLDINGS REPORT	028-18389	000287538	801-110319	N	
0001909851-25-000007	30-SEP-2025								Morton Brown Family Wealth, LLC	600 W HAMILTON ST	STE 510	ALLENTOWN	PA	18101	13F HOLDINGS REPORT	028-21768	000292278	801-112510	N	
0001966210-25-000003	30-SEP-2025								Strait & Sound Wealth Management LLC	P.O. BOX 22391		SAN FRANCISCO	CA	94122	13F HOLDINGS REPORT	028-23126	000309306	801-118892	N	
0001995773-25-000005	30-SEP-2025	N							GSG Advisors LLC	307 FELLOWSHIP ROAD	STE 210	MOUNT LAUREL	NJ	08054	13F HOLDINGS REPORT	028-23410	000131511	801-63239	N	
0001624510-25-000009	30-SEP-2025								FINANCIAL CONSULATE, INC	11019 MCCORMICK ROAD	SUITE 200	HUNT VALLEY	MD	21031	13F HOLDINGS REPORT	028-16386	000106898	801-18829	N	
0001738723-25-000005	30-SEP-2025								West Branch Capital LLC	9 RESEARCH DRIVE, SUITE 1	PO BOX 2067	AMHERST	MA	01004	13F HOLDINGS REPORT	028-18735	000133813		N	
0001754960-25-000698	30-SEP-2025								ROMANO BROTHERS AND COMPANY	1560 SHERMAN AVENUE	SUITE 1300	EVANSTON	IL	60201	13F HOLDINGS REPORT	028-22664			N	
0001960212-25-000003	30-SEP-2025								JDM Financial Group LLC	1108 LAVACA ST., SUITE 110-523		AUSTIN	TX	78701	13F HOLDINGS REPORT	028-22719	000122057	801-68063	N	
0001527641-25-000008	30-SEP-2025								MATHER GROUP, LLC.	353 N. CLARK STREET	SUITE 2775	CHICAGO	IL	60654	13F HOLDINGS REPORT	028-14531	000156005	801-72156	N	
0001580642-25-006637	30-SEP-2025	N							OPTIMUM INVESTMENT ADVISORS	20 South Clark Street	Suite 2130	Chicago	IL	60603	13F HOLDINGS REPORT	028-06296			N	
0001695582-25-000003	30-SEP-2025								RB Capital Management, LLC	5365 RENO CORPORATE DRIVE	SUITE 200	RENO	NV	89511	13F HOLDINGS REPORT	028-17960	000125678	801-62043	N	
0001847794-25-000003	30-SEP-2025								Twin Lakes Capital Management, LLC	3 LAGOON DRIVE	SUITE 150	REDWOOD SHORES	CA	94065	13F HOLDINGS REPORT	028-21074	000137522	801-113264	N	
0001725547-25-004125	30-SEP-2025	N							XML Financial, LLC	6901 ROCKLEDGE DRIVE	SUITE 730	BETHESDA	MD	20817	13F HOLDINGS REPORT	028-19740	000284987	801-108376	N	
0001631864-25-000009	30-SEP-2025								Pinnacle Wealth Management Advisory Group, LLC	47 RECKLESS PLACE		RED BANK	NJ	07701	13F HOLDINGS REPORT	028-16366	000158332	801-72657	N	
0001951757-25-001183	30-SEP-2025								AVAII WEALTH MANAGEMENT, LLC	2101 N CASALOMA DR		APPLETON	WI	54913	13F HOLDINGS REPORT	028-22021			N	
0001951757-25-001181	30-SEP-2025								Miracle Mile Advisors, LLC	11300 WEST OLYMPIC BLVD, SUITE 800		LOS ANGELES	CA	90064	13F HOLDINGS REPORT	028-15852			N	
0001951757-25-001180	30-SEP-2025								Chemistry Wealth Management LLC	111 BROADWAY	ROOM 602	NEW YORK	NY	10006	13F HOLDINGS REPORT	028-21783			N	
0001951757-25-001179	30-SEP-2025								IAM Advisory, LLC	137 NORTH SECOND STREET		EASTON	PA	18042	13F HOLDINGS REPORT	028-20596			N	
0001580642-25-006634	30-SEP-2025	N							Northwest Capital Management Inc	1 Centerpointe Drive	Suite 115	Lake Oswego	OR	97035	13F HOLDINGS REPORT	028-18275			N	
0001757043-25-000003	30-SEP-2025								Delta Investment Management, LLC	708 MONTGOMERY STREET		SAN FRANCISCO	CA	94111	13F HOLDINGS REPORT	028-18966	000149596	801-114006	N	
0001802451-25-000008	30-SEP-2025								HighMark Wealth Management LLC	944 INWOOD AVENUE N.		ST. PAUL	MN	55128	13F HOLDINGS REPORT	028-20210	000164790	801-76896	N	
0002035533-25-000006	30-SEP-2025								HERITAGE OAK WEALTH ADVISORS LLC	105 GARFELD ST		SANTA ROSA BEACH	FL	32459	13F HOLDINGS REPORT	028-24350	000323925	801-126940	N	
0001911391-25-000011	30-SEP-2025								Nicholas Wealth, LLC.	218 ROSWELL ST. NE, STE 200		MARIETTA	GA	30060	13F HOLDINGS REPORT	028-23404	000282635	801-122063	N	
0001437749-25-031338	30-SEP-2025								Quest 10 Wealth Builders, Inc.	7629 Purfoy Road	Suite 105	Fuquay-Varina	VA	27526	13F HOLDINGS REPORT	028-25066			N	
0001437749-25-031337	30-JUN-2025								Quest 10 Wealth Builders, Inc.	7629 Purfoy Road	Suite 105	Fuquay-Varina	VA	27526	13F HOLDINGS REPORT	028-25066			N	
0001903153-25-000005	30-SEP-2025								Masso Torrence Wealth Management Inc.	270 N ELMWOOD ROAD	SUITE H-160	MARLTON	NJ	08053	13F HOLDINGS REPORT	028-21719	000311097	801-119843	N	
0001418342-25-000010	30-SEP-2025								Seascape Capital Management	99 BOW STREET	STE. 300 EAST	PORTSMOUTH	NH	03801	13F HOLDINGS REPORT	028-13015	000126928		N	
0001754960-25-000693	30-SEP-2025								MOTIVE WEALTH ADVISORS	525 W MERRILL ST		BIRMINGHAM	MI	48009	13F HOLDINGS REPORT	028-21346			N	
0002058267-25-000007	30-SEP-2025								Hartmann Taylor Wealth Management, LLC	2346 VICTORY PARK LANE		DALLAS	TX	75219	13F HOLDINGS REPORT	028-25506	000310334	801-119637	N	
0001890906-25-000166	30-SEP-2025								Allspring Global Investments Holdings, LLC	1415 VANTAGE PARK DRIVE	3RD FLOOR	CHARLOTTE	NC	28203	13F HOLDINGS REPORT	028-21522			N	
0001754960-25-000689	30-SEP-2025								Yarbrough Capital, LLC	2000 MALLORY LANE, STE 130-389		FRANKLIN	TN	37067	13F HOLDINGS REPORT	028-21554			N	
0001047339-25-000006	30-SEP-2025								BURNS J W & CO INC/NY	5789 WIDEWATERS PARKWAY		DEWITT	NY	13214	13F HOLDINGS REPORT	028-06542			N	
0001879371-25-000003	30-SEP-2025								JB Capital LLC	100 GREAT MEADOW ROAD, SUITE 502		WETHERSFIELD	CT	06109	13F HOLDINGS REPORT	028-21430			N	
0001754960-25-000687	30-SEP-2025								Accurate Wealth Management, LLC	2211 ASHLEY OAKS CIRCLE		WESLEY CHAPEL	FL	33544	13F HOLDINGS REPORT	028-21363			N	
0001177206-25-000009	30-SEP-2025								LOS ANGELES CAPITAL MANAGEMENT LLC	11150 SANTA MONICA BLVD.	SUITE 200	LOS ANGELES	CA	90025	13F HOLDINGS REPORT	028-10229	000119033	801-60934	N	
0001621225-25-000007	30-SEP-2025								Merit Financial Group, LLC	2400 LAKEVIEW PARKWAY	SUITE 550	ALPHARETTA	GA	30009	13F HOLDINGS REPORT	028-18446	000142457	801-67462	N	
0001861163-25-000012	30-SEP-2025								Koss-Olinger Consulting, LLC	2700-A NW 43RD STREET		GAINESVILLE	FL	32606	13F HOLDINGS REPORT	028-21224	000111855		N	
0001398344-25-019342	30-SEP-2025	N							3Chopt Investment Partners, LLC	1801 LIBBIE AVENUE	SUITE 106	RICHMOND	VA	23226	13F HOLDINGS REPORT	028-23280	000319125	801-123462	N	
0001754960-25-000682	30-SEP-2025								Lauer Wealth, LLC	196 E 112 S		VALPARAISO	IN	46383	13F HOLDINGS REPORT	028-23239			N	
0001719739-25-000011	30-SEP-2025								Security National Bank	P.O. BOX 31400		OMAHA	NE	68131-9913	13F HOLDINGS REPORT	028-18165			N	
0001999371-25-015688	30-SEP-2025	N							Stonebridge Financial Group, LLC	602 North Front Street		Wormleysburg	PA	17043	13F HOLDINGS REPORT	028-24650	000327529	801-129034	N	
0002039501-25-000013	30-SEP-2025								Fortress Financial Solutions, LLC	4640 E SUNRISE DR	STE 211	TUCSON	AZ	85718	13F HOLDINGS REPORT	028-24657	000143969	801-131567	N	
0002032404-25-000006	30-SEP-2025								Chris Bulman Inc	3400 DOUGLAS BLVD.	SUITE 150	ROSEVILLE	CA	95661	13F HOLDINGS REPORT	028-24265	000313552	801-124893	N	
0000938592-25-000007	30-SEP-2025								MOODY LYNN & LIEBERSON, LLC	ONE BOSTON PLACE		BOSTON	MA	02108	13F HOLDINGS REPORT	028-04788			N	
0002004520-25-000009	30-SEP-2025								Lewis Asset Management, LLC	985 MORAGA RD.	STE 207	LAFAYETTE	CA	94549	13F HOLDINGS REPORT	028-23524	000143409		N	
0002066184-25-000008	30-SEP-2025								Kingsman Wealth Management, Inc.	320 W GOVERNMENT STREET		PENSACOLA	FL	32502	13F HOLDINGS REPORT	028-25530			N	
0001913231-25-000006	30-SEP-2025								Ascent Group, LLC	192 BALLARD COURT	SUITE 400	VIRGINIA BEACH	VA	23462	13F HOLDINGS REPORT	028-22344			N	
0002083977-25-000003	30-SEP-2025								Base Wealth Management LLC	7301 MERCHANT COURT		LAKEWOOD RANCH	FL	34240	13F HOLDINGS REPORT	028-25777			N	
0001054257-25-000008	30-SEP-2025								ADIRONDACK TRUST CO	473 BROADWAY		SARATOGA SPRINGS	NY	12866	13F HOLDINGS REPORT	028-11929			N	
0002085853-25-000119	30-SEP-2025	N							Consilium Wealth Advisory, LLC	6168 BEVERLY DRIVE		FRISCO	TX	75034	13F HOLDINGS REPORT	028-21496	000164993	801-120593	N	
0001697847-25-000007	30-SEP-2025								Marietta Wealth Management, LLC	472 N. SESSIONS STREET, UNIT 24		MARIETTA	GA	30060	13F HOLDINGS REPORT	028-17773	000281782	801-106784	N	
0001674836-25-000002	30-SEP-2025	N							LEE JOHNSON CAPITAL MANAGEMENT, LLC	6300 RIDGLEA PLACE	SUITE 1020	FORT WORTH	TX	76116	13F HOLDINGS REPORT	028-21530	000115009	801-62355	N	
0001787125-25-000002	30-SEP-2025	N							TBH Global Asset Management, LLC	6 Cadillac Dr	Suite 300	Brentwood	TN	37027	13F HOLDINGS REPORT	028-19818	000145536	801-68624	N	
0001455258-25-000002	30-SEP-2025	N							Calamos Wealth Management LLC	2020 CALAMOS COURT		NAPERVILLE	IL	60563	13F HOLDINGS REPORT	028-13358	000143490	801-67787	N	
0001316507-25-000003	30-SEP-2025	N							Calamos Advisors LLC	2020 CALAMOS COURT		NAPERVILLE	IL	60563	13F COMBINATION REPORT	028-11166	000105758	801-29688	N	
0001801184-25-000006	30-SEP-2025	N							Single Point Partners, LLC	277 DARTMOUTH STREET, 4TH FLOOR		BOSTON	MA	02116	13F HOLDINGS REPORT	028-19824			N	
0001768065-25-000006	30-SEP-2025	N							Brendel Financial Advisors LLC	64 LYME ROAD		HANOVER	NH	03755	13F HOLDINGS REPORT	028-19286			N	
0001990099-25-000003	30-SEP-2025	N							Armstrong, Fleming & Moore, Inc	1800 M ST, NW	#1010-S	WASHINGTON	DC	20036	13F HOLDINGS REPORT	028-23371	000107347	801-38960	N	
0001731260-25-000002	30-SEP-2025	N							Aljian Capital Management, LLC	600 E WILLIAM STREET	SUITE 208	CARSON CITY	NV	89701	13F HOLDINGS REPORT	028-18987			N	
0001005354-25-000009	30-SEP-2025								VIRGINIA RETIREMENT SYSTEMS ET Al	P.O. BOX 2500		RICHMOND	VA	23218	13F HOLDINGS REPORT	028-05994			N	
0001576053-25-000003	30-SEP-2025	N							LVW Advisors, LLC	67B MONROE AVE.		PITTSFORD	NY	14534	13F HOLDINGS REPORT	028-16749	000159403	801-72830	N	
0002054328-25-000002	30-SEP-2025	N							Bravias Capital Group, LLC	33 WOOD AVENUE SOUTH, 6TH FLOOR		ISELIN	NJ	08830	13F HOLDINGS REPORT	028-24782	000289589	801-128383	N	
0001420506-25-002870	30-SEP-2025	N							Continuum Advisory, LLC	873 E. STATE STREET		EAGLE	ID	83616	13F HOLDINGS REPORT	028-21226			N	
0002033794-25-000006	30-SEP-2025								LifeWealth Investments, LLC	270 W. PLANT STREET, STE. 240		WINTER GARDEN	FL	34787	13F HOLDINGS REPORT	028-25415	000332978	801-131318	N	
0001994512-25-000006	30-SEP-2025								Cobblestone Asset Management LLC	9011 ARBORETUM PARKWAY	SUITE 180	RICHMOND	VA	23236	13F HOLDINGS REPORT	028-23399	000326545		N	
0002051613-25-000008	30-SEP-2025								KIECKHEFER GROUP LLC	1323 W TOWNE SQUARE ROAD		MEQUON	WI	53092	13F HOLDINGS REPORT	028-24540	000331128	801-130293	N	
0002063364-25-000228	30-SEP-2025								Rooted Wealth Advisors, Inc.	389 WILLIAM R LATHAM SENIOR DRIVE		BOURBONNAIS	IL	60914	13F HOLDINGS REPORT	028-22916	000313759	801-121129	N	
0001807909-25-000006	30-SEP-2025								waypoint wealth counsel	3715 NORTHSIDE PKWY NW	BLDG 400-775	ATLANTA	GA	30327	13F HOLDINGS REPORT	028-24034	000171822	801-110569	N	
0001054677-25-000008	30-SEP-2025								ALBION FINANCIAL GROUP /UT	812 EAST 2100 SOUTH		SALT LAKE CITY	UT	84106	13F HOLDINGS REPORT	028-06676			N	
0001420506-25-002866	30-SEP-2025	N							Benin Management CORP	96 BALD HILL ROAD		WILTON	CT	06897	13F HOLDINGS REPORT	028-14076			N	
0002063364-25-000226	30-SEP-2025								Shilanski & Associates, Inc.	431 W. 7TH AVENUE	SUITE 100	ANCHORAGE	AK	99501	13F HOLDINGS REPORT	028-19558	000116431	801-88195	N	
0001846150-25-000011	30-SEP-2025								SAX WEALTH ADVISORS, LLC	389 INTERPACE PARKWAY	SUITE 3	PARSIPPANY	NJ	07054	13F HOLDINGS REPORT	028-20897	000119193		N	
0001062993-25-016209	30-SEP-2025	N							Smith Salley Wealth Management	324 WEST WENDOVER AVENUE, SUITE 301		GREENSBORO	NC	27408	13F HOLDINGS REPORT	028-13643	000129614	801-62538	N	
0001033974-25-000007	30-SEP-2025								SCHAPER BENZ & WISE INVESTMENT COUNSEL INC/WI	P.O. BOX 628		NEENAH	WI	54957-0628	13F HOLDINGS REPORT	028-06036			N	
0001964819-25-000007	30-SEP-2025								McGlone Suttner Wealth Management, Inc.	3501 E EVERGREEN DRIVE STE. A		APPLETON	WI	54913	13F HOLDINGS REPORT	028-22874	000149830	028-22874	N	
0001941040-25-000554	30-SEP-2025	N							Sivia Capital Partners, LLC	495 Miller Avenue	Ste 206	Mill Valley	CA	94941	13F HOLDINGS REPORT	028-23900	000170413	801-79173	N	
0001398344-25-019309	30-SEP-2025	N							Weaver Capital Management LLC	5400 LAUREL SPRINGS PARKWAY	SUITE 303	SUWANEE	GA	30024	13F HOLDINGS REPORT	028-24183	000135037	801-110518	N	
0001479844-25-000015	30-SEP-2025								Diversified Trust Co	6075 Poplar Avenue	Suite 850	Memphis	TN	381194717	13F HOLDINGS REPORT	028-13697			N	
0001172661-25-004330	30-SEP-2025	N							Simplify Asset Management Inc.	10845 Griffith Peak Drive, 2/F		Las Vegas	NV	89135	13F HOLDINGS REPORT	028-20937	000309535	801-119255	N	
0001172661-25-004327	30-SEP-2025	N							Legal Advantage Investments, Inc.	26625 St Francis Road		Los Altos Hills	CA	94022	13F HOLDINGS REPORT	028-20486	000118131	801-119120	N	
0001140361-25-038578	30-SEP-2025	N							YANKCOM Partnership	225 Cedar St		Yankton	SD	57078	13F COMBINATION REPORT	028-24625			N	
0002085853-25-000117	30-SEP-2025	N							Montz Harcus Wealth Management LLC	610 City Park Avenue		New Orleans	LA	70119	13F HOLDINGS REPORT	028-22392	000301963	801-115292	N	
0002079812-25-000002	30-SEP-2025								Tripletail Wealth Management, LLC	224 E. MARKS ST.		ORLANDO	FL	32803	13F COMBINATION REPORT	028-25721	000318781	801-133752	N	
0001571556-25-000007	30-SEP-2025								Pure Financial Advisors, LLC	3131 CAMINO DEL RIO N	STE 1550	SAN DIEGO	CA	92108	13F HOLDINGS REPORT	028-15445	000144316	801-70137	N	
0001839430-25-000007	30-SEP-2025								Oak Harvest Investment Services	920 MEMORIAL CITY WAY	SUITE 150	HOUSTON	TX	77024	13F HOLDINGS REPORT	028-20428			N	
0001950506-25-000008	30-SEP-2025								Fortitude Family Office, LLC	7500 N DOBSON RD	SUITE 151	SCOTTSDALE	AZ	85256	13F HOLDINGS REPORT	028-23499	000317615	801-122907	N	
0001172661-25-004325	30-SEP-2025	N							Austin Private Wealth, LLC	3108 N Lamar Boulevard	Suite B100	Austin	TX	78705	13F HOLDINGS REPORT	028-19892			N	
0001140361-25-038508	30-SEP-2025	N							FARMERS & MERCHANTS INVESTMENTS INC	PO BOX 82535		LINCOLN	NE	68501	13F HOLDINGS REPORT	028-10511			N	
0001928635-25-000008	30-SEP-2025								Range Financial Group LLC	7307 SW BEVELAND ST #110		TIGARD	OR	97223	13F HOLDINGS REPORT	028-22544	000290001	801-119404	N	
0002035324-25-000010	30-SEP-2025								NEW WAVE WEALTH ADVISORS LLC	4403 S THOMPSON ST	STE 1	SPRINGDALE	AR	72764	13F HOLDINGS REPORT	028-24348	000323414	801-126788	N	
0001626757-25-000009	30-SEP-2025								NIXON PEABODY TRUST CO	53 STATE STREET	29TH FLOOR	BOSTON	MA	02109-2835	13F HOLDINGS REPORT	028-17066		028-17066	N	
0001388168-25-000006	30-SEP-2025								Atlas Brown,Inc.	333 E. MAIN STREET	SUITE 400	LOUISVILLE	KY	40202	13F HOLDINGS REPORT	028-12200	000133408	801-63702	N	
0000928052-25-000005	30-JUN-2025								HM PAYSON & CO	PO BOX 31		PORTLAND	ME	04112	13F HOLDINGS REPORT	028-04422			N	
0002004963-25-000006	30-SEP-2025								Petros Family Wealth, LLC	8500 NORMANDALE LAKE BLVD	SUITE 850	BLOOMINGTON	MN	55437	13F HOLDINGS REPORT	028-25055	000324059	801-126983	N	
0000928052-25-000004	30-SEP-2025								HM PAYSON & CO	PO BOX 31		PORTLAND	ME	04112	13F HOLDINGS REPORT	028-04422			N	
0002041262-25-000003	30-SEP-2025	N							Old North State Wealth Management, LLC	1430 Commonwealth Drive	Suite 200	Wilmington	NC	28403	13F COMBINATION REPORT	028-24402	000148659	801-69690	N	
0001542287-25-000002	30-SEP-2025	N							Annex Advisory Services, LLC	17950 W. CORPORATE DRIVE	SUITE 300	BROOKFIELD	WI	53045	13F HOLDINGS REPORT	028-15012	000127987	801-63505	N	
0001697725-25-000002	30-SEP-2025	N							Ullmann Wealth Partners Group, LLC	1540 THE GREENS WAY		JACKSONVILLE BEACH	FL	32250	13F HOLDINGS REPORT	028-17826	000316697	801-122769	N	
0002045972-25-000003	30-SEP-2025	N							FFG Partners, LLC	205 South East 20th St.		Fort Lauderdale	FL	33316	13F HOLDINGS REPORT	028-24514	000318641	801-127015	N	
0002011342-25-000006	30-SEP-2025								Private Wealth Management Group, LLC	512 EXECUTIVE DRIVE		PRINCETON	NJ	08540	13F HOLDINGS REPORT	028-23653			N	
0001780570-25-000008	30-SEP-2025								Ethic Inc.	99 HUDSON ST.	FLOOR 17	NEW YORK	NY	10013	13F HOLDINGS REPORT	028-19978	000282827	801-107290	N	
0001172661-25-004323	30-SEP-2025	N							Encompass More Asset Management	390 Diablo Rd	Suite 100	Danville	CA	94526	13F HOLDINGS REPORT	028-23960	000322382	801-126102	N	
0001512779-25-000012	30-SEP-2025								SRH ADVISORS, LLC	2121 E. CRAWFORD PLACE		SALINA	KS	67401	13F COMBINATION REPORT	028-14185	000148479	801-70202	N	
0001420506-25-002863	30-SEP-2025	N							Three Seasons Wealth, LLC	111 EAST 300 SOUTH	STE 1250	SALT LAKE CITY	UT	84111	13F HOLDINGS REPORT	028-25221			N	
0001331997-25-000006	30-SEP-2025								Westend Capital Management, LLC	ONE HARBOR DRIVE	SUITE 300	SAUSALITO	CA	94965	13F HOLDINGS REPORT	028-11430			N	
0002085853-25-000116	30-SEP-2025	N							BURR FINANCIAL SERVICES, LLC	367 Civic Drive	Suite 2	Pleasant Hill	CA	94523	13F HOLDINGS REPORT	028-24121	000323114	801-126646	N	
0002085853-25-000115	30-SEP-2025	N							5T Wealth, LLC	595 Coombs Street		Napa	CA	94559	13F HOLDINGS REPORT	028-24696			N	
0002085853-25-000113	30-SEP-2025	N							Warren Street Wealth Advisors, LLC	4041 Macarthur Blvd	Suite 400	Newport Beach	CA	92660	13F HOLDINGS REPORT	028-21610	000173447	801-117597	N	
0002085853-25-000112	30-SEP-2025	N							Financial Partners Group, Inc	10925 Antioch Ste 100		Overland Park	KS	66210	13F HOLDINGS REPORT	028-18605	000288644	801-111662	N	
0002009176-25-000010	30-SEP-2025								Traveka Wealth, LLC	175 S SAN ANTONIO ROAD	SUITE 101	LOS ALTOS	CA	94022	13F HOLDINGS REPORT	028-23528			N	
0001079397-25-000003	30-SEP-2025								CHESAPEAKE ASSET MANAGEMENT LLC	630 FIFTH AVENUE	SUITE 2310	NEW YORK	NY	10111	13F HOLDINGS REPORT	028-04687			N	
0002085853-25-000109	30-SEP-2025	N							Institute for Wealth Management, LLC.	9878 W. Belleview Ave.	#2306	Denver	CO	80123	13F HOLDINGS REPORT	028-14899	000127207	801-67624	N	
0001725547-25-004118	30-SEP-2025	N							KAVAR CAPITAL PARTNERS GROUP, LLC	11460 TOMAHAWK CREEK PARKWAY	SUITE 420	LEAWOOD	KS	66211	13F HOLDINGS REPORT	028-20576	000311744	801-119947	N	
0001606609-25-000005	30-SEP-2025								Archford Capital Strategies, LLC	13 WOLF CREEK DR	SUITE 2	SWANSEA	IL	62226	13F HOLDINGS REPORT	028-16185	000164482	801-76851	N	
0001951757-25-001171	30-SEP-2025								AFG FIDUCIARY SERVICES LIMITED PARTNERSHIP	2 ESSINGTON DRIVE		HINGHAM	MA	02043	13F HOLDINGS REPORT	028-21857			N	
0001951757-25-001169	30-SEP-2025								REGATTA CAPITAL GROUP, LLC	880 APOLLO ST.	SUITE 129	EL SEGUNDO	CA	90245	13F HOLDINGS REPORT	028-22325			N	
0001951757-25-001166	30-SEP-2025								SARD WEALTH MANAGEMENT GROUP, LLC	5607 GLENRIDGE DRIVE	SUITE 275, BUILDING II	ATLANTA	GA	30342	13F HOLDINGS REPORT	028-23700			N	
0001951757-25-001165	30-SEP-2025								EVERPAR ADVISORS LLC	2431 EAST 61ST STREET	825	TULSA	OK	74136	13F HOLDINGS REPORT	028-23615			N	
0001356407-25-000010	30-SEP-2025								Indiana Trust & Investment Management Co	4045 EDISON LAKES PARKWAY		MISHAWAKA	IN	46545	13F HOLDINGS REPORT	028-11928			N	
0000773411-25-000006	30-SEP-2025								VALLEY NATIONAL ADVISERS INC	1655 VALLEY CENTER PARKWAY	SUITE 100	BETHLEHEM	PA	18017	13F HOLDINGS REPORT	028-16429			N	
0001927285-25-000006	30-SEP-2025								Worth Asset Management, LLC	16660 DALLAS PARKWAY STE 1000		DALLAS	TX	75248	13F HOLDINGS REPORT	028-22493			N	
0001742315-25-000007	30-SEP-2025								J. L. Bainbridge & Co., Inc.	1582 MAIN STREET		SARASOTA	FL	34236	13F HOLDINGS REPORT	028-18853			N	
0001887441-25-000004	30-SEP-2025								ENZI WEALTH	8500 BLUFFSTONE COVE	SUITE 105 A	AUSTIN	TX	78759	13F HOLDINGS REPORT	028-22687	000315457	801-121746	N	
0001951757-25-001161	30-SEP-2025								Perigon Wealth Management, LLC	201 MISSION STREET	SUITE 1825	SAN FRANCISCO	CA	94105	13F HOLDINGS REPORT	028-16082			N	
0001951757-25-001160	30-SEP-2025								Parisi Gray Wealth Management	5 COLD HILL RD S	SUITE 1	MENDHAM	NJ	07945	13F HOLDINGS REPORT	028-18396			N	
0001951757-25-001157	30-SEP-2025								Sandbox Financial Partners, LLC	6903 ROCKLEDGE DRIVE, SUITE 300		BETHESDA	MD	20817	13F HOLDINGS REPORT	028-20767			N	
0001633697-25-000010	30-SEP-2025								Sowell Financial Services LLC	5320 NORTHSHORE DRIVE		NORTH LITTLE ROCK	AR	72118	13F HOLDINGS REPORT	028-17985	000127145		N	
0001951757-25-001154	30-SEP-2025								SAPIENT CAPITAL LLC	401 PENNSYLVANIA PKWY	SUITE 100	INDIANAPOLIS	IN	46280	13F HOLDINGS REPORT	028-23543			N	
0001277279-25-000008	30-SEP-2025								THOMPSON INVESTMENT MANAGEMENT, INC.	1255 FOURIER DRIVE	SUITE 200	MADISON	WI	53717	13F HOLDINGS REPORT	028-10877	000129609	801-62562	N	
0001951757-25-001152	30-SEP-2025								Sovereign Financial Group, Inc.	35 WEST BROAD STREET, SUITE 100		STAMFORD	CT	06902	13F HOLDINGS REPORT	028-20792			N	
0001951757-25-001150	30-SEP-2025								Mayflower Financial Advisors, LLC	265 FRANKLIN STREET	SUITE 401	BOSTON	MA	02110	13F HOLDINGS REPORT	028-21132			N	
0001862864-25-000008	30-SEP-2025								Eagle Bay Advisors LLC	7 WORLD TRADE CENTER	250 GREENWICH ST., 46TH	NEW YORK	NY	10007	13F HOLDINGS REPORT	028-21307			N	
0002047270-25-000009	30-SEP-2025								BankPlus Trust Department	1200 EASTOVER DRIVE	SUITE 300	JACKSON	MS	39211	13F HOLDINGS REPORT	028-24741			N	
0001942548-25-000007	30-SEP-2025								FSM Wealth Advisors, LLC	22901 MILLCREEK BLVD, SUITE 225		CLEVELAND	OH	44122	13F HOLDINGS REPORT	028-22611			N	
0001801507-25-000008	30-SEP-2025								Apella Capital, LLC	65 MEMORIAL ROAD	C340	WEST HARTFORD	CT	06107	13F HOLDINGS REPORT	028-20256			N	
0001815025-25-000006	30-SEP-2025								NovaPoint Capital, LLC	1170 PEACHTREE ST. NE, SUITE 1200		ATLANTA	GA	30309	13F HOLDINGS REPORT	028-20296			N	
0002046157-25-000007	30-SEP-2025								FOUNDERS GROVE WEALTH PARTNERS, LLC	6802 PARAGON PLACE	SUITE 300	RICHMOND	VA	23230	13F HOLDINGS REPORT	028-24549			N	
0001850858-25-000006	30-SEP-2025								Bard Financial Services, Inc.	388 EAST MAIN STREET		BRANFORD	CT	06405	13F HOLDINGS REPORT	028-21128			N	
0001193125-25-241924	30-SEP-2025	N							TB Alternative Assets Ltd.	2001, AGRICULTURAL BANK OF CHINA TOWER	50 CONNAUGHT ROAD CENTRAL, CENTRAL	HONG KONG	K3	00000	13F HOLDINGS REPORT	028-13681	000162014	801-100451	N	
0002011195-25-000005	30-SEP-2025								Apollon Financial, LLC	111 COLEMAN BLVD	SUITE 402	MOUNT PLEASANT	SC	29464	13F HOLDINGS REPORT	028-23732			N	
0001764387-25-000008	30-SEP-2025								Apollon Wealth Management, LLC	111 COLEMAN BLVD	SUITE 402	MOUNT PLEASANT	SC	29464	13F HOLDINGS REPORT	028-19147			N	
0000923469-25-000010	30-SEP-2025								CADINHA & CO LLC	900 FORT STREET MALL	SUITE 1450	HONOLULU	HI	96813	13F HOLDINGS REPORT	028-04292			N	
0001921304-25-000006	30-SEP-2025								Smallwood Wealth Investment Management, LLC	199 BROAD STREET		RED BANK	NJ	07701	13F HOLDINGS REPORT	028-22400	000288663	801-110658	N	
0001914644-25-000003	30-SEP-2025	N							Bill Few Associates, Inc.	2100 GEORGETOWN DRIVE	SUITE 600	SEWICKLEY	PA	15143	13F HOLDINGS REPORT	028-22352	000133561	801-29235	N	
0001927796-25-000002	30-SEP-2025	N							WILLNER & HELLER, LLC	15760 VENTURA BLVD	SUITE 2026	ENCINO	CA	91436	13F HOLDINGS REPORT	028-22557	000135406	801-112631	N	
0001511506-25-000005	30-SEP-2025	N							Carnegie Investment Counsel	30300 CHAGRIN BOULEVARD		PEPPER PIKE	OH	44124	13F HOLDINGS REPORT	028-14398			N	
0001730817-25-000002	30-SEP-2025	N							180 WEALTH ADVISORS, LLC	32125 32ND AVENUE SOUTH, SUITE 100		FEDERAL WAY	WA	98001	13F HOLDINGS REPORT	028-18433	000284921	801-110219	N	
0001727605-25-000002	30-SEP-2025	N							Castle Rock Wealth Management, LLC	1777 BOTELHO DRIVE	SUITE 105	WALNUT CREEK	CA	94596	13F HOLDINGS REPORT	028-18292			N	
0001864916-25-000004	30-SEP-2025	N							Mezzasalma Advisors, LLC	67 APPLE STREET		TINTON FALLS	NJ	07724	13F HOLDINGS REPORT	028-21270	000129045	801-120613	N	
0001398344-25-019223	30-SEP-2025	N							TOWNSEND ASSET MANAGEMENT CORP /NC/ /ADV	3110 EDWARDS MILL ROAD, STE 150		RALEIGH	NC	27612	13F HOLDINGS REPORT	028-19773	000108216	801-18013	N	
0001705819-25-000068	30-SEP-2025	N							FULTON BREAKEFIELD BROENNIMAN LLC	4520 East-west Highway	Suite 450	Bethesda	MD	20814	13F HOLDINGS REPORT	028-05863	000108967	801-57836	N	
0001172661-25-004305	30-SEP-2025	N							LeConte Wealth Management, LLC	333 E. Broadway	4th Floor	Maryville	TN	37804	13F HOLDINGS REPORT	028-25578	000168539	801-78438	N	
0001140361-25-038301	30-SEP-2025	N							Howard Capital Management Group, LLC	11601 WILSHIRE BLVD		Los Angeles	CA	90025	13F HOLDINGS REPORT	028-21162	000310510	801-119502	N	
0001663224-25-000009	30-SEP-2025								Darwin Wealth Management, LLC	4601 W. NORTH A STREET		TAMPA	FL	33609	13F HOLDINGS REPORT	028-17491	000166585	801-80103	N	
0001905083-25-000006	30-SEP-2025								Connective Portfolio Management, LLC	630 THIRD AVENUE	21ST FLOOR	NEW YORK	NY	10017	13F HOLDINGS REPORT	028-21628	000297755	801-113747	N	
0001484205-25-000012	30-SEP-2025								HALBERT HARGROVE GLOBAL ADVISORS, LLC	111 WEST OCEAN BOULEVARD, SUITE 2300		LONG BEACH	CA	90802	13F HOLDINGS REPORT	028-13854	000105515	801-33048	N	
0001172661-25-004301	30-SEP-2025	N							BEACON INVESTMENT ADVISORY SERVICES, INC.	163 Madison Ave	Suite 600	Morristown	NJ	07960	13F HOLDINGS REPORT	028-17047	000226547	801-96256	N	
0001860132-25-000008	30-SEP-2025								ONE PLUS ONE WEALTH MANAGEMENT, LLC	1061 E. INDIANTOWN ROAD	SUITE 300	JUPITER	FL	33477	13F HOLDINGS REPORT	028-21158			N	
0001597878-25-000006	30-SEP-2025								Capital Advisors, Ltd. LLC	20600 CHAGRIN BLVD	SUITE 1115	SHAKER HEIGHTS	OH	44122	13F HOLDINGS REPORT	028-15701			N	
0002079080-25-000002	30-SEP-2025								BRIAN LOW FINANCIAL GROUP, LLC	4463 BLUEBONNET BOULEVARD	SUITE B	BATON ROUGE	LA	70809	13F HOLDINGS REPORT	028-25677	000306346		N	
0001214659-25-015005	30-SEP-2025	N							Conrad Siegel Investment Advisors, Inc.	501 CORPORATE CIRCLE	P.O. 5900	HARRISBURG	PA	17110-0900	13F HOLDINGS REPORT	028-21518			N	
0001790525-25-000006	30-SEP-2025								HBW ADVISORY SERVICES LLC	2655 1ST STREET	STE 250	SIMI VALLEY	CA	93065	13F HOLDINGS REPORT	028-19591			N	
0001843553-25-000008	30-SEP-2025								Ellsworth Advisors, LLC	1764 GEORGETOWN ROAD		HUDSON	OH	44236	13F HOLDINGS REPORT	028-20543	000297464		N	
0001940917-25-000005	30-SEP-2025								Signature Resources Capital Management, LLC	120 NEWPORT CENTER DRIVE	SUITE 100	NEWPORT BEACH	CA	92660	13F HOLDINGS REPORT	028-23611	000144069		N	
0001839445-25-000006	30-SEP-2025								CMG Global Holdings, LLC	2500 DALLAS PARKWAY SUITE 400		PLANO	TX	75093	13F HOLDINGS REPORT	028-21137	000307513	801-118163	N	
0000934745-25-000012	30-SEP-2025								WEATHERLY ASSET MANAGEMENT L. P.	832 CAMINO DEL MAR	SUITE 4	DEL MAR	CA	92014	13F HOLDINGS REPORT	028-15002	000106935	801-48177	N	
0000940445-25-000011	30-SEP-2025								BURNEY CO/	1800 ALEXANDER BELL DRIVE	SUITE 510	RESTON	VA	20191	13F COMBINATION REPORT	028-04852	000106945	801-10232	N	
0001894164-25-000009	30-SEP-2025								Burns Matteson Capital Management, LLC	42 EAST MARKET STREET		CORNING	NY	14830	13F HOLDINGS REPORT	028-23476	000118315	801-61036	N	
0002002654-25-000006	30-SEP-2025								PFS Partners, LLC	350 US HIGHWAY 46		MINE HILL	NJ	07803	13F HOLDINGS REPORT	028-23471	000147872	801-77867	N	
0001697274-25-000005	30-SEP-2025								NVWM, LLC	820 TOWNSHIP LINE ROAD	SUITE 100	YARDLEY	PA	19067	13F HOLDINGS REPORT	028-18692			N	
0001765594-25-000008	30-SEP-2025								CRA Financial Services, LLC	332 TILTON ROAD		NORTHFIELD	NJ	08225	13F HOLDINGS REPORT	028-19056	000124004	801-62232	N	
0001910666-25-000007	30-SEP-2025								City State Bank	1225 COLONIAL PKWY		NORWALK	IA	50211	13F HOLDINGS REPORT	028-22371			N	
0001172661-25-004299	30-SEP-2025	N							KRS Capital Management, LLC	101 West Long Lake Road		Bloomfield	MI	48304	13F HOLDINGS REPORT	028-21849	000142928	801-126105	N	
0001369702-25-000012	30-SEP-2025								AMI ASSET MANAGEMENT CORP	10866 WILSHIRE BLVD STE 770		LOS ANGELES	CA	90024	13F HOLDINGS REPORT	028-11962			N	
0001398344-25-019212	30-SEP-2025	N							RICHARDS, MERRILL & PETERSON, INC.	612 WEST MAIN STREET	THE M BUILDING SUITE 201	SPOKANE	WA	99201	13F HOLDINGS REPORT	028-25048		8-00071	N	
0000860486-25-000008	30-SEP-2025								HIGHLAND CAPITAL MANAGEMENT, LLC	850 RIDGE LAKE BLVD	SUITE 205	MEMPHIS	TN	38120	13F HOLDINGS REPORT	028-03959	000104842	801-8762	N	
0001437749-25-031122	30-SEP-2025								MBL Wealth, LLC	301 S. MCDOWELL STREET	SUITE 1100	CHARLOTTE	NC	28204	13F HOLDINGS REPORT	028-20875			N	
0001803329-25-000014	30-SEP-2025								Regent Peak Wealth Advisors LLC	200 GALLERIA PKWY SE	SUITE 1175	ATLANTA	GA	30339	13F HOLDINGS REPORT	028-20102	000298259		N	
0001535611-25-000008	30-SEP-2025								Silverleafe Capital Partners, LLC	6815 POPLAR AVENUE, SUITE 205		GERMANTOWN	TN	38138	13F HOLDINGS REPORT	028-18358			N	
0001008937-25-000010	30-SEP-2025								TRUST CO OF TOLEDO NA /OH/	1630 TIMBERWOLF DR		HOLLAND	OH	43528	13F HOLDINGS REPORT	028-05302			N	
0001843867-25-000011	30-SEP-2025								Curran Financial Partners, LLC	115 RIVER LANDING DRIVE  SUITE 200		DANIEL ISLAND	SC	29492	13F HOLDINGS REPORT	028-21080	000281943		N	
0001379995-25-000010	30-SEP-2025	Y	1	RESTATEMENT					HBK Sorce Advisory LLC	2725 COLONIAL AVE		ERIE	PA	16506	13F HOLDINGS REPORT	028-12153	000112139	801-60424	N	
0002001526-25-000011	30-SEP-2025								DecisionMap Wealth Management, LLC	746 WALKER ROAD	SUITE 16	GREAT FALLS	VA	22066	13F HOLDINGS REPORT	028-24842	000328429	801-128871	N	
0001172661-25-004297	30-SEP-2025	N							Syntegra Private Wealth Group, LLC	14567 N Outer 40 Rd	Suite 225	Chesterfield	MO	63017	13F HOLDINGS REPORT	028-22915	000323180	801-126688	N	
0001867587-25-000005	30-JUN-2025								Invst, LLC	3625 E. 96TH STREET		INDIANAPOLIS	IN	46240	13F HOLDINGS REPORT	028-21281			N	
0001765380-25-000431	30-SEP-2025								Precision Wealth Strategies, LLC	4622 MACKLIND AVE		SAINT LOUIS	MO	63109	13F HOLDINGS REPORT	028-21148	000299827	801-114482	N	
0002032486-25-000009	30-SEP-2025								Stonekeep Investments, LLC	7 CAMINO OSITO		SANTE FE	NM	87505	13F HOLDINGS REPORT	028-24264			N	
0001856022-25-000008	30-SEP-2025								Blue Trust, Inc.	1000 HEALTH PARK DRIVE	SUITE 400	BRENTWOOD	TN	37027	13F HOLDINGS REPORT	028-21235			N	
0001398344-25-019206	30-SEP-2025	N							SHEETS SMITH WEALTH MANAGEMENT	120 CLUB OAKS COURT	SUITE 200	WINSTON-SALEM	NC	27104	13F HOLDINGS REPORT	028-06709	000105710	801-31437	N	
0002085853-25-000098	30-SEP-2025	N							VCI Wealth Management LLC	530 Vance Road		St Louis	MO	63088	13F COMBINATION REPORT	028-23584	000324833	801-127960	N	
0001754960-25-000673	30-SEP-2025								RAINIER FAMILY WEALTH INC	1102 BROADWAY SUITE 312		TACOMA	WA	98402	13F HOLDINGS REPORT	028-25642			N	
0002022843-25-000009	30-SEP-2025								V2 Financial group LLC	1536 EAST BAILEY ROAD		NAPERVILLE	IL	60565	13F HOLDINGS REPORT	028-24112	000142189		N	
0002085853-25-000100	30-SEP-2025	N							Park Capital Management, LLC / WI	1601 Greenway Cross, Suite 201		Madison	WI	53713	13F HOLDINGS REPORT	028-24667			N	
0001741426-25-000003	30-SEP-2025	N							Quad-Cities Investment Group, LLC	5177 UTICA RIDGE ROAD		DAVENPORT	IA	52807	13F HOLDINGS REPORT	028-18795			N	
0001824700-25-000004	30-SEP-2025	N							Capital Advisors Wealth Management, LLC	1104 N. 35TH AVE		YAKIMA	WA	98902	13F HOLDINGS REPORT	028-21142	000309387	801-118930	N	
0002085853-25-000099	30-SEP-2025	N							V. M. MANNING & CO., INC.	P.O. BOX 10389		GREENVILLE	SC	29603	13F HOLDINGS REPORT	028-25773			N	
0001754960-25-000677	30-SEP-2025								Kingstone Capital Partners Texas, LLC	6160 WARREN PARKWAY		FRISCO	TX	75034	13F HOLDINGS REPORT	028-25387			N	
0002085853-25-000103	30-SEP-2025	N							Yeomans Consulting Group, Inc.	61 Atlanta Street Se		Marietta	GA	30060	13F HOLDINGS REPORT	028-24018	000125573	801-96287	N	
0002085853-25-000101	30-SEP-2025	N							VISTA INVESTMENT PARTNERS LLC	5601 N. Classen Blvd.	Suite 101	Oklahoma City	OK	73118	13F HOLDINGS REPORT	028-24181	000286014	801-108779	N	
0002085853-25-000096	30-SEP-2025	N							TrueWealth Advisors, LLC	2000 SOUTHLAKE PARK	SUITE 200	BIRMINGHAM	AL	35244	13F HOLDINGS REPORT	028-20456			N	
0001568132-25-000007	30-SEP-2025								Financial Management Professionals, Inc.	6034 W. COURTYARD DR.	SUITE 380	AUSTIN	TX	78730	13F HOLDINGS REPORT	028-15131			N	
0001580642-25-006592	30-SEP-2025	N							CWM, LLC	14600 BRANCH ST.		OMAHA	NE	68154	13F HOLDINGS REPORT	028-15648			N	
0001427202-25-000010	30-SEP-2025								Busey Bank	201 W MAIN ST		URBANA	IL	61801	13F HOLDINGS REPORT	028-12957			N	
0000894189-25-011350	30-SEP-2025	N							Pacer Advisors, Inc.	500 Chesterfield Parkway		Malvern	PA	19355	13F HOLDINGS REPORT	028-16803			N	
0001512601-25-000013	30-SEP-2025								BSW Wealth Partners	2300 BROADWAY STREET		BOULDER	CO	80304	13F COMBINATION REPORT	028-14299			N	
0002011212-25-000007	30-SEP-2025								Clayton Financial Group LLC	165 NORTH MERAMEC	SUITE 150	ST. LOUIS	MO	63105	13F HOLDINGS REPORT	028-23873	000226729	801-97344	N	
0001104659-25-099734	30-SEP-2025	N							SPIRIT OF AMERICA MANAGEMENT CORP/NY	477 Jericho Turnpike	P.o. Box 9006	Syosset	NY	11791-9006	13F HOLDINGS REPORT	028-13233			N	
0002044874-25-000011	30-SEP-2025								Valued Retirements, Inc.	710 N. POST OAK RD.	SUITE 420	HOUSTON	TX	77024	13F HOLDINGS REPORT	028-24501			N	
0001963728-25-000002	30-SEP-2025	N							Seed Wealth Management, Inc.	1220 SHERMAN AVENUE		EVANSTON	IL	60202	13F HOLDINGS REPORT	028-22778	000171920	801-123622	N	
0002012356-25-000003	30-SEP-2025	N							SECURED RETIREMENT ADVISORS, LLC	6121 EXCELSIOR BLVD		ST LOUIS PARK	MN	55416	13F HOLDINGS REPORT	028-23972	000144239	801-121760	N	
0001954136-25-000006	30-SEP-2025	N							Johnson & White Wealth Management, LLC	224 ST. CHARLES WAY	SUITE 200	YORK	PA	17402	13F HOLDINGS REPORT	028-22685			N	
0000825217-25-000003	30-SEP-2025	N							Whitener Capital Management, Inc.	3993 Sunset Avenue		Rocky Mount	NC	27804	13F HOLDINGS REPORT	028-18725	000106865	801-31219	N	
0001891240-25-000005	30-SEP-2025								Independent Wealth Network Inc.	2350 NW 128TH ST.		URBANDALE	IA	50323	13F HOLDINGS REPORT	028-21395	000286262	801-110559	N	
0001773830-25-000002	30-SEP-2025	N							PATRIOT INVESTMENT MANAGEMENT GROUP, INC.	9721 COGDILL ROAD, SUITE 101		KNOXVILLE	TN	37932	13F HOLDINGS REPORT	028-19483	000112155	801-55500	N	
0002038506-25-000002	30-SEP-2025	N							PARAGON CAPITAL MANAGEMENT INC	3651 North 100 East	Suite 275	Provo	UT	84604	13F HOLDINGS REPORT	028-24370	000105962	801-45326	N	
0002040224-25-000007	30-SEP-2025								FMB WEALTH MANAGEMENT	100 N WESTLAKE BLVD	STE 201	WESTLAKE VILLAGE	CA	91362-3764	13F HOLDINGS REPORT	028-24389	000122309	801-61556	N	
0001172661-25-004295	30-SEP-2025	N							Inspire Investing, LLC	3597 E. Monarch Sky Ln.	Suite 330	Meridian	ID	83646	13F HOLDINGS REPORT	028-18624	000171988	801-108947	N	
0002051705-25-000003	30-SEP-2025	N							Weinberger Asset Management, Inc	10866 WILSHIRE BLVD.	SUITE 830	LOS ANGELES	CA	90024	13F HOLDINGS REPORT	028-24739	000106176	801-113165	N	
0001803536-25-000005	30-SEP-2025								Cadent Capital Advisors, LLC	4525 EAST 91ST STREET		TULSA	OK	74137	13F HOLDINGS REPORT	028-20745	000169704	801-78860	N	
0001420506-25-002854	30-SEP-2025	N							Gemmer Asset Management LLC	1655 NORTH MAIN STREET	SUITE 360	WALNUT CREEK	CA	94596	13F HOLDINGS REPORT	028-16189	000109034	801-56517	N	
0001845210-25-000002	30-SEP-2025	N							RFG Holdings, Inc.	130 Old Town Blvd., S, Ste. 200		Argyle	TX	76226	13F HOLDINGS REPORT	028-20634	000173862	801-112697	N	
0001608057-25-000010	30-SEP-2025								Curbstone Financial Management Corp	741 CHESTNUT STREET		MANCHESTER	NH	03104	13F HOLDINGS REPORT	028-16150	000013348	801-67354	N	
0001653926-25-000007	30-SEP-2025								First PREMIER Bank	WEALTH MANAGEMENT	500 S MINNESOTA AVE	SIOUX FALLS	SD	57104	13F HOLDINGS REPORT	028-17067			N	
0001025835-25-000193	30-SEP-2025	N							Enterprise Financial Services Corp	150 North Meramec		Clayton	MO	63105	13F HOLDINGS REPORT	028-13645			N	
0001964722-25-000003	30-SEP-2025	N							MILESTONE ASSET MANAGEMENT, LLC	8160 PERRY HWY		PITTSBURGH	PA	15237	13F COMBINATION REPORT	028-22816	000310441	801-120519	N	
0001580642-25-006589	30-SEP-2025	N							ZWJ INVESTMENT COUNSEL INC	75 14th Street Ne	Suite 2900	Atlanta	GA	30309-7604	13F HOLDINGS REPORT	028-02376			N	
0001998182-25-000003	30-SEP-2025	N							IAMS WEALTH MANAGEMENT, LLC	18881 WEST DODGE ROAD	SUITE 180E	OMAHA	NE	68022	13F HOLDINGS REPORT	028-23408	000286085	801-108875	N	
0001748278-25-000004	30-SEP-2025	N							JGP Wealth Management, LLC	2838 NW CROSSING DRIVE	SUITE 213	BEND	OR	97703	13F HOLDINGS REPORT	028-18869			N	
0001847820-25-000008	30-SEP-2025								Robbins Farley	6 BEDFORD FARMS DRIVE	SUITE 112	BEDFORD	NH	03110	13F HOLDINGS REPORT	028-21088	000286581	801-118427	N	
0001831263-25-000006	30-SEP-2025								JEPPSON WEALTH MANAGEMENT, LLC	1230 ROSECRANS AVENUE	SUITE 300	MANHATTAN BEACH	CA	90266	13F HOLDINGS REPORT	028-20414			N	
0001990699-25-000007	30-SEP-2025								NORDEN GROUP LLC	5255 N EDGEWOOD DRIVE	SUITE 225	PROVO	UT	86404	13F HOLDINGS REPORT	028-23424	000323983	801-127137	N	
0002041427-25-000006	30-SEP-2025								Dale Q Rice Investment Management Ltd	10000 NE 7TH AVE #215		VANCOUVER	WA	98685	13F HOLDINGS REPORT	028-24544			N	
0001062993-25-016087	30-SEP-2025	N							Brookstone Capital Management	1745 SOUTH NAPERVILLE ROAD	SUITE 200	WHEATON	IL	60189	13F HOLDINGS REPORT	028-15771	000141413	801-68010	N	
0002063074-25-000007	30-SEP-2025								Mascagni Wealth Management, Inc.	205 EAST MAIN STREET		CLINTON	MS	39056	13F HOLDINGS REPORT	028-25470	000115046	801-110839	N	
0001792851-25-000005	30-SEP-2025								Fiduciary Planning LLC	33 SOUTH INDIANA AVENUE		ENGLEWOOD	FL	34223	13F HOLDINGS REPORT	028-20098			N	
0001062993-25-016083	30-SEP-2025	N							World Investment Advisors	24 E. COTA STREET, SUITE 200		SANTA BARBARA	CA	93101	13F HOLDINGS REPORT	028-19391	000208512	801-96193	N	
0001044929-25-000008	30-SEP-2025								ATWOOD & PALMER INC	4520 MADISON AVE	SUITE 200	KANSAS CITY	MO	64111	13F HOLDINGS REPORT	028-06528			N	
0002008171-25-000008	30-SEP-2025								TRITONPOINT WEALTH, LLC	5404 WISCONSIN AVENUE	SUITE 330	CHEVY CHASE	MD	20815	13F HOLDINGS REPORT	028-23527			N	
0001213900-25-099029	30-SEP-2025	N							Allen Mooney & Barnes Investment Advisors LLC	135 SOUTH MADISON STREET		Thomasville	GA	31792	13F HOLDINGS REPORT	028-23465	000113106	801-60350	N	
0001398344-25-019173	30-SEP-2025	N							Martin Capital Advisors, LLP	1100 NE LOOP 410, #300		SAN ANTONIO	TX	78209	13F HOLDINGS REPORT	028-21657	000108529	801-121876	N	
0001277557-25-000005	30-SEP-2025								PRIVATE TRUST CO NA	1422 EUCLID AVENUE STE 1130		CLEVELAND	OH	44115-2001	13F HOLDINGS REPORT	028-10639			N	
0001214659-25-014968	30-SEP-2025	N							Southland Equity Partners LLC	1443 WESTHAMPTON VIEW LANE		WILDWOOD	MO	63005	13F HOLDINGS REPORT	028-23481			N	
0001079397-25-000002	30-JUN-2025								CHESAPEAKE ASSET MANAGEMENT LLC	630 FIFTH AVENUE	SUITE 2310	NEW YORK	NY	10111	13F HOLDINGS REPORT	028-04687			N	
0001697493-25-000009	30-SEP-2025								Symmetry Partners, LLC	151 NATIONAL DRIVE		GLASTONBURY	CT	06033	13F HOLDINGS REPORT	028-17760			N	
0001376474-25-000841	30-SEP-2025								Alliance Wealth Advisors, LLC	538 BIDEN STREET, SUITE 700		SCRANTON	PA	18503	13F HOLDINGS REPORT	028-21100	000288394	801-110512	N	
0001598611-25-000007	30-SEP-2025								Friedenthal Financial	5000 SAGEMORE DRIVE	SUITE 102	MARLTON	NJ	08053	13F HOLDINGS REPORT	028-15722			N	
0001062993-25-016074	30-SEP-2025	N							FOUNDERS FINANCIAL SECURITIES LLC	1026 CROMWELL BRIDGE ROAD	SUITE 100	TOWSON	MD	21286	13F COMBINATION REPORT	028-15741	000137945	801-66892	N	
0001172661-25-004289	30-SEP-2025	N							Merrion Investment Management Co, LLC	184 North Ave. East		Cranford	NJ	07016	13F HOLDINGS REPORT	028-20627	000030145	8-44770	N	
0000929638-25-003890	30-SEP-2025	N							Global X Japan Co., Ltd.	SANNO PARK TOWER 21F	2-11-1, NAGATACHO	CHIYODA-KU, TOKYO	M0	100-6121	13F HOLDINGS REPORT	028-24208			N	
0001172661-25-004288	30-SEP-2025	N							MANCHESTER FINANCIAL INC	2815 Townsgate Road Suite 100		Westlake Village	CA	91361	13F HOLDINGS REPORT	028-19341	000106071	801-37370	N	
0001108969-25-000003	30-SEP-2025	N							CHATHAM CAPITAL GROUP, INC.	6602 ABERCORN ST, SUITE 100		SAVANNAH	GA	31405	13F HOLDINGS REPORT	028-05657			N	
0000946431-25-000012	30-SEP-2025								Swedbank AB	LANDSVAGEN 40		STOCKHOLM	V7	105 34	13F HOLDINGS REPORT	028-24145			N	
0001898297-25-000003	30-SEP-2025	N							BayBridge Capital Group, LLC	2205 FOURTH STREET		LIVERMORE	CA	94550	13F HOLDINGS REPORT	028-23675	000284867	801-112598	N	
0001802961-25-000004	30-SEP-2025	N							Optas, LLC	210 BARTON SPRINGS RD	SUITE 415	AUSTIN	TX	78704	13F HOLDINGS REPORT	028-20126	000299965	801-115209	N	
0001721780-25-000002	30-SEP-2025	N							Successful Portfolios LLC	611 DRUID ROAD EAST	SUITE 407	CLEARWATER	FL	33756	13F HOLDINGS REPORT	028-18301	000152429	801-80702	N	
0001721527-25-000004	30-SEP-2025	N							Cypress Wealth Services, LLC	74150 COUNTRY CLUB DRIVE		PALM DESERT	CA	92260	13F HOLDINGS REPORT	028-18257			N	
0001889322-25-000002	30-SEP-2025	N							Strong Tower Advisory Services	333 SOUTH 7TH STREET	SUITE 2100	MINNEAPOLIS	MN	55402	13F HOLDINGS REPORT	028-21387	000315106	801-121575	N	
0001588340-25-000002	30-SEP-2025	N							Vontobel Holding Ltd.	GOTTHARDSTRASSE 43		ZURICH	V8	CH-8022	13F HOLDINGS REPORT	028-20714			N	
0000887777-25-000032	30-SEP-2025	N							DAVENPORT & Co LLC	P O BOX 85678		RICHMOND	VA	23285-5678	13F HOLDINGS REPORT	028-03200	000001588	801-13057	N	
0001754960-25-000672	30-SEP-2025								Plancorp, LLC	540 MARYVILLE CENTRE DRIVE	SUITE 105	SAINT LOUIS	MO	63141	13F HOLDINGS REPORT	028-15783			N	
0001398344-25-019169	30-SEP-2025	N							IFM Investors Pty Ltd	LEVEL 33	50 LONSDALE STREET	MELBOURNE	C3	VIC 3000	13F HOLDINGS REPORT	028-17969	000162754	801-78649	N	
0001754960-25-000670	30-SEP-2025								Meriwether Wealth & Planning, LLC	1000 BROADWAY ST		MINDEN	LA	71055	13F HOLDINGS REPORT	028-24815			N	
0001754960-25-000668	30-SEP-2025								Net Worth Advisory Group	75 WEST TOWNE RIDGE PARKWAY, SUITE 460		SANDY	UT	84070	13F HOLDINGS REPORT	028-24392			N	
0001754960-25-000662	30-SEP-2025								TABR Capital Management, LLC	500 N STATE COLLEGE BLVD. SUITE 1320		ORANGE	CA	92868	13F HOLDINGS REPORT	028-24574			N	
0002065807-25-000017	30-SEP-2025								MB, LEVIS & ASSOCIATES, LLC	4647 SAUCON CREEK ROAD	SUITE 101	CENTER VALLEY	PA	18034	13F HOLDINGS REPORT	028-25542	000164197	801-76841	N	
0001754960-25-000665	30-SEP-2025								Enclave Advisors LLC	3600 N. CAPITAL OF TEXAS HWY	BLDGB, SUITE 180	AUSTIN	TX	78746	13F HOLDINGS REPORT	028-24452			N	
0002085853-25-000088	30-SEP-2025	N							Tactive Advisors, LLC	7400 Baymeadows Way, Suite 300		Jacksonville	FL	32256	13F HOLDINGS REPORT	028-23586	000309311	801-119680	N	
0002085853-25-000087	30-SEP-2025	N							GLOBALT Investments LLC / GA	3200 Windy Hill Road, Se	Suite 1550e	Atlanta	GA	30339	13F HOLDINGS REPORT	028-23982	000328039	801-129022	N	
0002085853-25-000086	30-SEP-2025	N							Apeiron RIA LLC	10000 N. Central Expressway	Ste. 700	Dallas	TX	75231	13F HOLDINGS REPORT	028-22231	000289273	801-110974	N	
0002085853-25-000085	30-SEP-2025	N							Key Client Fiduciary Advisors, LLC	363 Route 46 West, Suite 300		Fairfield	NJ	07004	13F HOLDINGS REPORT	028-22346	000298240	801-114010	N	
0002085853-25-000079	30-SEP-2025	N							Wealth Alliance Advisory Group, LLC	10585 E 21st St N		Wichita	KS	67206	13F HOLDINGS REPORT	028-18712	000290329	801-112023	N	
0002085853-25-000078	30-SEP-2025	N							Revolve Wealth Partners, LLC	411 Hackensack Avenue	Suite 1005	Hackensack	NJ	047601	13F HOLDINGS REPORT	028-21599	000286643	801-110397	N	
0002042654-25-000008	30-SEP-2025								HIGHLINE WEALTH PARTNERS LLC	15260 VENTURA BLVD.	SUITE 855	SHERMAN OAKS	CA	91403	13F HOLDINGS REPORT	028-24405	000284712	801-108350	N	
0001729428-25-000010	30-SEP-2025								Monument Capital Management	1940 DUKE STREET	SUITE 6100	ALEXANDRIA	VA	22314	13F HOLDINGS REPORT	028-18260	000159882	801-76802	N	
0001443095-25-000008	30-SEP-2025								Welch Group, LLC	3940 MONTCLAIR ROAD, FIFTH FLOOR		BIRMINGHAM	AL	35213	13F HOLDINGS REPORT	028-13195	000111273	801-56254	N	
0001731497-25-000007	30-SEP-2025								Ellenbecker Investment Group	N21 W23350 RIDGEVIEW PKWY		WAUKESHA	WI	53188	13F HOLDINGS REPORT	028-18557			N	
0001172661-25-004287	30-SEP-2025	N							True North Advisors, LLC	3131 Turtle Creek Boulevard	Suite 1300	Dallas	TX	75219	13F HOLDINGS REPORT	028-21867	000116048	801-66250	N	
0001193125-25-239056	30-SEP-2025	N							OLD NATIONAL BANCORP /IN/	1 MAIN ST		EVANSVILLE	IN	47708	13F HOLDINGS REPORT	028-02327			N	
0001894484-25-000009	30-SEP-2025								FOURPATH CAPITAL MANAGEMENT, LLC	4727 GAILLARDIA PARKWAY	SUITE 120	OKLAHOMA CITY	OK	73142	13F HOLDINGS REPORT	028-21487	000313573	801-120960	N	
0001058022-25-000009	30-SEP-2025								SHIKIAR ASSET MANAGEMENT INC	1350 AVENUE OF THE AMERICAS	16TH FLOOR	NEW YORK	NY	10019	13F HOLDINGS REPORT	028-07060	000107533		N	
0001994563-25-000007	30-SEP-2025								DiNuzzo Private Wealth, Inc.	1501 3RD STREET		BEAVER	PA	15009	13F HOLDINGS REPORT	028-23599	000112778	801-57384	N	
0001858789-25-000008	30-SEP-2025								YOUSIF CAPITAL MANAGEMENT, LLC	39533 WOODWARD AVE	SUITE 100	BLOOMFIELD HILLS	MI	48304	13F HOLDINGS REPORT	028-21535	000312511	801-120350	N	
0001134008-25-000008	30-SEP-2025								TRUST CO OF VERMONT	P O BOX 1280		BRATTLEBORO	VT	05302-1280	13F HOLDINGS REPORT	028-10003			N	
0001992825-25-000010	30-SEP-2025								Farther Finance Advisors, LLC	345 CALIFORNIA STREET	SUITE 600	SAN FRANCISCO	CA	94104	13F HOLDINGS REPORT	028-23383	000302050	801-116721	N	
0001801263-25-000008	30-SEP-2025								Parcion Private Wealth LLC	11980 NE 24TH STREET	SUITE 210	BELLEVUE	WA	98005	13F COMBINATION REPORT	028-19956	000305115	801-117477	N	
0000905729-25-000169	30-SEP-2025	N							Cranbrook Wealth Management, LLC	36330 Woodward Ave.	Suite 200	Bloomfield Hills	MI	48304	13F HOLDINGS REPORT	028-15826	000132058	801-66180	N	
0001172661-25-004284	30-SEP-2025	N							PATTON FUND MANAGEMENT, INC.	228 Park Avenue S	Suite 31616	New York	NY	10003	13F HOLDINGS REPORT	028-19566	000120533	801-88211	N	
0001767601-25-000007	30-SEP-2025								MARKET STREET WEALTH MANAGEMENT ADVISORS LLC	3105 E 98TH STREET	SUITE 170	INDIANAPOLIS	IN	46280	13F HOLDINGS REPORT	028-19106	000122212	801-62577	N	
0001990690-25-000007	30-SEP-2025								Meritas Wealth Management, LLC	3950 CIVIC CENTER DRIVE	SUITE 210	SAN RAFAEL	CA	94903	13F HOLDINGS REPORT	028-23380	000148565	801-69687	N	
0002008666-25-000007	30-SEP-2025								PRECEDENT WEALTH PARTNERS, LLC	1800 WEST LOOP SOUTH	SUITE 1400	HOUSTON	TX	77027	13F HOLDINGS REPORT	028-23516			N	
0001976256-25-000008	30-SEP-2025	Y	1	RESTATEMENT					ELEVATION WEALTH PARTNERS, LLC	200 PRINGLE AVENUE	SUITE 400	WALNUT CREEK	CA	94596	13F HOLDINGS REPORT	028-23203			N	
0002056313-25-000007	30-SEP-2025								Bernard Wealth Management Corp.	360 N MAIN STREET	SUITE 430	ROYAL OAK	MI	48067	13F HOLDINGS REPORT	028-25020	000159533	801-119146	N	
0001172661-25-004282	30-SEP-2025	N							MATRIX ASSET ADVISORS INC/NY	10 Bank Street	Suite 590	White Plains	NY	10606	13F COMBINATION REPORT	028-05690	000107408	801-36872	N	
0001038661-25-000002	30-SEP-2025								ABNER HERRMAN & BROCK LLC	HARBORSIDE 5	185 HUDSON STREET, SUITE 1640	JERSEY CITY	NJ	07311	13F HOLDINGS REPORT	028-06312	000008517	8-25549	N	
0001172661-25-004281	30-SEP-2025	N							Berger Financial Group, Inc	1695 State Highway 169		Plymouth	MN	55441	13F HOLDINGS REPORT	028-20514	000308174	801-118923	N	
0001379995-25-000009	30-SEP-2025								HBK Sorce Advisory LLC	2725 COLONIAL AVE		ERIE	PA	16506	13F HOLDINGS REPORT	028-12153	000112139	801-60424	N	
0001800911-25-000005	30-SEP-2025								S.A. Mason LLC	170 COLLEGE AVE	SUITE 260	HOLLAND	MI	49423	13F HOLDINGS REPORT	028-19705			N	
0001990190-25-000008	30-SEP-2025								LongView Wealth Management	5605 GLENRIDGE DRIVE	SUITE 300	ATLANTA	GA	30342	13F HOLDINGS REPORT	028-23492			N	
0002006637-25-000006	30-SEP-2025								JAMISON PRIVATE WEALTH MANAGEMENT, INC.	12630 CRABAPPLE ROAD	SUITE 300	MILTON	GA	30004	13F HOLDINGS REPORT	028-23486			N	
0001172661-25-004280	30-SEP-2025	N							Sloy Dahl & Holst, LLC	1220 Main Street	Suite 400	Vancouver	WA	98660	13F HOLDINGS REPORT	028-19663	000110102	801-31712	N	
0001213900-25-098472	30-SEP-2025	N							EXCHANGE TRADED CONCEPTS, LLC	10900 Hefner Pointe Drive	Suite 400	Oklahoma City	OK	73120	13F COMBINATION REPORT	028-19670	000151197	801-70485	N	
0001586882-25-000005	30-SEP-2025								J2 Capital Management Inc	1301 W. LONG LAKE RD	STE 260	TROY	MI	48098	13F HOLDINGS REPORT	028-21473			N	
0001457005-25-000012	30-SEP-2025								PRIVATE CLIENT SERVICES, LLC	2225 LEXINGTON RD.		LOUISVILLE	KY	40206	13F HOLDINGS REPORT	028-23555	000120222		N	
0001725547-25-004113	30-SEP-2025	N							Kaufman Rossin Wealth, LLC	3310 Mary Street	Suite 501	Miami	FL	33133	13F HOLDINGS REPORT	028-24592	000301921	801-122845	N	
0001730386-25-000004	30-SEP-2025								RETIREMENT INCOME SOLUTIONS, INC	2301 PLATT ROAD	SUITE 300	ANN ARBOR	MI	48104	13F HOLDINGS REPORT	028-18271	000110145	801-71319	N	
0001695344-25-000007	30-SEP-2025								NORTHWEST WEALTH MANAGEMENT, LLC	1607 W 18TH ST		SPENCER	IA	51301	13F HOLDINGS REPORT	028-17661	000152816	801-72545	N	
0001172661-25-004273	30-SEP-2025	N							BUILDER INVESTMENT GROUP INC /ADV	4401 NORTHSIDE PKWY NW	SUITE 520	ATLANTA	GA	30327	13F HOLDINGS REPORT	028-23146	000107671	801-19907	N	
0001172661-25-004272	30-SEP-2025	N							TTP Investments, Inc.	1978 The Alameda		San Jose	CA	95126	13F HOLDINGS REPORT	028-18326	000284082	801-107967	N	
0001697360-25-000006	30-SEP-2025								Perennial Advisors, LLC	1350 AVENUE OF THE AMERICAS	SUITE 1920	NEW YORK	NY	10019	13F HOLDINGS REPORT	028-17700			N	
0002051491-25-000017	30-SEP-2025								Westmount Partners, LLC	2049 CENTURY PARK EAST	SUITE 2500	LOS ANGELES	CA	90067	13F HOLDINGS REPORT	028-24542	000158857	801-72739	N	
0001193125-25-238383	30-SEP-2025	N							BALDWIN WEALTH PARTNERS LLC/MA	204 Spring Street		Marion	MA	02738	13F COMBINATION REPORT	028-05814	000105343	801-15418	N	
0001907327-25-000006	30-SEP-2025								CHERRYDALE WEALTH MANAGEMENT, LLC	221 RIVER STREET, 9TH FLOOR		HOBOKEN	NJ	07030	13F HOLDINGS REPORT	028-21553			N	
0001989744-25-000005	30-SEP-2025								PFW Advisors LLC	3350 RIVERWOOD PARKWAY	SUITE 650	ATLANTA	GA	30339	13F HOLDINGS REPORT	028-23359			N	
0001749283-25-000008	30-SEP-2025								Spartan Planning & Wealth Management	1931 NEW GARDEN RD	STE 220	GREENSBORO	NC	27410	13F HOLDINGS REPORT	028-22530	000166599		N	
0001085146-25-005936	30-SEP-2025	N							Legacy Wealth Asset Management, LLC	683 BIELENBERG DRIVE	SUITE 101	WOODBURY	MN	55125	13F HOLDINGS REPORT	028-21126			N	
0001085146-25-005935	30-SEP-2025	N							Cohen Investment Advisors LLC	264 SOUTH RIVER ROAD	SUITE 414	BEDFORD	NH	03110	13F HOLDINGS REPORT	028-20670			N	
0001085146-25-005933	30-SEP-2025	N							BRIGHTON JONES LLC	2030 1ST AVENUE	3RD FLOOR	SEATTLE	WA	98121	13F HOLDINGS REPORT	028-14506	000108601	801-57087	N	
0001085146-25-005931	30-SEP-2025	N							Foster Group, Inc.	6601 WESTOWN PARKWAY, SUITE 100		WEST DES MOINES	IA	50266	13F HOLDINGS REPORT	028-20451	000107148	801-38507	N	
0001085146-25-005929	30-SEP-2025	N							Edge Wealth Management LLC	805 3RD AVE 12TH FLOOR		NEW YORK	NY	10022	13F HOLDINGS REPORT	028-15102	000142380	801-67345	N	
0001085146-25-005927	30-SEP-2025	N							Evanson Asset Management, LLC	3483 GREENFIELD PLACE		CARMEL	CA	93923	13F HOLDINGS REPORT	028-16439	000135188	801-64387	N	
0001085146-25-005925	30-SEP-2025	N							ARTHUR M. COHEN & ASSOCIATES, LLC	1033 SKOKIE BOULEVARD	SUITE 200	NORTHBROOK	IL	60062	13F HOLDINGS REPORT	028-17597	000105894	801-35752	N	
0001085146-25-005924	30-SEP-2025	N							DLK Investment Management, LLC	238 N CEDROS AVE	SUITE 200	SOLANA BEACH	CA	92075	13F HOLDINGS REPORT	028-24052	000149096	801-69825	N	
0001214659-25-014902	30-SEP-2025	N							JBR Co Financial Management Inc	130 D ST. NW		ARDMORE	OK	73401	13F HOLDINGS REPORT	028-24064			N	
0001104659-25-098878	30-SEP-2025	N							CAPITAL INSIGHT PARTNERS, LLC	7328 E. Deer Valley Rd.	Ste 105	Scottsdale	AZ	85255	13F HOLDINGS REPORT	028-17100			N	
0001664214-25-000013	30-SEP-2025								Clarius Group, LLC	999 THIRD AVENUE, SUITE 3050		SEATTLE	WA	98104	13F HOLDINGS REPORT	028-17249	000173347	801-80681	N	
0002085853-25-000071	30-SEP-2025	N							WestHill Financial Advisors, Inc.	999 Fifth Ave	Suite 300	San Rafael	CA	94901	13F HOLDINGS REPORT	028-21038	000152506	801-71005	N	
0002085853-25-000069	30-SEP-2025	N							TCI Wealth Advisors, Inc.	4011 E Sunrise Dr		Tucson	AZ	85718	13F HOLDINGS REPORT	028-15613	000107373	801-37083	N	
0001601539-25-000010	30-SEP-2025								CHICAGO TRUST Co NA	50 COMMERCE DR		GRAYSLAKE	IL	60030	13F HOLDINGS REPORT	028-16853			N	
0001172661-25-004269	30-SEP-2025	N							Diversified Enterprises, LLC	3705 Concord Pike		Wilmington	DE	19803	13F HOLDINGS REPORT	028-24479	000331709	801-130728	N	
0001907157-25-000038	30-SEP-2025								Financial Connections Group, Inc.	21 TAMAL VISTA BLVD.	#105	CORTE MADERA	CA	94925	13F HOLDINGS REPORT	028-21874			N	
0002054795-25-000002	30-SEP-2025								Warburton Capital Management, LLC	6120 S YALE AVE	SUITE 1010	TULSA	OK	74136	13F HOLDINGS REPORT	028-24829			N	
0001104659-25-098692	30-SEP-2025	N							Sound Income Strategies, LLC	500 West Cypress Creek Road	Suite 290	Ft Lauderdale	FL	33309	13F HOLDINGS REPORT	028-18555	000173272	801-80425	N	
0002085853-25-000066	30-SEP-2025	N							Cornerstone Management, Inc.	3237 SATELLITE BOULEVARD	SUITE 400	DULUTH	GA	30096	13F HOLDINGS REPORT	028-23212			N	
0001561790-25-000009	30-SEP-2025								Thomasville National Bank	PO BOX 1177		THOMASVILLE	GA	31799	13F HOLDINGS REPORT	028-15081			N	
0001725547-25-004112	30-SEP-2025								HMV Wealth Advisors, LLC	333 TEXAS STREET	SUITE 1525	SHREVEPORT	LA	71101	13F HOLDINGS REPORT	028-24849	000297747	801-127046	N	
0001085146-25-005909	30-SEP-2025	N							RoundAngle Advisors LLC	1 HARDING ROAD	SUITE 206	RED BANK	NJ	07701-5900	13F HOLDINGS REPORT	028-24562	000282178	801-107449	N	
0001085146-25-005901	30-SEP-2025	N							Foster Victor Wealth Advisors, LLC	10 TOY STREET, SUITE 200		GREENVILLE	SC	29601	13F HOLDINGS REPORT	028-19436	000283656	801-107775	N	
0001821549-25-000004	30-SEP-2025								BNC WEALTH MANAGEMENT, LLC	8625 SW CASCADE AVENUE	SUITE 410	BEAVERTON	OR	97008	13F HOLDINGS REPORT	028-20405			N	
0001816444-25-000006	30-SEP-2025								Sara-Bay Financial	2201 CANTU CT	SUITE 102	SARASOTA	FL	34232	13F HOLDINGS REPORT	028-20304	000133443		N	
0001172661-25-004250	30-SEP-2025	N							Red Door Wealth Management, LLC	756 Ridge Lake Boulevard		Memphis	TN	38120	13F HOLDINGS REPORT	028-19702	000153235	801-79374	N	
0001635633-25-000009	30-SEP-2025								TRUST POINT INC.	230 FRONT STREET NORTH		LA CROSSE	WI	54601	13F HOLDINGS REPORT	028-23522			N	
0001915765-25-000005	30-SEP-2025								jvl associates llc	1657 GEZON PARKWAY SW	SUITE C	WYOMING	MI	49519	13F HOLDINGS REPORT	028-22355	000124018		N	
0001015308-25-000008	30-SEP-2025								WEDGE CAPITAL MANAGEMENT L L P/NC	301 SOUTH COLLEGE STREET SUITE 3800		CHARLOTTE	NC	28202	13F HOLDINGS REPORT	028-05670			N	
0000014745-25-000008	30-SEP-2025								BROWN, LISLE/CUMMINGS, INC.	ONE TURKS HEAD PLACE - SUITE 800		PROVIDENCE	RI	02903-2273	13F HOLDINGS REPORT	028-24207	000001331	801-121156	N	
0001869923-25-000002	30-SEP-2025								Corsicana & Co.	P.O. BOX 624		CORSICANA	TX	75151	13F HOLDINGS REPORT	028-21284			N	
0001140334-25-000007	30-SEP-2025								FLPUTNAM INVESTMENT MANAGEMENT CO	5 WIDGERY WHARF		PORTLAND	ME	04101	13F HOLDINGS REPORT	028-06465	000106233	801-21951	N	
0000897378-25-000016	30-SEP-2025								CONGRESS ASSET MANAGEMENT CO	2 SEAPORT LANE	5TH FLOOR	BOSTON	MA	02210	13F HOLDINGS REPORT	028-03434			N	
0001172661-25-004243	30-SEP-2025	N							Lionshead Wealth Management, LLC	250 W. 55th St.	17th Floor	New York	NY	10019	13F HOLDINGS REPORT	028-25264	000288526	801-110632	N	
0001172661-25-004241	30-JUN-2025	N							IronBridge Private Wealth, LLC	6420 Bee Cave Rd	Suite 201	Austin	TX	78746	13F HOLDINGS REPORT	028-21124	000287714	801-115022	N	
0002004904-25-000008	30-SEP-2025								Quotient Wealth Partners, LLC	5430 LBJ FREEWAY	SUITE 1150	DALLAS	TX	75240	13F HOLDINGS REPORT	028-23636	000326819	801-128380	N	
0002085853-25-000059	30-SEP-2025	N							Clarity Financial LLC	11750 Katy Freeway, Suite 840		Houston	TX	77079	13F HOLDINGS REPORT	028-21261	000150661	801-77832	N	
0002085853-25-000058	30-SEP-2025	N							Falcon Wealth Planning	3400 Inland Empire Blvd.	Suite 100	Ontario	CA	91764	13F HOLDINGS REPORT	028-20509	000174092	801-112659	N	
0002085853-25-000057	30-SEP-2025	N							Focused Wealth Management, Inc	11 Balmville Rd	Suite 2 North	Newburgh	NY	12550	13F HOLDINGS REPORT	028-15621	000154828	801-71860	N	
0001950947-25-000006	30-SEP-2025								Cyndeo Wealth Partners, LLC	200 CENTRAL AVENUE	23RD FLOOR	ST. PETERSBURG	FL	33701	13F HOLDINGS REPORT	028-22760			N	
0002052964-25-000006	30-SEP-2025								MATAURO, LLC	1325 AVENUE OF THE AMERICAS		NEW YORK	NY	10019	13F HOLDINGS REPORT	028-24721	000333038	801-131187	N	
0002046607-25-000006	30-SEP-2025								Fairvoy Private Wealth, LLC	ONE PERIMETER PARK SOUTH	SUITE 300S	BIRMINGHAM	AL	35243	13F HOLDINGS REPORT	028-24633	000329636	801-129698	N	
0001950323-25-000013	30-SEP-2025								Abound Wealth Management	317 MAIN STREET, SUITE 201		FRANKLIN	TN	37064	13F HOLDINGS REPORT	028-24269			N	
0001536029-25-000006	30-SEP-2025								Advance Capital Management, Inc.	ONE TOWNE SQUARE, SUITE 444		SOUTHFIELD	MI	48076	13F HOLDINGS REPORT	028-21444			N	
0001104659-25-098515	30-SEP-2025	N							Perpetual Ltd	18/123 PITT STREET		SYDNEY, NEW SOUTH WALES	C3	2000	13F HOLDINGS REPORT	028-18148			Y	*Perpetual Limited (Perpetual) is the Australian parent holding company of (i) certain U.S. institutional investment managers, Barrow Hanley Mewhinney & Strauss LLC (Barrow Hanley), Trillium Asset Management, LLC (Trillium), and Thompson, Siegel and Walmsley, LLC (TSW), (ii) certain Australian institutional investment managers, Pendal Group Ltd. (Pendal) and Perpetual Investment Management Limited (PIML), and (iii) J O Hambro Capital Ltd. (JOHCM Ltd.).  For purposes of the reporting requirements under Section 13(f) of the Securities Exchange Act of 1934 (the Act), and the rules promulgated thereunder, Perpetual itself does not exercise, and therefore disclaims, investment discretion with respect to any Section 13(f) securities positions over which its investment manager subsidiaries exercise such discretion. To the extent, however, that Perpetual's controlling ownership interest in such subsidiaries may nevertheless give rise to a Form 13F obligation on behalf of Perpetual, the information required by Form 13F is reported herein on behalf of such subsidiaries. U.S. institutional investment managers, Barrow Hanley Mewhinney & Strauss LLC (Barrow Hanley), Trillium Asset Management, LLC (Trillium), and Thompson, Siegel and Walmsley, LLC (TSW) are separately fulfilling their own reporting requirements under Section 13(f) of the Securities Exchange Act of 1934 (the Act) and therefore have not been included in the List of Other Included Managers.
0001754960-25-000648	30-SEP-2025								FIDUCIARY FINANCIAL GROUP, LLC	1101 FIFTH AVE	SUITE 305	SAN RAFAEL	CA	94901	13F HOLDINGS REPORT	028-24224			N	
0001754960-25-000651	30-SEP-2025								KMG FIDUCIARY PARTNERS, LLC	7530 KINGS POINTE ROAD		TOLEDO	OH	43617	13F HOLDINGS REPORT	028-19469			N	
0001754960-25-000649	30-SEP-2025								Signal Advisors Wealth, LLC	1555 BROADWAY		DETROIT	MI	48226	13F HOLDINGS REPORT	028-23749			N	
0001754960-25-000650	30-SEP-2025								Rydar Equities, Inc.	3851 FORT WORTH HWY		WEATHERFORD	TX	76087	13F HOLDINGS REPORT	028-25788			N	
0001818759-25-000009	30-SEP-2025								Sunflower Bank, N.A.	8117 PRESTON ROAD #220		DALLAS	TX	75225	13F HOLDINGS REPORT	028-20305			N	
0001754960-25-000655	30-SEP-2025								Focus Financial Network, Inc.	1300 GODWARD ST		MINNEAPOLIS	MN	55413	13F HOLDINGS REPORT	028-24075			N	
0002010186-25-000007	30-SEP-2025								BARTLETT & CO. WEALTH MANAGEMENT LLC	600 VINE STREET	SUITE 2100	CINCINNATI	OH	45202	13F HOLDINGS REPORT	028-23769	000292246	801-112635	N	
0001730479-25-000005	30-SEP-2025								Independence Bank of Kentucky	PO BOX 948		OWENSBORO	KY	42302-0948	13F HOLDINGS REPORT	028-18294			N	
0001840565-25-000007	30-SEP-2025								BAKER TILLY WEALTH MANAGEMENT, LLC	PO BOX 7398		MADISON	WI	53703-7398	13F HOLDINGS REPORT	028-20549			N	
0001409362-25-000007	30-SEP-2025								AdvisorNet Financial, Inc	110 CHESHIRE LANE	SUITE 200	MINNETONKA	MN	55305	13F HOLDINGS REPORT	028-18666			N	
0002090468-25-000003	30-SEP-2025								Meadowbrook Wealth Management, LLC	1042 FRANKLIN AVENUE	SUITE 110	GARDEN CITY	NY	11530	13F HOLDINGS REPORT	028-25795			N	
0001812178-25-000007	30-SEP-2025								JACKSON SQUARE CAPITAL, LLC	595 MARKET STREET	SUITE 1340	SAN FRANCISCO	CA	94105	13F HOLDINGS REPORT	028-20279			N	
0002085853-25-000048	30-SEP-2025	N							Secure Asset Management, LLC	2565 West Maple Road		Troy	MI	48084	13F HOLDINGS REPORT	028-19770	000144046	801-113954	N	
0001725547-25-004108	30-SEP-2025	N							SURIENCE PRIVATE WEALTH LLC	402 E YAKIMA AVE	SUITE 120	YAKIMA	WA	98901	13F HOLDINGS REPORT	028-21483	000313055	801-120656	N	
0001842811-25-000003	30-SEP-2025								IVC Wealth Advisors LLC	163 E MAIN ST	PO BOX 539	SILVERDALE	PA	18962-0539	13F HOLDINGS REPORT	028-20501	000301127	801-114980	N	
0000866780-25-000005	30-SEP-2025								TOTH FINANCIAL ADVISORY CORP	608 SOUTH KING STREET	SUITE 300	LEESBURG	VA	20175	13F HOLDINGS REPORT	028-07086			N	
0001813577-25-000008	30-SEP-2025								Whitcomb & Hess, Inc.	1020 CLEVELAND AVENUE		ASHLAND	OH	44805	13F HOLDINGS REPORT	028-21304	000121064	801-78798	N	
0001842554-25-000010	30-SEP-2025								ACT Advisors, LLC.	521 COLLEGE STREET		ASHEVILLE	NC	28801	13F HOLDINGS REPORT	028-20603			N	
0001513038-25-000008	30-SEP-2025								Perkins Coie Trust Co	1301 SECOND AVE, SUITE 4200		SEATTLE	WA	98101	13F HOLDINGS REPORT	028-15766			N	
0001632812-25-000009	30-SEP-2025								BDF-GESTION	LOV-1545, 1, RUE DE LA VRILLIERE		PARIS	I0	75001	13F HOLDINGS REPORT	028-24219			N	
0001566493-25-000010	30-SEP-2025								Newman Dignan & Sheerar, Inc.	260 WEST EXCHANGE STREET	SUITE 302	PROVIDENCE	RI	02903	13F HOLDINGS REPORT	028-15421	000107565	801-41412	N	
0001931642-25-000008	30-SEP-2025								Astoria Portfolio Advisors LLC.	500 7TH AVENUE		NEW YORK	NY	10018	13F COMBINATION REPORT	028-22555	000288271		N	
0002053050-25-000011	30-SEP-2025								LOUISBOURG INVESTMENTS INC.	202-230 CHAMPLAIN STREET		DIEPPE	A3	E1A 1P1	13F HOLDINGS REPORT	028-24655	000329547	802-129404	N	
0001808915-25-000007	30-SEP-2025								U.S. Capital Wealth Advisors, LLC	300 WEST 6TH STREET	SUITE 1900	AUSTIN	TX	78701	13F HOLDINGS REPORT	028-21388			N	
0001941040-25-000535	30-SEP-2025	N							Prentice Wealth Management LLC	1150 Penfield Rd.		Rochester	NY	14625	13F HOLDINGS REPORT	028-21272	000160052	801-76490	N	
0001767349-25-000007	30-SEP-2025								Princeton Global Asset Management LLC	17 HULFISH STREET, SUITE 240		PRINCETON	NJ	08542	13F HOLDINGS REPORT	028-19430			N	
0002055645-25-000007	30-SEP-2025								BREAKTHRU ADVISORY SERVICES, LLC	W160S6550 COMMERCE DR.	SUITE 210	MUSKEGO	WI	53150	13F HOLDINGS REPORT	028-25362	000332173	801-130880	N	
0001140361-25-037770	30-SEP-2025	N							Kennebec Savings Bank	150 STATE STREET	PO BOX 50	AUGUSTA	ME	04330	13F HOLDINGS REPORT	028-24418			N	
0001535811-25-000005	30-SEP-2025								Redhawk Wealth Advisors, Inc.	8500 NORMANDALE LAKE BLVD	SUITE 960	MINNEAPOLIS	MN	55437	13F HOLDINGS REPORT	028-18954			N	
0001068837-25-000035	30-SEP-2025								Voya Investment Management LLC	5780 Powers Ferry Rd	Suite 300	Atlanta	GA	30327-4349	13F HOLDINGS REPORT	028-07292		801-55232	N	
0001811783-25-000008	30-SEP-2025								Richard P Slaughter Associates Inc	9600 N MOPAC EXPY	SUITE 600	AUSTIN	TX	78759	13F HOLDINGS REPORT	028-20292			N	
0001437749-25-030755	30-SEP-2025								Bay Harbor Wealth Management, LLC	201 INTERNATIONAL CIRCLE, STE 520		Hunt Valley	MD	21030	13F HOLDINGS REPORT	028-19245			N	
0001214659-25-014788	30-SEP-2025	N							Harbour Capital Advisors, LLC	1595 SPRING HILL ROAD, SUITE 305		TYSONS CORNER	VA	22182	13F HOLDINGS REPORT	028-17525			N	
0001085146-25-005875	30-SEP-2025	N							Dynamic Advisor Solutions LLC	2415 EAST CAMELBACK RD SUITE 700		PHOENIX	AZ	85016	13F HOLDINGS REPORT	028-15808			N	
0001085146-25-005874	30-SEP-2025	N							ECLECTIC ASSOCIATES INC /ADV	1440 NORTH HARBOR BLVD	STE 220	FULLERTON	CA	92835	13F HOLDINGS REPORT	028-20439	000111041		N	
0001085146-25-005871	30-SEP-2025	N							CYPRESS FINANCIAL PLANNING LLC	400 WHITE HORSE PIKE		HADDON HEIGHTS	NJ	08035	13F HOLDINGS REPORT	028-22570	000151014	801-112700	N	
0001580642-25-006507	30-SEP-2025	N							CONTRAVISORY INVESTMENT MANAGEMENT, INC.	120 Longwater Drive	Suite 100	Norwell	MA	02061	13F HOLDINGS REPORT	028-11954			N	
0001085146-25-005864	30-SEP-2025	N							CHAPIN DAVIS, INC.	1411 CLARKVIEW ROAD		BALTIMORE	MD	21209	13F HOLDINGS REPORT	028-22769			N	
0001950556-25-000007	30-SEP-2025								Dakota Community Bank & Trust NA	609 MAIN STREET		HEBRON	ND	58638	13F HOLDINGS REPORT	028-22680			N	
0001085146-25-005856	30-SEP-2025	N							Affinity Capital Advisors, LLC	825 PAGE STREET		BERKELEY	CA	94710	13F HOLDINGS REPORT	028-20220	000166226	801-81133	N	
0001085146-25-005853	30-SEP-2025	N							CENTRAL VALLEY ADVISORS, LLC	3455 AMERICAN RIVER DR.	SUITE A	SACRAMENTO	CA	95864	13F HOLDINGS REPORT	028-23677			N	
0002065938-25-000005	30-SEP-2025								North Capital, Inc.	623 EAST FORT UNION BLVD, SUITE 101		SALT LAKE CITY	UT	84047	13F HOLDINGS REPORT	028-25515	000148802		N	
0002085853-25-000044	30-SEP-2025	N							Whalen Wealth Management Inc.	7160 Rafael Rivera Way, Suite 220		Las Vegas	NV	89113	13F HOLDINGS REPORT	028-23738	000311869	801-120102	N	
0002085853-25-000043	30-SEP-2025	N							RIVERSEDGE ADVISORS, LLC	600 N King Street, Ste. 200		Wilmington	DE	19801	13F HOLDINGS REPORT	028-19585	000298390	801-113978	N	
0002085853-25-000041	30-SEP-2025	N							MFG WEALTH MANAGEMENT, INC.	6920 South East Street Ste E		Indianapolis	IN	46227	13F HOLDINGS REPORT	028-24666			N	
0002085853-25-000039	30-SEP-2025	N							NavPoint Financial, Inc.	16180 Hastings Avenue Se Suite 301		Prior Lake	MN	55372	13F HOLDINGS REPORT	028-23606	000109432	801-55229	N	
0002085853-25-000037	30-SEP-2025	N							Embree Financial Group	440 N Wells Street	Suite 530	Chicago	IL	60654	13F HOLDINGS REPORT	028-24082	000108233	801-63489	N	
0001085146-25-005842	30-SEP-2025	N							Hummer Financial Advisory Services Inc	680 N Lake Shore Dr Apt 906		Chicago	IL	60611	13F HOLDINGS REPORT	028-19801	000108550	801-113269	N	
0001785199-25-000019	30-SEP-2025								Sheets Smith Investment Management	5600 NW CENTRAL DR	221	HOUSTON	TX	77092	13F HOLDINGS REPORT	028-21070	000293992		N	
0001785199-25-000018	30-JUN-2025								Sheets Smith Investment Management	5600 NW CENTRAL DR	221	HOUSTON	TX	77092	13F HOLDINGS REPORT	028-21070	000293992		N	
0001692038-25-000012	30-JUN-2025	Y	1	RESTATEMENT					SIMON QUICK ADVISORS, LLC	360 MOUNT KEMBLE AVE		MORRISTOWN	NJ	07960	13F HOLDINGS REPORT	028-17599	000132330	801-63357	N	
0001849618-25-000005	30-SEP-2025								Guided Capital Wealth Management, LLC	24 GREENWAY PLAZA, SUITE 1203		HOUSTON	TX	77046	13F HOLDINGS REPORT	028-24662	000310056	801-129612	N	
0000810265-25-000024	30-JUN-2025	Y	1	RESTATEMENT					NEW YORK STATE COMMON RETIREMENT FUND	OFFICE OF THE STATE COMPTROLLER	14TH FLOOR, 110 STATE STREET	ALBANY	NY	12236	13F HOLDINGS REPORT	028-01892			N	
0000810265-25-000023	31-MAR-2025	Y	1	RESTATEMENT					NEW YORK STATE COMMON RETIREMENT FUND	OFFICE OF THE STATE COMPTROLLER	14TH FLOOR, 110 STATE STREET	ALBANY	NY	12236	13F HOLDINGS REPORT	028-01892			N	
0000810265-25-000022	31-DEC-2024	Y	1	RESTATEMENT					NEW YORK STATE COMMON RETIREMENT FUND	OFFICE OF THE STATE COMPTROLLER	14TH FLOOR, 110 STATE STREET	ALBANY	NY	12236	13F HOLDINGS REPORT	028-01892			N	
0000810265-25-000021	30-SEP-2024	Y	1	RESTATEMENT					NEW YORK STATE COMMON RETIREMENT FUND	OFFICE OF THE STATE COMPTROLLER	14TH FLOOR, 110 STATE STREET	ALBANY	NY	12236	13F HOLDINGS REPORT	028-01892			N	
0000810265-25-000020	30-JUN-2024	Y	1	RESTATEMENT					NEW YORK STATE COMMON RETIREMENT FUND	OFFICE OF THE STATE COMPTROLLER	14TH FLOOR, 110 STATE STREET	ALBANY	NY	12236	13F HOLDINGS REPORT	028-01892			N	
0002021658-25-000004	30-SEP-2025								Hilltop National Bank	P O BOX 2680		CASPER	WY	82602	13F HOLDINGS REPORT	028-24098	000020529		N	
0000810265-25-000019	31-MAR-2024	Y	1	RESTATEMENT					NEW YORK STATE COMMON RETIREMENT FUND	OFFICE OF THE STATE COMPTROLLER	14TH FLOOR, 110 STATE STREET	ALBANY	NY	12236	13F HOLDINGS REPORT	028-01892			N	
0002085853-25-000035	30-SEP-2025	N							Marshall Financial Group, LLC	225 Schilling Circle	Suite 295	Hunt Valley	MD	21031	13F HOLDINGS REPORT	028-20487	000146362	801-117820	N	
0002085853-25-000033	30-SEP-2025	N							FCG Investment Co	9040 Garden Arbor Drive	Suite 206	Germantown	TN	38138	13F HOLDINGS REPORT	028-23736	000308192	801-118437	N	
0002085853-25-000031	30-SEP-2025	N							Patriot Financial Group Insurance Agency, LLC	182 Turnpike Road	Suite 200	Westborough	MA	01581	13F HOLDINGS REPORT	028-17988	000172470	801-80245	N	
0002085853-25-000030	30-SEP-2025	N							YHB Investment Advisors, Inc.	29 South Main St., Ste. 306		West Hartford	CT	06107-2417	13F HOLDINGS REPORT	028-13567	000105434	801-35916	N	
0002085853-25-000028	30-SEP-2025	N							Teamwork Financial Advisors, LLC	8 Dominion Dr.	Bldg. 100-103	San Antonio	TX	78257	13F HOLDINGS REPORT	028-19973	000165237	801-114801	N	
0000810265-25-000018	31-DEC-2023	Y	1	RESTATEMENT					NEW YORK STATE COMMON RETIREMENT FUND	OFFICE OF THE STATE COMPTROLLER	14TH FLOOR, 110 STATE STREET	ALBANY	NY	12236	13F HOLDINGS REPORT	028-01892			N	
0001831316-25-000007	30-SEP-2025								Rise Advisors, LLC	400 LINDEN OAKS SUITE 120		ROCHESTER	NY	14625	13F HOLDINGS REPORT	028-22330			N	
0000810265-25-000017	30-SEP-2023	Y	1	RESTATEMENT					NEW YORK STATE COMMON RETIREMENT FUND	OFFICE OF THE STATE COMPTROLLER	14TH FLOOR, 110 STATE STREET	ALBANY	NY	12236	13F HOLDINGS REPORT	028-01892			N	
0000810265-25-000016	30-JUN-2023	Y	1	RESTATEMENT					NEW YORK STATE COMMON RETIREMENT FUND	OFFICE OF THE STATE COMPTROLLER	14TH FLOOR, 110 STATE STREET	ALBANY	NY	12236	13F HOLDINGS REPORT	028-01892			N	
0001954805-25-000008	30-SEP-2025								Fiduciary Alliance LLC	135 S MAIN STREET	SUITE 600	GREENVILLE	SC	29601	13F HOLDINGS REPORT	028-22738			N	
0000810265-25-000015	31-MAR-2023	Y	2	RESTATEMENT					NEW YORK STATE COMMON RETIREMENT FUND	OFFICE OF THE STATE COMPTROLLER	14TH FLOOR, 110 STATE STREET	ALBANY	NY	12236	13F HOLDINGS REPORT	028-01892			N	
0001932952-25-000006	30-SEP-2025								ARMSTRONG ADVISORY GROUP, INC	144 GOULD ST	210	NEEDHAM	MA	02494	13F HOLDINGS REPORT	028-22728	000318662	801-123659	N	
0000810265-25-000014	31-DEC-2022	Y	1	RESTATEMENT					NEW YORK STATE COMMON RETIREMENT FUND	OFFICE OF THE STATE COMPTROLLER	14TH FLOOR, 110 STATE STREET	ALBANY	NY	12236	13F HOLDINGS REPORT	028-01892			N	
0002035543-25-000004	30-SEP-2025								Asset Allocation Strategies LLC	33335 GRAND RIVER AVE		FARMINGTON	MI	48336	13F HOLDINGS REPORT	028-23122	000152339	801-106707	N	
0001774086-25-000006	30-SEP-2025								RDA Financial Network	321 REED STREET	SUITE #2	AKRON	IA	51001	13F HOLDINGS REPORT	028-19480			N	
0001845743-25-000006	30-SEP-2025								FIRETHORN WEALTH PARTNERS, LLC	2550 CENTRAL AVE		AUGUSTA	GA	30904	13F HOLDINGS REPORT	028-21103			N	
0002044741-25-000005	30-SEP-2025								Retirement Wealth Solutions LLC	110 E. 2ND STREET	PO BOX 219	MARSHFIELD	WI	54449	13F HOLDINGS REPORT	028-24557	000317253		N	
0001102256-25-000009	30-SEP-2025								OLD POINT TRUST & FINANCIAL SERVICES N A	P O BOX 6270		NEWPORT NEWS	VA	23606	13F HOLDINGS REPORT	028-10669			N	
0001999371-25-014892	30-SEP-2025	N							TOMPKINS FINANCIAL CORP	118 E. SENECA STREET	PO BOX 460	ITHACA	NY	14850	13F HOLDINGS REPORT	028-05097			N	
0001904274-25-000007	30-SEP-2025								Wedmont Private Capital	26 SOUTH CHURCH STREET	SUITE 1A	WEST CHESTER	PA	19382	13F HOLDINGS REPORT	028-21445			N	
0001908923-25-000005	30-SEP-2025								Czech National Bank	NA PRIKOPE 28		PRAGUE	2N	11503	13F HOLDINGS REPORT	028-21619			N	
0002085853-25-000023	30-SEP-2025	N							Cypress Point Wealth Management, LLC	3838 Oak Lawn Avenue	Suite 1150	Dallas	TX	75219	13F HOLDINGS REPORT	028-20569	000143771	801-67840	N	
0001838226-25-000006	30-SEP-2025								Accel Wealth Management	301 OAK RIDGE CIRCLE		WAVERLY	IA	50677	13F HOLDINGS REPORT	028-20466	000286201	801-108814	N	
0001754960-25-000642	30-SEP-2025								Kure Advisory, LLC	15600 36TH AVENUE NORTH, SUITE 200		PLYMOUTH	MN	55446	13F HOLDINGS REPORT	028-23403	000311320		N	
0002085853-25-000025	30-SEP-2025	N							Veracity Capital LLC	2859 Paces Ferry Road, Suite 635		Atlanta	GA	30339	13F HOLDINGS REPORT	028-20239	000304272	801-116934	N	
0002085853-25-000019	30-SEP-2025	N							BEACON FINANCIAL GROUP	17300 Preston Road	Suite 120	Dallas	TX	75252	13F HOLDINGS REPORT	028-15628	000110038	801-57962	N	
0001085146-25-005823	30-SEP-2025	N							Quantum Financial Advisors, LLC	530 WILSHIRE BLVD	STE 206	SANTA MONICA	CA	90401	13F HOLDINGS REPORT	028-22627			N	
0001085146-25-005835	30-SEP-2025	N							Ignite Planners, LLC	109 E. ESCALONES		SAN CLEMENTE	CA	92672	13F HOLDINGS REPORT	028-21572			N	
0002085853-25-000021	30-SEP-2025	N							Bay Rivers Group	5107 Center Street B1		Williamsburg	VA	23188	13F HOLDINGS REPORT	028-19684	000290095	801-111951	N	
0001085146-25-005831	30-SEP-2025	N							Balefire, LLC	14221 DALLAS PARKWAY	SUITE 100	DALLAS	TX	75254	13F HOLDINGS REPORT	028-19208	000168733	801-78506	N	
0001085146-25-005824	30-SEP-2025	N							Congress Park Capital LLC	57 PHILA STREET		SARATOGA SPRINGS	NY	12866	13F HOLDINGS REPORT	028-18393	000150309	801-70181	N	
0001214659-25-014742	30-SEP-2025	N							Cooper Financial Group	9870 RESEARCH DR.		IRVINE	CA	92618	13F HOLDINGS REPORT	028-18965			N	
0001085146-25-005821	30-SEP-2025	N							FOCUS Wealth Advisors, LLC	2200 POST OAK BOULEVARD	SUITE 1000	HOUSTON	TX	77056	13F HOLDINGS REPORT	028-21073	000165425	801-77462	N	
0001214659-25-014727	30-SEP-2025	N							LBMC INVESTMENT ADVISORS, LLC	201 FRANKLIN ROAD		BRENTWOOD	TN	37027	13F HOLDINGS REPORT	028-14681			N	
0001104659-25-097485	30-SEP-2025	N							Acropolis Investment Management, LLC	14567 N OUTER FORTY RD	SUITE 200	ST. LOUIS	MO	63017	13F HOLDINGS REPORT	028-11847			N	
0001975550-25-000006	30-SEP-2025								CHANNEL WEALTH LLC	3760 STATE STREET #201		SANTA BARBARA	CA	93105	13F HOLDINGS REPORT	028-23193			N	
0001754960-25-000640	30-SEP-2025								SPRING CAPITAL MANAGEMENT, LLC	600 S. TYLER	SUITE 1515	AMARILLO	TX	79101	13F HOLDINGS REPORT	028-21466	000282842	801-119676	N	
0001831193-25-000009	30-SEP-2025								CATALYST PRIVATE WEALTH, LLC	3 EAST THIRD AVE.	OFFICE 323	SAN MATEO	CA	94401	13F HOLDINGS REPORT	028-20411			N	
0001108965-25-000006	30-SEP-2025								LYNCH & ASSOCIATES/IN	PO BOX 5585		EVANSVILLE	IN	47716	13F HOLDINGS REPORT	028-05643			N	
0001172661-25-004182	30-SEP-2025	N							StrongBox Wealth, LLC	3470 Ne Ralph Powell Road	Ste A	Lee's Summit	MO	64064	13F HOLDINGS REPORT	028-20269	000304952	801-117141	N	
0000831571-25-000007	30-SEP-2025								ST GERMAIN D J CO INC	PO BOX 15649		SPRINGFIELD	MA	01115	13F HOLDINGS REPORT	028-06725			N	
0002076068-25-000002	30-SEP-2025								Family Legacy Financial Solutions, LLC	6501 WESTON PKWY #300		CARY	NC	27513	13F HOLDINGS REPORT	028-25650	000314351		N	
0000319933-25-000016	30-SEP-2025								THURSTON, SPRINGER, MILLER, HERD & TITAK, INC.	9000 KEYSTONE CROSSING	SUITE 700	INDIANAPOLIS	IN	46240-2142	13F HOLDINGS REPORT	028-24140			N	
0001754960-25-000636	30-SEP-2025								Grant Private Wealth Management Inc	4683 CHABOT DRIVE	SUITE 101	PLEASANTON	CA	94588	13F HOLDINGS REPORT	028-24996			N	
0002012065-25-000005	30-SEP-2025								PROATHLETE WEALTH MANAGEMENT LLC	4401 N. FEDERAL HWY, SUITE 201		BOCA RATON	FL	33431	13F HOLDINGS REPORT	028-23989			N	
0001907281-25-000007	30-SEP-2025								1620 INVESTMENT ADVISORS, INC.	36 CORDAGE PARK CIRCLE	SUITE 217	PLYMOUTH	MA	02360	13F HOLDINGS REPORT	028-22522	000119262		N	
0001437749-25-030597	30-SEP-2025								Carolina Wealth Advisors, LLC	1110 LONDON STREET, SUITE 204		MYRTLE BEACH	SC	29577	13F HOLDINGS REPORT	028-19797			N	
0001919344-25-000007	30-SEP-2025								KFG WEALTH MANAGEMENT, LLC	6910 N MAIN ST	BLDG 16, UNIT 41	GRANGER	IN	46530	13F HOLDINGS REPORT	028-22733	000128606	801-78914	N	
0001714107-25-000005	30-SEP-2025								Sage Capital Advisors,llc	122 S. PHILLIPS AVE	STE 260	SIOUX FALLS	SD	57104	13F HOLDINGS REPORT	028-18107			N	
0001546007-25-000008	30-SEP-2025								Assenagon Asset Management S.A.	AEROGOLF CENTER	1B HEIENHAFF	SENNINGERBERG	N4	1736	13F HOLDINGS REPORT	028-17984			N	
0002023380-25-000007	30-SEP-2025								TRAPHAGEN INVESTMENT ADVISORS LLC	234 KINDERKAMACK ROAD		ORADELL	NJ	07649	13F HOLDINGS REPORT	028-24154	000107764		N	
0001420506-25-002824	30-SEP-2025	N							SALEM INVESTMENT COUNSELORS INC	PO BOX 25427		WINSTON-SALEM	NC	27114-5427	13F HOLDINGS REPORT	028-03405	000104855	801-14487	N	
0001597694-25-000047	30-JUN-2025	Y	2	RESTATEMENT					MUFG Securities EMEA plc	ROPEMAKER PLACE	25 ROPEMAKER STREET	LONDON	X0	EC2Y 9AJ	13F HOLDINGS REPORT	028-15731			Y	Amended and restated 13F filing for Q2 2025.
0001722436-25-000006	30-SEP-2025								Sawyer & Company, Inc	50 CONGRESS STREET	SUITE 520	BOSTON	MA	02109	13F HOLDINGS REPORT	028-18195			N	
0001977290-25-000007	30-SEP-2025								Quintet Private Bank (Europe) S.A.	43 BOULEVARD ROYAL		LUXEMBOURG	N4	L-2449	13F HOLDINGS REPORT	028-23237			N	
0001725547-25-004090	30-SEP-2025	N							Sonora Investment Management Group, LLC	2343 E. BROADWAY BLVD, SUITE 116		TUCSON	AZ	85719	13F HOLDINGS REPORT	028-21792	000315312	801-121799	N	
0001716607-25-000016	30-SEP-2025								Union Bancaire Privee, UBP SA	RUE DU RHONE 96-98		GENEVA 1	V8	1211	13F HOLDINGS REPORT	028-24583			N	
0001376474-25-000837	30-SEP-2025	Y	1	NEW HOLDINGS					Nova Wealth Management, Inc.	24311 WALDEN CENTER DR,	SUITE 200	BONITA SPRINGS	FL	34134	13F HOLDINGS REPORT	028-25595	000169450		N	
0001085146-25-005809	30-SEP-2025	N							SANDERS MORRIS HARRIS LLC	600 Travis, Suite 5900		Houston	TX	77002	13F HOLDINGS REPORT	028-12760			Y	SANDERS MORRIS HARRIS LLC FORMERLY SUBMITTED A 13F-NT REPORT ASSOCIATED WITH THE 13F-HR REPORT OF PINNACLE SUMMER INVESTMENTS, INC. - FILE NUMBER 028-13429
0001085146-25-005813	30-SEP-2025	N							Mirador Capital Partners LP	6700 KOLL CENTER PARKWAY	SUITE 230	PLEASANTON	CA	94566	13F HOLDINGS REPORT	028-16630	000173764	801-80585	N	
0001755987-25-000008	30-SEP-2025								Oak Thistle LLC	PO BOX 230028		NEW YORK	NY	10023-9998	13F HOLDINGS REPORT	028-21484	000299086	801-119515	Y	"Certain holdings included in this 13F report may be reported in the 13F holdings reports of other institutional investment managers that may be deemed to share investment discretion with Oak Thistle LLC (""Oak Thistle""), but on whose behalf Oak Thistle is not filing this report."
0001085146-25-005816	30-SEP-2025	N							Thrive Wealth Management, LLC	1000 MADISON AVENUE	SUITE 208	AUDUBON	PA	19403	13F HOLDINGS REPORT	028-21995	000168777	801-108388	N	
0001845163-25-000007	30-SEP-2025								Team Financial Group, LLC	40395 WINCHESTER RD SUITE A		TEMECULA	CA	92591	13F HOLDINGS REPORT	028-23460	000309411	801-127441	N	
0001725547-25-004089	30-SEP-2025	N							ARS Wealth Advisors Group, LLC	111 SECOND AVENUE NE	Suite 900	St. Petersburg	FL	33701	13F HOLDINGS REPORT	028-21384	000314882	801-121501	N	
0001903035-25-000006	30-SEP-2025								KEB ASSET MANAGEMENT, LLC	3200 ROBBINS ROAD	SUITE 200A	SPRINGFIELD	IL	62704	13F HOLDINGS REPORT	028-21639	000117935	801-62965	N	
0002085853-25-000017	30-SEP-2024	N							NWF Advisory Services Inc.	11835 W. Olympic Blvd.	#1155 E.	Los Angeles	CA	90064	13F HOLDINGS REPORT	028-25587			N	
0002085853-25-000016	30-JUN-2024	N							NWF Advisory Services Inc.	11835 W. Olympic Blvd.	#1155 E.	Los Angeles	CA	90064	13F HOLDINGS REPORT	028-25587			N	
0002085853-25-000015	31-MAR-2024	N							NWF Advisory Services Inc.	11835 W. Olympic Blvd.	#1155 E.	Los Angeles	CA	90064	13F HOLDINGS REPORT	028-25587			N	
0001844369-25-000007	30-SEP-2025								Destiny Wealth Partners, LLC	2100 LAKE EUSTIS DRIVE		TAVARES	FL	32778	13F HOLDINGS REPORT	028-20570	000171346	801-79789	N	
0001096906-25-001649	30-SEP-2025								MOODY NATIONAL BANK TRUST DIVISION	2302 POST OFFICE ST	PO BOX 1139	GALVESTON	TX	77550	13F HOLDINGS REPORT	028-05127			N	
0001754960-25-000633	30-SEP-2025								Wisconsin Wealth Advisors, LLC	1777 W MAIN ST, SUITE 203		SUN PRAIRIE	WI	53590-3100	13F HOLDINGS REPORT	028-25702			N	
0002085853-25-000013	30-SEP-2025	N							AssuredPartners Investment Advisors, LLC	4600 W. Cypress	Suite 405	Tampa	FL	33607	13F HOLDINGS REPORT	028-24950			N	
0001754960-25-000632	30-SEP-2025								City Center Advisors, LLC	888 WEST BIG BEAVER ROAD	SUITE 1220	TROY	MI	48084	13F HOLDINGS REPORT	028-24231			N	
0001794935-25-000007	30-SEP-2025								Heartwood Wealth Advisors LLC	9020 STONY POINT PKWY STE 225		RICHMOND	VA	23235	13F HOLDINGS REPORT	028-19722			N	
0002085853-25-000011	30-SEP-2025	N							TruWealth Advisors, LLC	2700 Lake Villa Drive	Suite 200	Metairie	LA	70002	13F HOLDINGS REPORT	028-20461	000306876	801-119073	N	
0001542265-25-000007	30-SEP-2025								Gradient Investments LLC	4105 LEXINGTON AVENUE NORTH	SUITE 250	ARDEN HILLS	MN	55126	13F HOLDINGS REPORT	028-14840			N	
0001613331-25-000007	30-SEP-2025								Fragasso Financial Advisors Inc	2200 GEORGETOWN DRIVE	SUITE 302	SEWICKLEY	PA	15143	13F HOLDINGS REPORT	028-16268			N	
0001749914-25-000006	30-SEP-2025								Insight Wealth Strategies, LLC	2603 CAMINO RAMON	SUITE 350	SAN RAMON	CA	94583	13F HOLDINGS REPORT	028-19099			N	
0001563690-25-000008	30-SEP-2025								Boltwood Capital Management	2099 MOUNT DIABLO BLVD., SUITE 220		WALNUT CREEK	CA	94596	13F HOLDINGS REPORT	028-15111	000110293	801-27099	N	
0001193125-25-231429	30-SEP-2025	N							Grove Bank & Trust	2701 SOUTH BAYSHORE DRIVE		MIAMI	FL	33133	13F HOLDINGS REPORT	028-17082	001662212		N	
0002052588-25-000006	30-SEP-2025								Baring Financial LLC	1310 10TH STREET	SUITE 101	BELLINGHAM	WA	98225	13F HOLDINGS REPORT	028-24593	000173761	801-122840	N	
0001730149-25-000005	30-SEP-2025								Clarus Wealth Advisors	9125 W. THUNDERBIRD ROAD	SUITE100	PEORIA	AZ	85381	13F HOLDINGS REPORT	028-18261			N	
0001172661-25-004163	30-SEP-2025	N							Venture Visionary Partners LLC	5520 Monroe Street, Suite B		Sylvania	OH	43560	13F HOLDINGS REPORT	028-19766	000304237	801-116835	N	
0001376474-25-000836	30-SEP-2025								Greenfield Savings Bank	400 MAIN STREET	P.O. BOX 1537	GREENFIELD	MA	01301	13F HOLDINGS REPORT	028-22580			N	
0001913043-25-000007	30-SEP-2025								Nilsine Partners, LLC	5675 DTC BOULEVARD	SUITE 175	GREENWOOD VILLAGE	CO	80111	13F HOLDINGS REPORT	028-23218			N	
0002021703-25-000007	30-SEP-2025								Strathmore Capital Advisors, Inc.	2201 SOUTH BLVD	SUITE 310	CHARLOTTE	NC	28203	13F HOLDINGS REPORT	028-24534	000135008		N	
0001632554-25-000013	30-SEP-2025								Trust Co	PO BOX 1806		MANHATTAN	KS	66505-1806	13F HOLDINGS REPORT	028-16870			N	
0001976256-25-000007	30-SEP-2025								ELEVATION WEALTH PARTNERS, LLC	200 PRINGLE AVENUE	SUITE 400	WALNUT CREEK	CA	94596	13F HOLDINGS REPORT	028-23203			N	
0001697715-25-000007	30-SEP-2025								HCR Wealth Advisors	10866 WILSHIRE BLVD #1600		LOS ANGELES	CA	90024	13F HOLDINGS REPORT	028-17911	000108676	801-56452	N	
0001546967-25-000007	30-SEP-2025								Iowa State Bank	2301 128TH STREET		URBANDALE	IA	50323-1818	13F HOLDINGS REPORT	028-14934			N	
0001536799-25-000005	30-SEP-2025								Jackson Wealth Management, LLC	755 PRIMERA BLVD.	SUITE 1001	LAKE MARY	FL	32746	13F HOLDINGS REPORT	028-16425			N	
0001172661-25-004156	30-SEP-2025	N							Aaron Wealth Advisors LLC	515 N. State St.	Suite 1770	Chicago	IL	60654	13F HOLDINGS REPORT	028-20567	000298079	801-113938	N	
0001911348-25-000007	30-JUN-2025	Y	1	NEW HOLDINGS					JOSH ARNOLD INVESTMENT CONSULTANT, LLC	6800 FRANCE AVENUE SOUTH, #325		EDINA	MN	55435	13F HOLDINGS REPORT	028-22238	000163088	801-120651	N	
0001921304-25-000005	30-JUN-2025								Smallwood Wealth Investment Management, LLC	199 BROAD STREET		RED BANK	NJ	07701	13F HOLDINGS REPORT	028-22400			N	
0002025925-25-000007	30-SEP-2025								Breakwater Investment Management	2033 6TH AVE	SUITE 101	SEATTLE	WA	98121	13F HOLDINGS REPORT	028-24199	005311241		N	
0002020066-25-000008	30-SEP-2025								Central Pacific Bank - Trust Division	PO BOX 1400		HONOLULU	HI	96807-1400	13F HOLDINGS REPORT	028-24090			N	
0001214659-25-014504	30-SEP-2025	N							St. Louis Financial Planners Asset Management, LLC	16091 Swingley Ridge Road, Suite 345		Chesterfield	MO	63017	13F HOLDINGS REPORT	028-23125	000106999		N	
0002010235-25-000009	30-SEP-2025								GAMMA Investing LLC	1172 DOVER LN		FOSTER CITY	CA	94404	13F HOLDINGS REPORT	028-23577	000312573		N	
0001870761-25-000006	30-SEP-2025								Bank of New Hampshire	62 PLEASANT STREET		LACONIA	NH	03246	13F HOLDINGS REPORT	028-21286			N	
0001062993-25-015895	30-SEP-2025	N							Investors Research Corp	3050 PEACHTREE ROAD NW	SUITE 220	ATLANTA	GA	30305	13F HOLDINGS REPORT	028-18408			N	
0001941040-25-000533	30-SEP-2025	N							Capital Asset Advisory Services LLC	148 E Grand River Ave		Williamston	MI	48895	13F HOLDINGS REPORT	028-17170	000110929	801-67082	N	
0001214659-25-014482	30-SEP-2025	N							McAlister, Sweet & Associates, Inc.	19500 ST. HWY. 249, SUITE 345		HOUSTON	TX	77070	13F HOLDINGS REPORT	028-21443			N	
0001172661-25-004151	31-MAR-2025	Y	1	NEW HOLDINGS	N				MIRABELLA FINANCIAL SERVICES LLP	11 Strand		London	X0	WC2N 5HR	13F COMBINATION REPORT	028-20053	000160328	802-75591	N	
0001912297-25-000006	30-SEP-2025								Global Wealth Strategies & Associates	3200 CHERRY CREEK SOUTH DRIVE	SUITE 280	DENVER	CO	80209	13F HOLDINGS REPORT	028-22730	000316072	801-122556	N	
0001420506-25-002786	31-DEC-2022	N							Caldwell Trust Co	1400 Center Road		Venice	FL	34292	13F HOLDINGS REPORT	028-25778			N	
0001055544-25-000007	30-SEP-2025								JACOBS & CO/CA	595 MARKET STREET SUITE 1330		SAN FRANCISCO	CA	94105	13F HOLDINGS REPORT	028-03863			N	
0002054149-25-000006	30-SEP-2025								Roxbury Financial LLC	200 VALLEY ROAD	SUITE 205	MOUNT ARLINGTON	NJ	07856	13F HOLDINGS REPORT	028-24692	000330547		N	
0001420506-25-002778	31-DEC-2023	N							Caldwell Trust Co	1400 Center Road		Venice	FL	34292	13F HOLDINGS REPORT	028-25778			N	
0001730889-25-000006	30-SEP-2025								Vigilare Wealth Management	8585 E HARTFORD DRIVE #113		SCOTTSDALE	AZ	85255	13F HOLDINGS REPORT	028-19999			N	
0001062993-25-015863	30-SEP-2025	N							FARMERS TRUST CO	42 MCCLURG ROAD		YOUNGSTOWN	OH	44512	13F HOLDINGS REPORT	028-11309			N	
0001172661-25-004146	30-JUN-2025	N							Thoma Capital Management LLC	401 JEFFERSON AVENUE		TOWSON	MD	21286	13F HOLDINGS REPORT	028-25461			N	
0001172661-25-004145	31-MAR-2025	N							Thoma Capital Management LLC	401 Jefferson Avenue		Towson	MD	21286	13F HOLDINGS REPORT	028-25461			N	
0001767062-25-000008	30-SEP-2025								Hobart Private Capital, LLC	7733 BALLANTYNE COMMONS PKWY, SUITE 101		CHARLOTTE	NC	28277-0123	13F HOLDINGS REPORT	028-22919	000168494		N	
0001754960-25-000630	30-JUN-2025								Rydar Equities, Inc.	3851 FORT WORTH HWY		WEATHERFORD	TX	76087	13F HOLDINGS REPORT	028-25788			N	
0001172661-25-004142	30-JUN-2025	Y	1	RESTATEMENT	N				Corient Private Wealth LLC	830 Brickell Plaza	Suite 4800	Miami	FL	33131	13F HOLDINGS REPORT	028-23108	000319448	801-124978	N	
0002055297-25-000008	30-JUN-2025								Capital A Wealth Management, LLC	8050 ROWAN ROAD	SUITE 401	CRANBERRY TWP	PA	16066	13F COMBINATION REPORT	028-25417			N	
0001977723-25-000004	30-JUN-2025								National Wealth Management Group, LLC	11260 CHESTER ROAD	SUITE 250	CINCINNATI	OH	45246	13F HOLDINGS REPORT	028-23267	000174883	801-80983	N	
0002013390-25-000003	30-JUN-2025								CacheTech Inc.	701 S MAIN	STE 400	LOGAN	UT	84321	13F COMBINATION REPORT	028-24255			N	
0001803084-25-000009	30-JUN-2025								Adams Wealth Management	701 SOUTH MAIN ST, SUITE 400		LOGAN	UT	84321	13F HOLDINGS REPORT	028-19910			N	
0001420506-25-002751	31-MAR-2024	N							Caldwell Trust Co	1400 Center Road		Venice	FL	34292	13F HOLDINGS REPORT	028-25778			N	
0001420506-25-002750	30-JUN-2024	N							Caldwell Trust Co	1400 Center Road		Venice	FL	34292	13F HOLDINGS REPORT	028-25778			N	
0001420506-25-002749	30-SEP-2024	N							Caldwell Trust Co	1400 Center Road		Venice	FL	34292	13F HOLDINGS REPORT	028-25778			N	
0001223779-25-000006	30-JUN-2025								TEXAS PERMANENT SCHOOL FUND CORP	1300 RED RIVER STREET SUITE 700		AUSTIN	TX	78701	13F HOLDINGS REPORT	028-10440			N	
0001941040-25-000530	30-JUN-2025	Y	1	RESTATEMENT	N				Sivia Capital Partners, LLC	495 Miller Avenue	Ste 206	Mill Valley	CA	94941	13F HOLDINGS REPORT	028-23900	000170413	801-79173	N	
0001420506-25-002738	31-MAR-2025	N							Caldwell Trust Co	1400 Center Road		Venice	FL	34292	13F HOLDINGS REPORT	028-25778			N	
0001172661-25-004139	30-JUN-2025	N							RS CRUM INC.	4 Upper Newport Plaza Drive, Suite 201		Newport Beach	CA	92660	13F HOLDINGS REPORT	028-22307	000158621	801-72672	N	
0001420506-25-002730	30-JUN-2025	N							Caldwell Trust Co	1400 Center Road		Venice	FL	34292	13F HOLDINGS REPORT	028-25778			N	
0001657733-25-000004	30-JUN-2025								Watts Gwilliam & Co., LLC	2730 S. VAL VISTA DR.	STE 124	GILBERT	AZ	85295	13F HOLDINGS REPORT	028-24179			N	
0001420506-25-002723	30-JUN-2025	N							Canal Capital Management, LLC	9 South 5th Street		Richmond	VA	23219	13F HOLDINGS REPORT	028-17390			N	
0001420506-25-002722	31-MAR-2025	N							Canal Capital Management, LLC	9 South 5th Street		Richmond	VA	23219	13F HOLDINGS REPORT	028-17390			N	
0002083977-25-000002	30-JUN-2025								Base Wealth Management LLC	7301 MERCHANT COURT		LAKEWOOD RANCH	FL	34240	13F HOLDINGS REPORT	028-25777			N	
0001544599-25-000008	31-MAR-2025	Y	1	RESTATEMENT					Bank Julius Baer & Co. Ltd, Zurich	BAHNHOFSTRASSE 36	P.O. BOX	ZURICH	V8	8010	13F HOLDINGS REPORT	028-20250			Y	Bank Julius Baer & Co. Ltd has amended its Q1 2025 13F form for the purpose of correcting its holdings that were incorrectly reported due to an erroneous FX rate used in the original filing of May 06, 2025.
0001752724-25-215014	31-MAR-2025	Y	1	RESTATEMENT					CHARLES SCHWAB INVESTMENT MANAGEMENT INC	211 MAIN STREET		SAN FRANCISCO	CA	94105	13F COMBINATION REPORT	028-03128	000106753	801-35905	Y	This amendment is being provided to remove holdings that were erroneously included in the original.
0001178913-25-003311	30-JUN-2025	Y	1	NEW HOLDINGS	N				Migdal Insurance & Financial Holdings Ltd.	4, EF'AL STREET		Petach Tikva	L3	4951104	13F HOLDINGS REPORT	028-17312			Y	"The securities reported herein are held by Migdal Insurance Company Ltd., Migdal Makefet Pension and Provident Fund Ltd., Migdal Capital Markets (1965) Ltd, Migdal Mutual Funds Ltd, and Migdal Investment Portfolio Management (1998) Ltd. (collectively, the ""Migdal Entities""). Each Migdal Entity is a direct or indirect wholly-owned subsidiary of Migdal Insurance and Financial Holdings Ltd. (""Migdal Holdings""). The beneficial ownership in a portion of the securities covered by this report is held for members of the public through, among others, provident funds, mutual funds, pension funds and insurance policies, which are managed by Migdal Entities. This Form 13F shall not be construed as an admission by Migdal Holdings or by any of the Migdal Entities that it is the beneficial owner of any of such securities covered by this Form 13F."
0001722641-25-000005	30-JUN-2025	Y	1	RESTATEMENT					Valeo Financial Advisors, LLC	10 W CARMEL DRIVE, STE 400		CARMEL	IN	46032	13F HOLDINGS REPORT	028-18177	000127132	801-66402	N	
0001398344-25-018043	30-JUN-2025	N							Silicon Valley Capital Partners	1731 TECHNOLOGY DRIVE, SUITE 810		SAN JOSE	CA	95110	13F HOLDINGS REPORT	028-17464	000125114	801-62004	N	
0001780507-25-000011	30-JUN-2025								WT Wealth Management	20865 N 90TH PL, STE. 105		SCOTTSDALE	AZ	85255	13F HOLDINGS REPORT	028-19605	000169566	801-112701	N	
0000945621-25-000858	31-MAR-2025	Y	1	RESTATEMENT					Banque Transatlantique SA	26, AVENUE FRANKLIN ROOSEVELT		PARIS	I0	75008	13F COMBINATION REPORT	028-25250			Y	This amendment restates the entries to the manager's Form 13F filing for the quarter ended March 31, 2025. This amendment corrects a clerical error which resulted in an overstatement of the number of 13F securities reported in the information table as well as the aggregate fair market value of 13F securities over which the manager exercises investment discretion.
0001667731-25-001273	30-JUN-2025	N							NWF Advisory Services Inc.	11835 W. Olympic Blvd.	#1155 E.	Los Angeles	CA	90064	13F HOLDINGS REPORT	028-25587			N	
0002082673-25-000006	30-JUN-2025	Y	1	RESTATEMENT					Prospera Capital Management, LLC	2772 EAST CAROB DRIVE		GILBERT	AZ	85298	13F HOLDINGS REPORT	028-25770	000330390		N	
0002082673-25-000005	31-MAR-2025	Y	1	RESTATEMENT					Prospera Capital Management, LLC	2772 EAST CAROB DRIVE		GILBERT	AZ	85298	13F HOLDINGS REPORT	028-25770	000330390		N	
0001951757-25-001137	30-JUN-2025								SevenBridge Financial Group, LLC	3401 NORTH FRONT STREET	SUITE 301	HARRISBURG	PA	17110	13F HOLDINGS REPORT	028-17476			N	
0002080520-25-000013	30-JUN-2024								ABN AMRO INVESTMENT SOLUTIONS	119 - 121 BOULEVARD HAUSSMANN		PARIS CEDEX 008	I0	75410	13F HOLDINGS REPORT	028-25693			Y	ABN AMRO Investment Solutions (AAIS) is a subsidiary of ABN AMRO Bank N.V.  For purposes of the reporting requirements under Section 13(f) of the Securities Exchange Act of 1934 (the Act), and the rules promulgated thereunder, ABN AMRO Bank N.V.s ownership interest in AAIS gives rise to a Form 13F obligation for ABN AMRO Bank N.V. with respect to Section 13(f) securities positions over which AAIS exercises investment discretion.  That information required by Form 13F is reported herein on behalf of ABN AMRO Bank N.V. by AAIS notwithstanding that ABN AMRO Bank N.V. itself does not exercise, and therefore disclaims, investment discretion with respect to Section 13(f) securities positions over which AAIS exercises such discretion (except for in the case of certain contractual arrangements where AAIS has engaged ABN AMRO Bank N.V. to manage certain portfolios on its behalf).
0002080520-25-000012	30-SEP-2024								ABN AMRO INVESTMENT SOLUTIONS	119 - 121 BOULEVARD HAUSSMANN		PARIS CEDEX 008	I0	75410	13F HOLDINGS REPORT	028-25693			Y	ABN AMRO Investment Solutions (AAIS) is a subsidiary of ABN AMRO Bank N.V.  For purposes of the reporting requirements under Section 13(f) of the Securities Exchange Act of 1934 (the Act), and the rules promulgated thereunder, ABN AMRO Bank N.V.s ownership interest in AAIS gives rise to a Form 13F obligation for ABN AMRO Bank N.V. with respect to Section 13(f) securities positions over which AAIS exercises investment discretion.  That information required by Form 13F is reported herein on behalf of ABN AMRO Bank N.V. by AAIS notwithstanding that ABN AMRO Bank N.V. itself does not exercise, and therefore disclaims, investment discretion with respect to Section 13(f) securities positions over which AAIS exercises such discretion (except for in the case of certain contractual arrangements where AAIS has engaged ABN AMRO Bank N.V. to manage certain portfolios on its behalf).
0002080520-25-000011	31-DEC-2024								ABN AMRO INVESTMENT SOLUTIONS	119 - 121 BOULEVARD HAUSSMANN		PARIS CEDEX 008	I0	75410	13F HOLDINGS REPORT	028-25693			Y	ABN AMRO Investment Solutions (AAIS) is a subsidiary of ABN AMRO Bank N.V.  For purposes of the reporting requirements under Section 13(f) of the Securities Exchange Act of 1934 (the Act), and the rules promulgated thereunder, ABN AMRO Bank N.V.s ownership interest in AAIS gives rise to a Form 13F obligation for ABN AMRO Bank N.V. with respect to Section 13(f) securities positions over which AAIS exercises investment discretion.  That information required by Form 13F is reported herein on behalf of ABN AMRO Bank N.V. by AAIS notwithstanding that ABN AMRO Bank N.V. itself does not exercise, and therefore disclaims, investment discretion with respect to Section 13(f) securities positions over which AAIS exercises such discretion (except for in the case of certain contractual arrangements where AAIS has engaged ABN AMRO Bank N.V. to manage certain portfolios on its behalf).
0001667731-25-001264	30-JUN-2025	N							V. M. MANNING & CO., INC.	P.O. BOX 10389		GREENVILLE	SC	29603	13F HOLDINGS REPORT	028-25773			N	
0001677044-25-000019	30-JUN-2025	Y	1	RESTATEMENT					OSAIC HOLDINGS, INC.	18700 HAYDEN RD.	SUITE 255	SCOTTSDALE	AZ	85225	13F HOLDINGS REPORT	028-20288			N	
0001575301-25-000007	30-JUN-2025								Beacon Capital Management, Inc.	7777 WASHINGTON VILLAGE DRIVE	SUITE 280	DAYTON	OH	45459	13F HOLDINGS REPORT	028-15734	000120641	801-61249	N	
0001732543-25-000004	30-JUN-2025								Q3 Asset Management	2175 COLE		BIRMINGHAM	MI	48009	13F HOLDINGS REPORT	028-18683			N	
0001905128-25-000007	30-JUN-2025								American Trust	2525 HARRODSBURG RD	SUITE 300	LEXINGTON	KY	40504	13F COMBINATION REPORT	028-22385			N	
0002068251-25-000003	30-JUN-2025								Gullane Capital, LLC	640 S. PERKINS ROAD		MEMPHIS	TN	38117	13F HOLDINGS REPORT	028-25772	000313464	801-121629	N	
0002068251-25-000002	31-MAR-2025								Gullane Capital, LLC	640 S. PERKINS ROAD		MEMPHIS	TN	38117	13F HOLDINGS REPORT	028-25772	000313464	801-121629	N	
0002068251-25-000001	31-DEC-2024								Gullane Capital, LLC	640 S. PERKINS ROAD		MEMPHIS	TN	38117	13F HOLDINGS REPORT	028-25772	000313464	801-121629	N	
0001663224-25-000008	31-DEC-2024	Y	1	RESTATEMENT					Darwin Wealth Management, LLC	4601 W. NORTH A STREET		TAMPA	FL	33609	13F HOLDINGS REPORT	028-17491	000166585	801-80103	N	
0001420506-25-003510	30-SEP-2025	N							EQUITEC PROPRIETARY MARKETS, LLC	111 W. JACKSON	20TH FLOOR	CHICAGO	IL	60604	13F HOLDINGS REPORT	028-16423			N	
0001420506-25-003498	30-SEP-2025	N							Court Place Advisors, LLC	3300 NORTH RIDGE ROAD	SUITE 345	ELLICOTT CITY	MD	21043	13F HOLDINGS REPORT	028-15718			N	
0001420506-25-003490	30-SEP-2025	N							LWM Advisory Services, LLC	1250 S PINE ISLAND RD	STE 350	PLANTATION	FL	33324	13F HOLDINGS REPORT	028-22298			N	
0001420506-25-003489	30-SEP-2025	N							Keyes, Stange & Wooten Wealth Management, LLC	1825 Business Park Blvd., Suite E		Daytona Beach	FL	32114	13F HOLDINGS REPORT	028-23861	000139806	801-80151	N	
0001085146-25-006011	30-JUN-2025	N							Payne Capital Management, LLC	231 WEST 29TH STREET	SUITE 1002	New York	NY	10001	13F HOLDINGS REPORT	028-25891	000147119	801-69261	N	
0001085146-25-006010	31-MAR-2025	N							Payne Capital Management, LLC	231 WEST 29TH STREET	SUITE 1002	New York	NY	10001	13F HOLDINGS REPORT	028-25891	000147119	801-69261	N	
0001085146-25-006009	31-DEC-2024	N							Payne Capital Management, LLC	231 WEST 29TH STREET	SUITE 1002	New York	NY	10001	13F HOLDINGS REPORT	028-25891	000147119	801-69261	N	
0001085146-25-006007	30-SEP-2025	N							ARQ WEALTH ADVISORS, LLC	8605 E. RAINTREE DR.	SUITE 240	SCOTTSDALE	AZ	85260	13F HOLDINGS REPORT	028-20252	000147351	801-107346	N	
0001104659-25-115794	30-SEP-2025	N							Peak XV Partners V Ltd.	6TH FLOOR, TWO TRIBECA	TRIBECA CENTRAL	TRIANON	O4	72261	13F NOTICE	028-24308			N	
0001104659-25-115792	30-SEP-2025	N							Peak XV Partners Principals Fund V LTD	6TH FLOOR, TWO TRIBECA	TRIBECA CENTRAL	TRIANON	O4	72261	13F NOTICE	028-24309			N	
0001104659-25-115787	30-SEP-2025	N							Peak XV Partners Management V Ltd	6TH FLOOR, TWO TRIBECA	TRIBECA CENTRAL	TRIANON	O4	72261	13F NOTICE	028-24360			N	
0001104659-25-115781	30-SEP-2025	N							Peak XV Partners Operations LLC	6TH FLOOR, TWO TRIBECA	TRIBECA CENTRAL	TRIANON	O4	72261	13F HOLDINGS REPORT	028-23826	000305299	801-132249	N	
0001597690-25-000007	30-SEP-2025	N							Trust Investment Advisors	8440 WOODFIELD CROSSING, SUITE 100		INDIANAPOLIS	IN	46240	13F HOLDINGS REPORT	028-15777	000309233	801-118875	N	
0001062993-25-016999	30-SEP-2025	N							Broken Clock Management, L.L.C.	530 FIFTH AVENUE, 20TH FLOOR		NEW YORK	NY	10036	13F NOTICE	028-16232			N	
0001420506-25-003479	30-SEP-2025	N							Penn Capital Management Company, LLC	1200 INTREPID AVENUE	SUITE 400	PHILADELPHIA	PA	19112	13F HOLDINGS REPORT	028-11296	000105081	801-31452	N	
0001420506-25-003476	30-SEP-2025	N							Manhattan West Asset Management, LLC	1999 Avenue of the Stars	Suite 2500	Los Angeles	CA	90067	13F HOLDINGS REPORT	028-21912			N	
0001214659-25-017103	31-MAR-2024	N							Greenfield Seitz Capital Management, LLC	1722 ROUTH ST., SUITE 760		DALLAS	TX	75201	13F HOLDINGS REPORT	028-25887			N	
0001214659-25-017104	30-JUN-2024	N							Greenfield Seitz Capital Management, LLC	1722 ROUTH ST., SUITE 760		DALLAS	TX	75201	13F HOLDINGS REPORT	028-25887			N	
0001214659-25-017107	31-MAR-2025	N							Greenfield Seitz Capital Management, LLC	1722 ROUTH ST., SUITE 760		DALLAS	TX	75201	13F HOLDINGS REPORT	028-25888			N	
0001214659-25-017106	31-DEC-2024	N							Greenfield Seitz Capital Management, LLC	1722 ROUTH ST., SUITE 760		DALLAS	TX	75201	13F HOLDINGS REPORT	028-25889			N	
0001214659-25-017102	31-DEC-2023	N							Greenfield Seitz Capital Management, LLC	1722 ROUTH ST., SUITE 760		DALLAS	TX	75201	13F HOLDINGS REPORT	028-25887			N	
0001214659-25-017108	30-JUN-2025	N							Greenfield Seitz Capital Management, LLC	1722 ROUTH ST., SUITE 760		DALLAS	TX	75201	13F HOLDINGS REPORT	028-25887			N	
0001214659-25-017109	30-SEP-2025	N							Greenfield Seitz Capital Management, LLC	1722 ROUTH ST., SUITE 760		DALLAS	TX	75201	13F HOLDINGS REPORT	028-25890			N	
0001214659-25-017105	30-SEP-2024	N							Greenfield Seitz Capital Management, LLC	1722 ROUTH ST., SUITE 760		DALLAS	TX	75201	13F HOLDINGS REPORT	028-25887			N	
0001911491-25-000003	30-SEP-2025	N							TCM Advisors, LLC	484 WILLIAMSPORT PIKE	#127	MARTINSBURG	WV	25404	13F HOLDINGS REPORT	028-22435			N	
0001869032-25-000003	30-SEP-2025	N							Newport Capital Group, LLC	12 BROAD STREET	5TH FLOOR	RED BANK	NJ	07701	13F HOLDINGS REPORT	028-21288	000160009		N	
0001803255-25-000003	30-SEP-2025	N							Petix & Botte Co	7777 ALVARADO ROAD	SUITE 520	LA MESA	CA	91942	13F HOLDINGS REPORT	028-20026			N	
0001104659-25-114981	30-JUN-2025	N							Yorkville Advisors Global, LP	1012 SPRINGFIELD AVE		MOUNTAINSIDE	NJ	07092	13F HOLDINGS REPORT	028-25882	000165390		N	
0001172661-25-005220	30-SEP-2025	N							Nebula Research & Development LLC	437 Madison Avenue	21st Floor	New York	NY	10022	13F HOLDINGS REPORT	028-19771	000305128	801-117316	N	
0001696802-25-000003	30-SEP-2025	N							Forefront Analytics, LLC	ONE TOWER BRIDGE	100 FRONT STREET, SUITE 1111	WEST CONSHOHOCKEN	PA	19428	13F HOLDINGS REPORT	028-18699			N	
0001172661-25-005219	30-SEP-2025	N							Sulzberger Capital Advisors, Inc.	4500 BISCAYNE BOULEVARD	SUITE 205	MIAMI	FL	33137	13F HOLDINGS REPORT	028-25339	000174673		N	
0001908108-25-000002	30-SEP-2025	N							TrueWealth Financial Partners	915 118TH AVE SE	SUITE 140	BELLEVUE	WA	98005	13F HOLDINGS REPORT	028-22009			N	
0001398344-25-021110	30-SEP-2025	N							CAROLINAS WEALTH CONSULTING LLC	5605 CARNEGIE BLVD	SUITE 400	CHARLOTTE	NC	28209	13F HOLDINGS REPORT	028-20139	000300003	801-60158	N	
0001172661-25-005214	30-SEP-2025	N							PCG ASSET MANAGEMENT, LLC	240 Main Street	Building D Suite 200	Gladstone	NJ	07934	13F HOLDINGS REPORT	028-24772	000148208	801-126371	N	
0001172661-25-005212	30-SEP-2025	N							Carrhae Capital (DIFC) Ltd	1606, LEVEL 16	INDEX TOWER, DIFC	DUBAI	C0	00000	13F NOTICE	028-25885	000337385	801-134447	Y	DIFC Limited is a newly registered SEC investment adviser. It received its EDGAR credentials and CIK on 18 November 2025. We are now submitting its initial Form 13F filing after the deadline, as the CIK was issued later than expected
0001104659-25-114459	30-SEP-2025	N							KMT WEALTH MANAGEMENT, LLC	2447 PACIFIC COAST HWY	2ND FLOOR	HERMOSA BEACH	CA	90254	13F HOLDINGS REPORT	028-25419	000328911	801-130902	N	
0001193125-25-288943	30-SEP-2025	N							Tweedy, Browne Co LLC	One Station Place		Stamford	CT	06902	13F HOLDINGS REPORT	028-01222	000006857	801-10669	N	
0001214659-25-016948	30-SEP-2025	N							Center For Asset Management LLC	3399 PGA BOULEVARD	SUITE 320	PALM BEACH GARDENS	FL	33410	13F HOLDINGS REPORT	028-20683			N	
0000950157-25-000957	30-SEP-2025	N							MTCO Ltd.	RUA DR. RENATO PAES DE BARROS, 1.017	15TH FLOOR (PARTE)	SAO PAULO	D5	04530-001	13F HOLDINGS REPORT	028-25884			N	
0001348883-25-000022	30-SEP-2025	N							ClearBridge RARE Investments (North America) Pty Ltd	LEVEL 13	35 CLARENCE STREET	SYDNEY	C3	2000	13F NOTICE	028-25883			Y	ClearBridge RARE Investments (North America) Pty Ltd is now being reported under Other Included Manager on the Form 13Fbeing filed by ClearBridge Investments, LLC.
0001062993-25-016932	30-SEP-2025	N							CARILLON TOWER ADVISERS, INC.	880 CARILLON PARKWAY		ST. PETERSBURG	FL	33716	13F NOTICE	028-18365			N	
0001062993-25-016928	30-SEP-2025	N							CIM INVESTMENT MANAGEMENT INC	436 SEVENTH AVENUE	KOPPERS BUILDING SUITE 2600	PITTSBURGH	PA	15219	13F HOLDINGS REPORT	028-10236			N	
0001172661-25-005206	30-SEP-2025	N							DC Liquid Strategies Adviser, LLC	750 Park Of Commerce Drive Suite 210		Boca Raton	FL	33487	13F NOTICE	028-21231			N	
0001172661-25-005205	30-SEP-2025	N							DCL Adviser, LLC	750 Park of Commerce Drive Suite 210		Boca Raton	FL	33487	13F NOTICE	028-20948			N	
0001172661-25-005204	30-SEP-2025	N							DigitalBridge Liquid Accounts Adviser, LLC	750 Park Of Commerce Drive, Suite 210		Boca Raton	FL	33487	13F NOTICE	028-22035			N	
0001172661-25-005203	30-SEP-2025	N							COLONY CAPITAL INVESTMENT ADVISORS, LLC	750 Park of Commerce Drive	Suite 210	Boca Raton	FL	33487	13F NOTICE	028-21230	000175506	801-96214	N	
0001172661-25-005202	30-SEP-2025	N							DigitalBridge Group, Inc.	750 Park of Commerce Drive	Suite 210	Boca Raton	FL	33487	13F HOLDINGS REPORT	028-19781			N	
0001218254-25-000005	30-SEP-2025	N							BOYAR ASSET MANAGEMENT INC.	32 WEST 39TH STREET FL 9		NEW YORK	NY	10018	13F HOLDINGS REPORT	028-10330			N	
0001426919-25-000002	30-SEP-2025	N							Longview Partners LLP	SAVOYSTRAND	105 STRAND	London	X0	WC2R 0AA	13F NOTICE	028-12890	000139390	801-66273	N	
0000919574-25-007089	30-SEP-2025	N							COWBIRD CAPITAL LP	One World Trade Center	84th Floor	New York	NY	10007	13F HOLDINGS REPORT	028-19016	000289770	801-112446	N	
0001104659-25-113448	30-SEP-2025	N							Yorkville Advisors Global, LP	1012 SPRINGFIELD AVE		Mountainside	NJ	07092	13F HOLDINGS REPORT	028-25882	000165390		N	
0001493152-25-023949	30-SEP-2025	N							MARATHON ASSET MANAGEMENT LP	One Bryant Park	38th Floor	New York	NY	10036	13F HOLDINGS REPORT	028-10682	000124613	801-61792	N	
0001802494-25-000003	30-SEP-2025	N							Stonebridge Financial Planning Group, LLC	203 HILLCREST STREET		ORLANDO	FL	32801	13F HOLDINGS REPORT	028-19783	000154616	801-113696	N	
0001806366-25-000002	30-SEP-2025	N							Westshore Wealth, LLC	4041 MACARTHUR BLVD	STE 160	NEWPORT BEACH	CA	92660	13F HOLDINGS REPORT	028-20213	000283843	801-108664	N	
0001580642-25-007342	30-SEP-2025	N							Mariner Platform Solutions, LLC	5700 W. 112th St.	Ste. 500	Overland Park	KS	66211	13F NOTICE	028-21357			N	
0001398344-25-021019	30-SEP-2025	N							LGT Financial Advisors LLC	2626 HOWELL ST	SUITE 700	DALLAS	TX	75204	13F HOLDINGS REPORT	028-23020	000111575	801-77833	N	
0001172661-25-005200	30-SEP-2025	N							Schneider Downs Wealth Management Advisors, LP	One Ppg Place, Suite 1700		Pittsburgh	PA	15222	13F HOLDINGS REPORT	028-17099	000128591	801-62441	N	
0001172661-25-005198	30-SEP-2025	N							OmniStar Financial Group, Inc.	1712 Eastwood Road	Suite 212	Wilmington	NC	28403	13F HOLDINGS REPORT	028-18682	000138515	801-107868	N	
0001172661-25-005196	30-SEP-2025	N							Sterling Wealth Management, Inc.	301 N. Neil St.	Suite 203	Champaign	IL	61820	13F HOLDINGS REPORT	028-23890	000131304	801-112948	N	
0001905106-25-000085	30-SEP-2025	N							METEORA CAPITAL, LLC	1200 N Federal Hwy	Ste 200	Boca Raton	FL	33432	13F HOLDINGS REPORT	028-22527			N	
0001604488-25-000247	30-SEP-2025	N							First Trust Capital Management L.P.	225 W. WACKER DRIVE	21ST FLOOR	CHICAGO	IL	60606	13F HOLDINGS REPORT	028-17430			N	
0001213900-25-111225	30-SEP-2025	N							OBERWEIS ASSET MANAGEMENT INC/	3333 Warrenville Road	Suite 500	Lisle	IL	60532	13F HOLDINGS REPORT	028-04688	000105471	801-35657	N	
0001104659-25-112875	30-SEP-2025	N							Morningstar Investment Management LLC	22 W WASHINGTON STREET		CHICAGO	IL	60602	13F COMBINATION REPORT	028-17446			N	
0001095952-25-000003	30-SEP-2025	N							BROADMARK ASSET MANAGEMENT LLC	200 CRESCENT COURT	SUITE 1200	DALLAS	TX	75201	13F NOTICE	028-06435	000109422	801-57807	N	
0001213900-25-111211	30-SEP-2025	N							Hancock Prospecting Pty Ltd	PO Locked Bag 2		West Perth	C3	6872	13F HOLDINGS REPORT	028-25125			N	
0001214659-25-016751	30-SEP-2025	N							TCG Crossover Management, LLC	245 LYTTON AVE., SUITE 350		PALO ALTO	CA	94301	13F HOLDINGS REPORT	028-22283			N	
0001172661-25-005153	30-SEP-2025	N							Alyeska Master Fund, L.P.	77 WEST WACKER DRIVE	7TH FLOOR	CHICAGO	IL	60601	13F NOTICE	028-13417			N	
0001214659-25-016753	30-SEP-2025	N							Texas County & District Retirement System	901 MOPAC SOUTH	BARTON OAKS PLAZA IV, STE. 500	AUSTIN	TX	78746-5789	13F HOLDINGS REPORT	028-22732			N	
0001852758-25-000005	30-SEP-2025	N							Founders Fund III Management, LLC	ONE LETTERMAN DRIVE	BUILDING D. 5TH FLOOR	SAN FRANCISCO	CA	94129	13F HOLDINGS REPORT	028-21249			N	
0001104659-25-112747	30-SEP-2025	N							Cooperatieve Rabobank U.A.	Croeselaan 18		Utrecht	P7	3521 CB UT	13F NOTICE	028-14825			N	
0001420506-25-003453	30-SEP-2025	N							PharVision Advisers, LLC	10055 YAMATO ROAD	SUITE 508	BOCA RATON	FL	33498	13F HOLDINGS REPORT	028-25349			N	
0001193125-25-283424	30-SEP-2025	N							Solari Capital Management, LLC	3601 PGA Boulevard	Suite 200	Palm Beach Gardens	FL	33410	13F HOLDINGS REPORT	028-25878			N	
0001420506-25-003457	30-SEP-2025	N							Pine Ridge Advisers LLC	450 LEXINGTON AVENUE	38TH FLOOR	NEW YORK	NY	10017	13F HOLDINGS REPORT	028-21021			N	
0001420506-25-003455	30-SEP-2025	N							Sender Co & Partners, Inc.	401 BROADWAY	SUITE 309	NEW YORK	NY	10013	13F HOLDINGS REPORT	028-22024			N	
0002003074-25-000026	30-SEP-2025	N							SYLEBRA CAPITAL LLC	3000 EL CAMINO REAL BUILDING 5 SUITE 450		PALO ALTO	CA	94306	13F HOLDINGS REPORT	028-23475	000316856	801-123124	N	
0001908423-25-000004	30-SEP-2025	N							Alapocas Investment Partners, Inc.	50 DUNHAM RIDGE	SUITE 3100	BEVERLY	MA	01915	13F HOLDINGS REPORT	028-21615	000300841	801-114902	N	
0001695329-25-000004	30-SEP-2025	N							Founders Fund II Management, LLC	ONE LETTERMAN DRIVE	BUILDING D, 5TH FLOOR	SAN FRANCISCO	CA	94129	13F HOLDINGS REPORT	028-17900			N	
0001013594-25-001442	30-SEP-2025	N							ELLIOTT INTERNATIONAL, L.P.	C/O MAPLES & CALDER, P.O. BOX 309	UGLAND HOUSE, SOUTH CHURCH STREET	GEORGE TOWN	E9	00000	13F NOTICE	028-16332			N	
